ISO-10303-21;
HEADER;
/* Generated by software containing ST-Developer
 * from STEP Tools, Inc. (www.steptools.com) 
 */

FILE_DESCRIPTION(
/* description */ ('KiCad electronic assembly'),
/* implementation_level */ '2;1');

FILE_NAME(
/* name */ 'HackPadv2.step',
/* time_stamp */ '2026-08-02T17:31:00-04:00',
/* author */ (''),
/* organization */ (''),
/* preprocessor_version */ 'ST-DEVELOPER v20.1',
/* originating_system */ 'Autodesk Translation Framework v15.8.0.0',
/* authorisation */ '');

FILE_SCHEMA (('AUTOMOTIVE_DESIGN { 1 0 10303 214 3 1 1 }'));
ENDSEC;

DATA;
#10=MECHANICAL_DESIGN_GEOMETRIC_PRESENTATION_REPRESENTATION('',(#78,#79,
#80,#81,#82),#5986);
#11=ITEM_DEFINED_TRANSFORMATION($,$,#3423,#3756);
#12=ITEM_DEFINED_TRANSFORMATION($,$,#3423,#3757);
#13=ITEM_DEFINED_TRANSFORMATION($,$,#3424,#3758);
#14=ITEM_DEFINED_TRANSFORMATION($,$,#3425,#3759);
#15=ITEM_DEFINED_TRANSFORMATION($,$,#3426,#3760);
#16=ITEM_DEFINED_TRANSFORMATION($,$,#3506,#3761);
#17=ITEM_DEFINED_TRANSFORMATION($,$,#3506,#3762);
#18=ITEM_DEFINED_TRANSFORMATION($,$,#3506,#3763);
#19=ITEM_DEFINED_TRANSFORMATION($,$,#3506,#3764);
#20=(
REPRESENTATION_RELATIONSHIP($,$,#6013,#6012)
REPRESENTATION_RELATIONSHIP_WITH_TRANSFORMATION(#11)
SHAPE_REPRESENTATION_RELATIONSHIP()
);
#21=(
REPRESENTATION_RELATIONSHIP($,$,#6013,#6012)
REPRESENTATION_RELATIONSHIP_WITH_TRANSFORMATION(#12)
SHAPE_REPRESENTATION_RELATIONSHIP()
);
#22=(
REPRESENTATION_RELATIONSHIP($,$,#6014,#6012)
REPRESENTATION_RELATIONSHIP_WITH_TRANSFORMATION(#13)
SHAPE_REPRESENTATION_RELATIONSHIP()
);
#23=(
REPRESENTATION_RELATIONSHIP($,$,#6015,#6012)
REPRESENTATION_RELATIONSHIP_WITH_TRANSFORMATION(#14)
SHAPE_REPRESENTATION_RELATIONSHIP()
);
#24=(
REPRESENTATION_RELATIONSHIP($,$,#6016,#6012)
REPRESENTATION_RELATIONSHIP_WITH_TRANSFORMATION(#15)
SHAPE_REPRESENTATION_RELATIONSHIP()
);
#25=(
REPRESENTATION_RELATIONSHIP($,$,#6017,#6012)
REPRESENTATION_RELATIONSHIP_WITH_TRANSFORMATION(#16)
SHAPE_REPRESENTATION_RELATIONSHIP()
);
#26=(
REPRESENTATION_RELATIONSHIP($,$,#6017,#6012)
REPRESENTATION_RELATIONSHIP_WITH_TRANSFORMATION(#17)
SHAPE_REPRESENTATION_RELATIONSHIP()
);
#27=(
REPRESENTATION_RELATIONSHIP($,$,#6017,#6012)
REPRESENTATION_RELATIONSHIP_WITH_TRANSFORMATION(#18)
SHAPE_REPRESENTATION_RELATIONSHIP()
);
#28=(
REPRESENTATION_RELATIONSHIP($,$,#6017,#6012)
REPRESENTATION_RELATIONSHIP_WITH_TRANSFORMATION(#19)
SHAPE_REPRESENTATION_RELATIONSHIP()
);
#29=CONTEXT_DEPENDENT_SHAPE_REPRESENTATION(#20,#6003);
#30=CONTEXT_DEPENDENT_SHAPE_REPRESENTATION(#21,#6004);
#31=CONTEXT_DEPENDENT_SHAPE_REPRESENTATION(#22,#6005);
#32=CONTEXT_DEPENDENT_SHAPE_REPRESENTATION(#23,#6006);
#33=CONTEXT_DEPENDENT_SHAPE_REPRESENTATION(#24,#6007);
#34=CONTEXT_DEPENDENT_SHAPE_REPRESENTATION(#25,#6008);
#35=CONTEXT_DEPENDENT_SHAPE_REPRESENTATION(#26,#6009);
#36=CONTEXT_DEPENDENT_SHAPE_REPRESENTATION(#27,#6010);
#37=CONTEXT_DEPENDENT_SHAPE_REPRESENTATION(#28,#6011);
#38=NEXT_ASSEMBLY_USAGE_OCCURRENCE('PinHeader_1x06_P2.54mm_Vertical:1',
'PinHeader_1x06_P2.54mm_Vertical:1','PinHeader_1x06_P2.54mm_Vertical:1',
#6019,#6020,'PinHeader_1x06_P2.54mm_Vertical:1');
#39=NEXT_ASSEMBLY_USAGE_OCCURRENCE('PinHeader_1x06_P2.54mm_Vertical:2',
'PinHeader_1x06_P2.54mm_Vertical:2','PinHeader_1x06_P2.54mm_Vertical:2',
#6019,#6020,'PinHeader_1x06_P2.54mm_Vertical:2');
#40=NEXT_ASSEMBLY_USAGE_OCCURRENCE(
'FanPinHeader_1x03_P2.54mm_Vertical:1',
'FanPinHeader_1x03_P2.54mm_Vertical:1',
'FanPinHeader_1x03_P2.54mm_Vertical:1',#6019,#6021,
'FanPinHeader_1x03_P2.54mm_Vertical:1');
#41=NEXT_ASSEMBLY_USAGE_OCCURRENCE('HackPad pt2_PCB:1',
'HackPad pt2_PCB:1','HackPad pt2_PCB:1',#6019,#6022,'HackPad pt2_PCB:1');
#42=NEXT_ASSEMBLY_USAGE_OCCURRENCE('Component4:1','Component4:1',
'Component4:1',#6019,#6023,'Component4:1');
#43=NEXT_ASSEMBLY_USAGE_OCCURRENCE(
'Hexagon Socket Button Head Screw With Collar PN-EN ISO 7380-2 - M3 x 
20 Steel 4.6 Plain v1:1',
'Hexagon Socket Button Head Screw With Collar PN-EN ISO 7380-2 - M3 x 
20 Steel 4.6 Plain v1:1',
'Hexagon Socket Button Head Screw With Collar PN-EN ISO 7380-2 - M3 x 
20 Steel 4.6 Plain v1:1',#6019,#6024,
'Hexagon Socket Button Head Screw With Collar PN-EN ISO 7380-2 - M3 x 
20 Steel 4.6 Plain v1:1');
#44=NEXT_ASSEMBLY_USAGE_OCCURRENCE(
'Hexagon Socket Button Head Screw With Collar PN-EN ISO 7380-2 - M3 x 
20 Steel 4.6 Plain v1:2',
'Hexagon Socket Button Head Screw With Collar PN-EN ISO 7380-2 - M3 x 
20 Steel 4.6 Plain v1:2',
'Hexagon Socket Button Head Screw With Collar PN-EN ISO 7380-2 - M3 x 
20 Steel 4.6 Plain v1:2',#6019,#6024,
'Hexagon Socket Button Head Screw With Collar PN-EN ISO 7380-2 - M3 x 
20 Steel 4.6 Plain v1:2');
#45=NEXT_ASSEMBLY_USAGE_OCCURRENCE(
'Hexagon Socket Button Head Screw With Collar PN-EN ISO 7380-2 - M3 x 
20 Steel 4.6 Plain v1:3',
'Hexagon Socket Button Head Screw With Collar PN-EN ISO 7380-2 - M3 x 
20 Steel 4.6 Plain v1:3',
'Hexagon Socket Button Head Screw With Collar PN-EN ISO 7380-2 - M3 x 
20 Steel 4.6 Plain v1:3',#6019,#6024,
'Hexagon Socket Button Head Screw With Collar PN-EN ISO 7380-2 - M3 x 
20 Steel 4.6 Plain v1:3');
#46=NEXT_ASSEMBLY_USAGE_OCCURRENCE(
'Hexagon Socket Button Head Screw With Collar PN-EN ISO 7380-2 - M3 x 
20 Steel 4.6 Plain v1:4',
'Hexagon Socket Button Head Screw With Collar PN-EN ISO 7380-2 - M3 x 
20 Steel 4.6 Plain v1:4',
'Hexagon Socket Button Head Screw With Collar PN-EN ISO 7380-2 - M3 x 
20 Steel 4.6 Plain v1:4',#6019,#6024,
'Hexagon Socket Button Head Screw With Collar PN-EN ISO 7380-2 - M3 x 
20 Steel 4.6 Plain v1:4');
#47=B_SPLINE_SURFACE_WITH_KNOTS('',3,3,((#5256,#5257,#5258,#5259),(#5260,
#5261,#5262,#5263),(#5264,#5265,#5266,#5267),(#5268,#5269,#5270,#5271)),
 .UNSPECIFIED.,.F.,.F.,.F.,(4,4),(4,4),(0.,1.26506402098256),(-6.27261432812088E-15,
1.),.UNSPECIFIED.);
#48=B_SPLINE_SURFACE_WITH_KNOTS('',3,3,((#5295,#5296,#5297,#5298),(#5299,
#5300,#5301,#5302),(#5303,#5304,#5305,#5306),(#5307,#5308,#5309,#5310)),
 .UNSPECIFIED.,.F.,.F.,.F.,(4,4),(4,4),(-0.263736883005016,1.00000000000004),
(-3.55271689158056E-14,1.),.UNSPECIFIED.);
#49=B_SPLINE_SURFACE_WITH_KNOTS('',3,3,((#5400,#5401,#5402,#5403),(#5404,
#5405,#5406,#5407),(#5408,#5409,#5410,#5411),(#5412,#5413,#5414,#5415)),
 .UNSPECIFIED.,.F.,.F.,.F.,(4,4),(4,4),(0.,1.25153577067771),(-1.28571006010125E-17,
1.),.UNSPECIFIED.);
#50=B_SPLINE_SURFACE_WITH_KNOTS('',3,3,((#5432,#5433,#5434,#5435),(#5436,
#5437,#5438,#5439),(#5440,#5441,#5442,#5443),(#5444,#5445,#5446,#5447)),
 .UNSPECIFIED.,.F.,.F.,.F.,(4,4),(4,4),(-0.251535770675788,1.00000000000001),
(-1.21254078516317E-14,1.),.UNSPECIFIED.);
#51=B_SPLINE_SURFACE_WITH_KNOTS('',3,3,((#5514,#5515,#5516,#5517),(#5518,
#5519,#5520,#5521),(#5522,#5523,#5524,#5525),(#5526,#5527,#5528,#5529)),
 .UNSPECIFIED.,.F.,.F.,.F.,(4,4),(4,4),(0.,1.25153583507632),(-4.33287177952791E-16,
1.),.UNSPECIFIED.);
#52=B_SPLINE_SURFACE_WITH_KNOTS('',3,3,((#5546,#5547,#5548,#5549),(#5550,
#5551,#5552,#5553),(#5554,#5555,#5556,#5557),(#5558,#5559,#5560,#5561)),
 .UNSPECIFIED.,.F.,.F.,.F.,(4,4),(4,4),(-0.251535792784133,1.00000000000002),
(0.,1.00000000000002),.UNSPECIFIED.);
#53=B_SPLINE_SURFACE_WITH_KNOTS('',3,3,((#5601,#5602,#5603,#5604),(#5605,
#5606,#5607,#5608),(#5609,#5610,#5611,#5612),(#5613,#5614,#5615,#5616)),
 .UNSPECIFIED.,.F.,.F.,.F.,(4,4),(4,4),(-0.269208415359764,1.),(-1.24720420796587E-9,
1.00000000000702),.UNSPECIFIED.);
#54=B_SPLINE_CURVE_WITH_KNOTS('',3,(#5200,#5201,#5202,#5203,#5204,#5205,
#5206,#5207,#5208,#5209),.UNSPECIFIED.,.F.,.F.,(4,2,2,2,4),(-0.270950692172292,
-0.254640363127347,-0.14124432624417,-0.0501990236979399,-9.49294770124389E-6),
 .UNSPECIFIED.);
#55=B_SPLINE_CURVE_WITH_KNOTS('',3,(#5216,#5217,#5218,#5219,#5220,#5221,
#5222,#5223,#5224,#5225),.UNSPECIFIED.,.F.,.F.,(4,2,2,2,4),(-0.270956418327946,
-0.25398505744092,-0.14084980657829,-0.0493746234759702,-2.34111767947169E-5),
 .UNSPECIFIED.);
#56=B_SPLINE_CURVE_WITH_KNOTS('',3,(#5275,#5276,#5277,#5278,#5279,#5280,
#5281,#5282,#5283,#5284,#5285,#5286,#5287,#5288,#5289,#5290),
 .UNSPECIFIED.,.F.,.F.,(4,2,2,2,2,2,2,4),(0.00285109480781593,0.0317301067342439,
0.0619749881192728,0.077920951038803,0.0923892672034445,0.116035472661022,
0.141574052370869,0.160146644902467),.UNSPECIFIED.);
#57=B_SPLINE_CURVE_WITH_KNOTS('',3,(#5291,#5292,#5293,#5294),
 .UNSPECIFIED.,.F.,.F.,(4,4),(0.,0.0028706092791048),.UNSPECIFIED.);
#58=B_SPLINE_CURVE_WITH_KNOTS('',3,(#5312,#5313,#5314,#5315),
 .UNSPECIFIED.,.F.,.F.,(4,4),(0.0469480438493618,0.0497420104459532),
 .UNSPECIFIED.);
#59=B_SPLINE_CURVE_WITH_KNOTS('',3,(#5317,#5318,#5319,#5320,#5321,#5322,
#5323,#5324,#5325,#5326,#5327,#5328,#5329,#5330,#5331,#5332),
 .UNSPECIFIED.,.F.,.F.,(4,2,2,2,2,2,2,4),(0.,0.0311069501464001,0.0611439031506603,
0.0770619745559247,0.0915417808461976,0.115281290089331,0.141143082174977,
0.157289507912765),.UNSPECIFIED.);
#60=B_SPLINE_CURVE_WITH_KNOTS('',3,(#5363,#5364,#5365,#5366,#5367,#5368,
#5369,#5370,#5371,#5372),.UNSPECIFIED.,.F.,.F.,(4,2,2,2,4),(-0.267928755518121,
-0.259051153079154,-0.140885300471284,-0.04952984926985,-1.16656031891131E-5),
 .UNSPECIFIED.);
#61=B_SPLINE_CURVE_WITH_KNOTS('',3,(#5379,#5380,#5381,#5382,#5383,#5384,
#5385,#5386,#5387,#5388),.UNSPECIFIED.,.F.,.F.,(4,2,2,2,4),(-0.267928755450339,
-0.259051153009633,-0.140885300449819,-0.0495298492546718,-1.16656049743747E-5),
 .UNSPECIFIED.);
#62=B_SPLINE_CURVE_WITH_KNOTS('',3,(#5418,#5419,#5420,#5421,#5422,#5423,
#5424,#5425,#5426,#5427,#5428,#5429,#5430,#5431),.UNSPECIFIED.,.F.,.F.,
(4,2,2,2,2,2,4),(0.,0.0310161216651641,0.0606311809857097,0.0766731879969575,
0.0915768272860585,0.117717645611369,0.157375712671091),.UNSPECIFIED.);
#63=B_SPLINE_CURVE_WITH_KNOTS('',3,(#5449,#5450,#5451,#5452,#5453,#5454,
#5455,#5456,#5457,#5458,#5459,#5460,#5461,#5462),.UNSPECIFIED.,.F.,.F.,
(4,2,2,2,2,2,4),(0.,0.0310161216367904,0.0606311809615348,0.0766731879778851,
0.0915768272718206,0.117717645602847,0.157375712622338),.UNSPECIFIED.);
#64=B_SPLINE_CURVE_WITH_KNOTS('',3,(#5479,#5480,#5481,#5482,#5483,#5484,
#5485,#5486,#5487,#5488),.UNSPECIFIED.,.F.,.F.,(4,2,2,2,4),(-0.26792854811247,
-0.259051043074229,-0.14088517441289,-0.049529956140459,-1.14592526627665E-5),
 .UNSPECIFIED.);
#65=B_SPLINE_CURVE_WITH_KNOTS('',3,(#5492,#5493,#5494,#5495,#5496,#5497,
#5498,#5499,#5500,#5501),.UNSPECIFIED.,.F.,.F.,(4,2,2,2,4),(-0.267935853958087,
-0.259057362657899,-0.140887354744153,-0.0495316655983223,-1.13323697776298E-5),
 .UNSPECIFIED.);
#66=B_SPLINE_CURVE_WITH_KNOTS('',3,(#5532,#5533,#5534,#5535,#5536,#5537,
#5538,#5539,#5540,#5541,#5542,#5543,#5544,#5545),.UNSPECIFIED.,.F.,.F.,
(4,2,2,2,2,2,4),(0.,0.0310161216367551,0.0606311809614032,0.0766731879777043,
0.0915768272715929,0.117717645602537,0.157375712621882),.UNSPECIFIED.);
#67=B_SPLINE_CURVE_WITH_KNOTS('',3,(#5563,#5564,#5565,#5566,#5567,#5568,
#5569,#5570,#5571,#5572,#5573,#5574,#5575,#5576),.UNSPECIFIED.,.F.,.F.,
(4,2,2,2,2,2,4),(0.,0.031019111437924,0.0606337549747892,0.0766752488448349,
0.091578400773314,0.117718643480992,0.157380972305209),.UNSPECIFIED.);
#68=B_SPLINE_CURVE_WITH_KNOTS('',3,(#5591,#5592,#5593,#5594,#5595,#5596,
#5597,#5598,#5599,#5600),.UNSPECIFIED.,.F.,.F.,(4,2,2,2,4),(-0.310886268200198,
-0.29167367638621,-0.203994332552925,-0.100715755528657,-0.0429869618713143),
 .UNSPECIFIED.);
#69=B_SPLINE_CURVE_WITH_KNOTS('',3,(#5617,#5618,#5619,#5620,#5621,#5622,
#5623,#5624,#5625,#5626,#5627,#5628,#5629,#5630),.UNSPECIFIED.,.F.,.F.,
(4,2,2,2,2,2,4),(0.,0.0310161216367906,0.0606311809615302,0.0766731879778853,
0.0915768272718252,0.117717645602854,0.157375712622347),.UNSPECIFIED.);
#70=CONICAL_SURFACE('',#3515,1.3616375,0.831988093683006);
#71=TOROIDAL_SURFACE('',#3507,1.7968,0.3333);
#72=SHAPE_REPRESENTATION_RELATIONSHIP('SRR','None',#6016,#75);
#73=SHAPE_REPRESENTATION_RELATIONSHIP('SRR','None',#6017,#76);
#74=SHAPE_REPRESENTATION_RELATIONSHIP('SRR','None',#6012,#77);
#75=ADVANCED_BREP_SHAPE_REPRESENTATION('',(#83),#5984);
#76=ADVANCED_BREP_SHAPE_REPRESENTATION('',(#84),#5985);
#77=ADVANCED_BREP_SHAPE_REPRESENTATION('',(#85,#86,#87),#5980);
#78=STYLED_ITEM('',(#6046),#83);
#79=STYLED_ITEM('',(#6046),#84);
#80=STYLED_ITEM('',(#6046),#85);
#81=STYLED_ITEM('',(#6046),#86);
#82=STYLED_ITEM('',(#6047),#87);
#83=MANIFOLD_SOLID_BREP('Body1',#3361);
#84=MANIFOLD_SOLID_BREP('Body1',#3362);
#85=MANIFOLD_SOLID_BREP('Body3',#3363);
#86=MANIFOLD_SOLID_BREP('Body9',#3364);
#87=MANIFOLD_SOLID_BREP('Body18',#3365);
#88=SPHERICAL_SURFACE('',#3455,1.2);
#89=SPHERICAL_SURFACE('',#3460,1.2);
#90=SPHERICAL_SURFACE('',#3465,1.2);
#91=SPHERICAL_SURFACE('',#3467,1.2);
#92=SPHERICAL_SURFACE('',#3478,1.2);
#93=SPHERICAL_SURFACE('',#3480,1.2);
#94=SPHERICAL_SURFACE('',#3493,1.2);
#95=SPHERICAL_SURFACE('',#3500,1.2);
#96=SPHERICAL_SURFACE('',#3536,3.40163136070427);
#97=SPHERICAL_SURFACE('',#3612,0.999999999999996);
#98=SPHERICAL_SURFACE('',#3615,0.999999999999996);
#99=SPHERICAL_SURFACE('',#3619,1.);
#100=SPHERICAL_SURFACE('',#3622,0.999999999999996);
#101=SPHERICAL_SURFACE('',#3626,1.);
#102=SPHERICAL_SURFACE('',#3630,1.00000000000001);
#103=SPHERICAL_SURFACE('',#3633,1.);
#104=SPHERICAL_SURFACE('',#3636,1.00000000000001);
#105=SPHERICAL_SURFACE('',#3705,1.2);
#106=SPHERICAL_SURFACE('',#3710,1.2);
#107=SPHERICAL_SURFACE('',#3715,1.2);
#108=SPHERICAL_SURFACE('',#3717,1.2);
#109=SPHERICAL_SURFACE('',#3728,1.2);
#110=SPHERICAL_SURFACE('',#3730,1.2);
#111=SPHERICAL_SURFACE('',#3743,1.2);
#112=SPHERICAL_SURFACE('',#3750,1.2);
#113=CYLINDRICAL_SURFACE('',#3449,1.2);
#114=CYLINDRICAL_SURFACE('',#3452,1.2);
#115=CYLINDRICAL_SURFACE('',#3457,1.2);
#116=CYLINDRICAL_SURFACE('',#3462,1.2);
#117=CYLINDRICAL_SURFACE('',#3469,1.2);
#118=CYLINDRICAL_SURFACE('',#3472,1.2);
#119=CYLINDRICAL_SURFACE('',#3475,1.2);
#120=CYLINDRICAL_SURFACE('',#3482,1.2);
#121=CYLINDRICAL_SURFACE('',#3489,1.2);
#122=CYLINDRICAL_SURFACE('',#3491,1.2);
#123=CYLINDRICAL_SURFACE('',#3496,1.2);
#124=CYLINDRICAL_SURFACE('',#3498,1.2);
#125=CYLINDRICAL_SURFACE('',#3501,0.9377);
#126=CYLINDRICAL_SURFACE('',#3502,0.9377);
#127=CYLINDRICAL_SURFACE('',#3503,0.9377);
#128=CYLINDRICAL_SURFACE('',#3504,0.9377);
#129=CYLINDRICAL_SURFACE('',#3513,1.4635);
#130=CYLINDRICAL_SURFACE('',#3532,3.44999999999993);
#131=CYLINDRICAL_SURFACE('',#3557,0.9377);
#132=CYLINDRICAL_SURFACE('',#3564,3.);
#133=CYLINDRICAL_SURFACE('',#3578,1.);
#134=CYLINDRICAL_SURFACE('',#3580,1.);
#135=CYLINDRICAL_SURFACE('',#3582,3.);
#136=CYLINDRICAL_SURFACE('',#3590,1.);
#137=CYLINDRICAL_SURFACE('',#3592,3.);
#138=CYLINDRICAL_SURFACE('',#3599,1.);
#139=CYLINDRICAL_SURFACE('',#3601,1.);
#140=CYLINDRICAL_SURFACE('',#3603,3.);
#141=CYLINDRICAL_SURFACE('',#3604,1.);
#142=CYLINDRICAL_SURFACE('',#3629,1.);
#143=CYLINDRICAL_SURFACE('',#3639,1.);
#144=CYLINDRICAL_SURFACE('',#3640,1.);
#145=CYLINDRICAL_SURFACE('',#3641,1.);
#146=CYLINDRICAL_SURFACE('',#3642,1.);
#147=CYLINDRICAL_SURFACE('',#3643,1.);
#148=CYLINDRICAL_SURFACE('',#3644,1.);
#149=CYLINDRICAL_SURFACE('',#3645,1.);
#150=CYLINDRICAL_SURFACE('',#3646,1.);
#151=CYLINDRICAL_SURFACE('',#3674,2.4377);
#152=CYLINDRICAL_SURFACE('',#3676,2.4377);
#153=CYLINDRICAL_SURFACE('',#3677,1.);
#154=CYLINDRICAL_SURFACE('',#3678,0.73555);
#155=CYLINDRICAL_SURFACE('',#3679,0.73555);
#156=CYLINDRICAL_SURFACE('',#3680,0.73555);
#157=CYLINDRICAL_SURFACE('',#3681,0.73555);
#158=CYLINDRICAL_SURFACE('',#3682,2.4377);
#159=CYLINDRICAL_SURFACE('',#3686,2.4377);
#160=CYLINDRICAL_SURFACE('',#3687,2.4377);
#161=CYLINDRICAL_SURFACE('',#3699,1.2);
#162=CYLINDRICAL_SURFACE('',#3702,1.2);
#163=CYLINDRICAL_SURFACE('',#3707,1.2);
#164=CYLINDRICAL_SURFACE('',#3712,1.2);
#165=CYLINDRICAL_SURFACE('',#3719,1.2);
#166=CYLINDRICAL_SURFACE('',#3722,1.2);
#167=CYLINDRICAL_SURFACE('',#3725,1.2);
#168=CYLINDRICAL_SURFACE('',#3732,1.2);
#169=CYLINDRICAL_SURFACE('',#3739,1.2);
#170=CYLINDRICAL_SURFACE('',#3741,1.2);
#171=CYLINDRICAL_SURFACE('',#3746,1.2);
#172=CYLINDRICAL_SURFACE('',#3748,1.2);
#173=CYLINDRICAL_SURFACE('',#3751,0.9377);
#174=CYLINDRICAL_SURFACE('',#3752,0.9377);
#175=CYLINDRICAL_SURFACE('',#3753,0.9377);
#176=CYLINDRICAL_SURFACE('',#3754,0.9377);
#177=CIRCLE('',#3445,0.9377);
#178=CIRCLE('',#3446,0.9377);
#179=CIRCLE('',#3447,0.9377);
#180=CIRCLE('',#3448,0.9377);
#181=CIRCLE('',#3450,1.2);
#182=CIRCLE('',#3451,1.20000000000001);
#183=CIRCLE('',#3453,1.2);
#184=CIRCLE('',#3454,1.20000000000001);
#185=CIRCLE('',#3456,1.20000000000002);
#186=CIRCLE('',#3458,1.2);
#187=CIRCLE('',#3459,1.2);
#188=CIRCLE('',#3461,1.19999999999999);
#189=CIRCLE('',#3463,1.2);
#190=CIRCLE('',#3464,1.19999999999999);
#191=CIRCLE('',#3466,1.2);
#192=CIRCLE('',#3468,1.19999999999999);
#193=CIRCLE('',#3470,1.2);
#194=CIRCLE('',#3473,1.19999999999999);
#195=CIRCLE('',#3476,1.2);
#196=CIRCLE('',#3477,1.2);
#197=CIRCLE('',#3479,1.2);
#198=CIRCLE('',#3481,1.19999999999999);
#199=CIRCLE('',#3483,1.2);
#200=CIRCLE('',#3485,0.9377);
#201=CIRCLE('',#3486,0.9377);
#202=CIRCLE('',#3487,0.9377);
#203=CIRCLE('',#3488,0.9377);
#204=CIRCLE('',#3490,1.19999999999999);
#205=CIRCLE('',#3492,1.20000000000001);
#206=CIRCLE('',#3494,1.2);
#207=CIRCLE('',#3497,1.2);
#208=CIRCLE('',#3499,1.20000000000001);
#209=CIRCLE('',#3508,1.7968);
#210=CIRCLE('',#3509,0.3333);
#211=CIRCLE('',#3510,1.4635);
#212=CIRCLE('',#3512,3.44999999999993);
#213=CIRCLE('',#3514,1.4635);
#214=CIRCLE('',#3516,1.193275);
#215=CIRCLE('',#3530,3.44999999999993);
#216=CIRCLE('',#3531,2.59999999999994);
#217=CIRCLE('',#3535,1.29999999999993);
#218=CIRCLE('',#3537,3.40163136070427);
#219=CIRCLE('',#3551,0.9377);
#220=CIRCLE('',#3558,0.9377);
#221=CIRCLE('',#3565,3.);
#222=CIRCLE('',#3566,3.);
#223=CIRCLE('',#3567,3.);
#224=CIRCLE('',#3568,3.);
#225=CIRCLE('',#3570,3.);
#226=CIRCLE('',#3573,1.);
#227=CIRCLE('',#3574,3.);
#228=CIRCLE('',#3575,3.);
#229=CIRCLE('',#3579,1.00000000000001);
#230=CIRCLE('',#3581,0.999999999999996);
#231=CIRCLE('',#3583,3.);
#232=CIRCLE('',#3584,3.);
#233=CIRCLE('',#3585,3.);
#234=CIRCLE('',#3586,3.);
#235=CIRCLE('',#3591,1.00000000000001);
#236=CIRCLE('',#3593,3.);
#237=CIRCLE('',#3594,3.);
#238=CIRCLE('',#3595,3.);
#239=CIRCLE('',#3598,3.);
#240=CIRCLE('',#3600,0.999999999999996);
#241=CIRCLE('',#3602,0.999999999999996);
#242=CIRCLE('',#3605,1.00000000000001);
#243=CIRCLE('',#3613,0.999999999999996);
#244=CIRCLE('',#3614,1.);
#245=CIRCLE('',#3616,0.999999999999996);
#246=CIRCLE('',#3617,0.999999999999996);
#247=CIRCLE('',#3618,1.);
#248=CIRCLE('',#3620,1.);
#249=CIRCLE('',#3621,0.999999999999979);
#250=CIRCLE('',#3623,1.00000000000001);
#251=CIRCLE('',#3624,0.999999999999996);
#252=CIRCLE('',#3625,1.);
#253=CIRCLE('',#3627,1.);
#254=CIRCLE('',#3628,0.999999999999996);
#255=CIRCLE('',#3631,0.999999999999996);
#256=CIRCLE('',#3632,1.);
#257=CIRCLE('',#3634,1.);
#258=CIRCLE('',#3635,0.999999999999996);
#259=CIRCLE('',#3637,1.);
#260=CIRCLE('',#3638,1.00000000000001);
#261=CIRCLE('',#3648,0.73555);
#262=CIRCLE('',#3649,0.73555);
#263=CIRCLE('',#3650,0.73555);
#264=CIRCLE('',#3651,0.73555);
#265=CIRCLE('',#3653,0.73555);
#266=CIRCLE('',#3654,0.73555);
#267=CIRCLE('',#3655,0.73555);
#268=CIRCLE('',#3656,0.73555);
#269=CIRCLE('',#3657,2.4377);
#270=CIRCLE('',#3658,2.4377);
#271=CIRCLE('',#3659,2.4377);
#272=CIRCLE('',#3660,2.4377);
#273=CIRCLE('',#3661,2.4377);
#274=CIRCLE('',#3663,2.4377);
#275=CIRCLE('',#3665,2.4377);
#276=CIRCLE('',#3666,2.4377);
#277=CIRCLE('',#3667,2.4377);
#278=CIRCLE('',#3668,2.4377);
#279=CIRCLE('',#3695,0.9377);
#280=CIRCLE('',#3696,0.9377);
#281=CIRCLE('',#3697,0.9377);
#282=CIRCLE('',#3698,0.9377);
#283=CIRCLE('',#3700,1.2);
#284=CIRCLE('',#3701,1.20000000000001);
#285=CIRCLE('',#3703,1.2);
#286=CIRCLE('',#3704,1.20000000000001);
#287=CIRCLE('',#3706,1.20000000000002);
#288=CIRCLE('',#3708,1.2);
#289=CIRCLE('',#3709,1.2);
#290=CIRCLE('',#3711,1.19999999999999);
#291=CIRCLE('',#3713,1.2);
#292=CIRCLE('',#3714,1.19999999999999);
#293=CIRCLE('',#3716,1.2);
#294=CIRCLE('',#3718,1.19999999999999);
#295=CIRCLE('',#3720,1.2);
#296=CIRCLE('',#3723,1.19999999999999);
#297=CIRCLE('',#3726,1.2);
#298=CIRCLE('',#3727,1.2);
#299=CIRCLE('',#3729,1.2);
#300=CIRCLE('',#3731,1.19999999999999);
#301=CIRCLE('',#3733,1.2);
#302=CIRCLE('',#3735,0.9377);
#303=CIRCLE('',#3736,0.9377);
#304=CIRCLE('',#3737,0.9377);
#305=CIRCLE('',#3738,0.9377);
#306=CIRCLE('',#3740,1.19999999999999);
#307=CIRCLE('',#3742,1.20000000000001);
#308=CIRCLE('',#3744,1.2);
#309=CIRCLE('',#3747,1.2);
#310=CIRCLE('',#3749,1.20000000000001);
#311=FACE_BOUND('',#573,.T.);
#312=FACE_BOUND('',#574,.T.);
#313=FACE_BOUND('',#575,.T.);
#314=FACE_BOUND('',#576,.T.);
#315=FACE_BOUND('',#577,.T.);
#316=FACE_BOUND('',#578,.T.);
#317=FACE_BOUND('',#579,.T.);
#318=FACE_BOUND('',#597,.T.);
#319=FACE_BOUND('',#598,.T.);
#320=FACE_BOUND('',#599,.T.);
#321=FACE_BOUND('',#600,.T.);
#322=FACE_BOUND('',#601,.T.);
#323=FACE_BOUND('',#602,.T.);
#324=FACE_BOUND('',#603,.T.);
#325=FACE_BOUND('',#604,.T.);
#326=FACE_BOUND('',#619,.T.);
#327=FACE_BOUND('',#635,.T.);
#328=FACE_BOUND('',#639,.T.);
#329=FACE_BOUND('',#654,.T.);
#330=FACE_BOUND('',#655,.T.);
#331=FACE_BOUND('',#656,.T.);
#332=FACE_BOUND('',#664,.T.);
#333=FACE_BOUND('',#665,.T.);
#334=FACE_BOUND('',#666,.T.);
#335=FACE_BOUND('',#667,.T.);
#336=FACE_BOUND('',#723,.T.);
#337=FACE_BOUND('',#724,.T.);
#338=FACE_BOUND('',#725,.T.);
#339=FACE_BOUND('',#726,.T.);
#340=FACE_BOUND('',#728,.T.);
#341=FACE_BOUND('',#729,.T.);
#342=FACE_BOUND('',#730,.T.);
#343=FACE_BOUND('',#731,.T.);
#344=FACE_BOUND('',#732,.T.);
#345=FACE_BOUND('',#733,.T.);
#346=FACE_BOUND('',#762,.T.);
#347=FACE_BOUND('',#763,.T.);
#348=FACE_BOUND('',#764,.T.);
#349=FACE_BOUND('',#765,.T.);
#350=FACE_BOUND('',#783,.T.);
#351=FACE_BOUND('',#784,.T.);
#352=FACE_BOUND('',#785,.T.);
#353=FACE_BOUND('',#786,.T.);
#354=FACE_OUTER_BOUND('',#555,.T.);
#355=FACE_OUTER_BOUND('',#556,.T.);
#356=FACE_OUTER_BOUND('',#557,.T.);
#357=FACE_OUTER_BOUND('',#558,.T.);
#358=FACE_OUTER_BOUND('',#559,.T.);
#359=FACE_OUTER_BOUND('',#560,.T.);
#360=FACE_OUTER_BOUND('',#561,.T.);
#361=FACE_OUTER_BOUND('',#562,.T.);
#362=FACE_OUTER_BOUND('',#563,.T.);
#363=FACE_OUTER_BOUND('',#564,.T.);
#364=FACE_OUTER_BOUND('',#565,.T.);
#365=FACE_OUTER_BOUND('',#566,.T.);
#366=FACE_OUTER_BOUND('',#567,.T.);
#367=FACE_OUTER_BOUND('',#568,.T.);
#368=FACE_OUTER_BOUND('',#569,.T.);
#369=FACE_OUTER_BOUND('',#570,.T.);
#370=FACE_OUTER_BOUND('',#571,.T.);
#371=FACE_OUTER_BOUND('',#572,.T.);
#372=FACE_OUTER_BOUND('',#580,.T.);
#373=FACE_OUTER_BOUND('',#581,.T.);
#374=FACE_OUTER_BOUND('',#582,.T.);
#375=FACE_OUTER_BOUND('',#583,.T.);
#376=FACE_OUTER_BOUND('',#584,.T.);
#377=FACE_OUTER_BOUND('',#585,.T.);
#378=FACE_OUTER_BOUND('',#586,.T.);
#379=FACE_OUTER_BOUND('',#587,.T.);
#380=FACE_OUTER_BOUND('',#588,.T.);
#381=FACE_OUTER_BOUND('',#589,.T.);
#382=FACE_OUTER_BOUND('',#590,.T.);
#383=FACE_OUTER_BOUND('',#591,.T.);
#384=FACE_OUTER_BOUND('',#592,.T.);
#385=FACE_OUTER_BOUND('',#593,.T.);
#386=FACE_OUTER_BOUND('',#594,.T.);
#387=FACE_OUTER_BOUND('',#595,.T.);
#388=FACE_OUTER_BOUND('',#596,.T.);
#389=FACE_OUTER_BOUND('',#605,.T.);
#390=FACE_OUTER_BOUND('',#606,.T.);
#391=FACE_OUTER_BOUND('',#607,.T.);
#392=FACE_OUTER_BOUND('',#608,.T.);
#393=FACE_OUTER_BOUND('',#609,.T.);
#394=FACE_OUTER_BOUND('',#610,.T.);
#395=FACE_OUTER_BOUND('',#611,.T.);
#396=FACE_OUTER_BOUND('',#612,.T.);
#397=FACE_OUTER_BOUND('',#613,.T.);
#398=FACE_OUTER_BOUND('',#614,.T.);
#399=FACE_OUTER_BOUND('',#615,.T.);
#400=FACE_OUTER_BOUND('',#616,.T.);
#401=FACE_OUTER_BOUND('',#617,.T.);
#402=FACE_OUTER_BOUND('',#618,.T.);
#403=FACE_OUTER_BOUND('',#620,.T.);
#404=FACE_OUTER_BOUND('',#621,.T.);
#405=FACE_OUTER_BOUND('',#622,.T.);
#406=FACE_OUTER_BOUND('',#623,.T.);
#407=FACE_OUTER_BOUND('',#624,.T.);
#408=FACE_OUTER_BOUND('',#625,.T.);
#409=FACE_OUTER_BOUND('',#626,.T.);
#410=FACE_OUTER_BOUND('',#627,.T.);
#411=FACE_OUTER_BOUND('',#628,.T.);
#412=FACE_OUTER_BOUND('',#629,.T.);
#413=FACE_OUTER_BOUND('',#630,.T.);
#414=FACE_OUTER_BOUND('',#631,.T.);
#415=FACE_OUTER_BOUND('',#632,.T.);
#416=FACE_OUTER_BOUND('',#633,.T.);
#417=FACE_OUTER_BOUND('',#634,.T.);
#418=FACE_OUTER_BOUND('',#636,.T.);
#419=FACE_OUTER_BOUND('',#637,.T.);
#420=FACE_OUTER_BOUND('',#638,.T.);
#421=FACE_OUTER_BOUND('',#640,.T.);
#422=FACE_OUTER_BOUND('',#641,.T.);
#423=FACE_OUTER_BOUND('',#642,.T.);
#424=FACE_OUTER_BOUND('',#643,.T.);
#425=FACE_OUTER_BOUND('',#644,.T.);
#426=FACE_OUTER_BOUND('',#645,.T.);
#427=FACE_OUTER_BOUND('',#646,.T.);
#428=FACE_OUTER_BOUND('',#647,.T.);
#429=FACE_OUTER_BOUND('',#648,.T.);
#430=FACE_OUTER_BOUND('',#649,.T.);
#431=FACE_OUTER_BOUND('',#650,.T.);
#432=FACE_OUTER_BOUND('',#651,.T.);
#433=FACE_OUTER_BOUND('',#652,.T.);
#434=FACE_OUTER_BOUND('',#653,.T.);
#435=FACE_OUTER_BOUND('',#657,.T.);
#436=FACE_OUTER_BOUND('',#658,.T.);
#437=FACE_OUTER_BOUND('',#659,.T.);
#438=FACE_OUTER_BOUND('',#660,.T.);
#439=FACE_OUTER_BOUND('',#661,.T.);
#440=FACE_OUTER_BOUND('',#662,.T.);
#441=FACE_OUTER_BOUND('',#663,.T.);
#442=FACE_OUTER_BOUND('',#668,.T.);
#443=FACE_OUTER_BOUND('',#669,.T.);
#444=FACE_OUTER_BOUND('',#670,.T.);
#445=FACE_OUTER_BOUND('',#671,.T.);
#446=FACE_OUTER_BOUND('',#672,.T.);
#447=FACE_OUTER_BOUND('',#673,.T.);
#448=FACE_OUTER_BOUND('',#674,.T.);
#449=FACE_OUTER_BOUND('',#675,.T.);
#450=FACE_OUTER_BOUND('',#676,.T.);
#451=FACE_OUTER_BOUND('',#677,.T.);
#452=FACE_OUTER_BOUND('',#678,.T.);
#453=FACE_OUTER_BOUND('',#679,.T.);
#454=FACE_OUTER_BOUND('',#680,.T.);
#455=FACE_OUTER_BOUND('',#681,.T.);
#456=FACE_OUTER_BOUND('',#682,.T.);
#457=FACE_OUTER_BOUND('',#683,.T.);
#458=FACE_OUTER_BOUND('',#684,.T.);
#459=FACE_OUTER_BOUND('',#685,.T.);
#460=FACE_OUTER_BOUND('',#686,.T.);
#461=FACE_OUTER_BOUND('',#687,.T.);
#462=FACE_OUTER_BOUND('',#688,.T.);
#463=FACE_OUTER_BOUND('',#689,.T.);
#464=FACE_OUTER_BOUND('',#690,.T.);
#465=FACE_OUTER_BOUND('',#691,.T.);
#466=FACE_OUTER_BOUND('',#692,.T.);
#467=FACE_OUTER_BOUND('',#693,.T.);
#468=FACE_OUTER_BOUND('',#694,.T.);
#469=FACE_OUTER_BOUND('',#695,.T.);
#470=FACE_OUTER_BOUND('',#696,.T.);
#471=FACE_OUTER_BOUND('',#697,.T.);
#472=FACE_OUTER_BOUND('',#698,.T.);
#473=FACE_OUTER_BOUND('',#699,.T.);
#474=FACE_OUTER_BOUND('',#700,.T.);
#475=FACE_OUTER_BOUND('',#701,.T.);
#476=FACE_OUTER_BOUND('',#702,.T.);
#477=FACE_OUTER_BOUND('',#703,.T.);
#478=FACE_OUTER_BOUND('',#704,.T.);
#479=FACE_OUTER_BOUND('',#705,.T.);
#480=FACE_OUTER_BOUND('',#706,.T.);
#481=FACE_OUTER_BOUND('',#707,.T.);
#482=FACE_OUTER_BOUND('',#708,.T.);
#483=FACE_OUTER_BOUND('',#709,.T.);
#484=FACE_OUTER_BOUND('',#710,.T.);
#485=FACE_OUTER_BOUND('',#711,.T.);
#486=FACE_OUTER_BOUND('',#712,.T.);
#487=FACE_OUTER_BOUND('',#713,.T.);
#488=FACE_OUTER_BOUND('',#714,.T.);
#489=FACE_OUTER_BOUND('',#715,.T.);
#490=FACE_OUTER_BOUND('',#716,.T.);
#491=FACE_OUTER_BOUND('',#717,.T.);
#492=FACE_OUTER_BOUND('',#718,.T.);
#493=FACE_OUTER_BOUND('',#719,.T.);
#494=FACE_OUTER_BOUND('',#720,.T.);
#495=FACE_OUTER_BOUND('',#721,.T.);
#496=FACE_OUTER_BOUND('',#722,.T.);
#497=FACE_OUTER_BOUND('',#727,.T.);
#498=FACE_OUTER_BOUND('',#734,.T.);
#499=FACE_OUTER_BOUND('',#735,.T.);
#500=FACE_OUTER_BOUND('',#736,.T.);
#501=FACE_OUTER_BOUND('',#737,.T.);
#502=FACE_OUTER_BOUND('',#738,.T.);
#503=FACE_OUTER_BOUND('',#739,.T.);
#504=FACE_OUTER_BOUND('',#740,.T.);
#505=FACE_OUTER_BOUND('',#741,.T.);
#506=FACE_OUTER_BOUND('',#742,.T.);
#507=FACE_OUTER_BOUND('',#743,.T.);
#508=FACE_OUTER_BOUND('',#744,.T.);
#509=FACE_OUTER_BOUND('',#745,.T.);
#510=FACE_OUTER_BOUND('',#746,.T.);
#511=FACE_OUTER_BOUND('',#747,.T.);
#512=FACE_OUTER_BOUND('',#748,.T.);
#513=FACE_OUTER_BOUND('',#749,.T.);
#514=FACE_OUTER_BOUND('',#750,.T.);
#515=FACE_OUTER_BOUND('',#751,.T.);
#516=FACE_OUTER_BOUND('',#752,.T.);
#517=FACE_OUTER_BOUND('',#753,.T.);
#518=FACE_OUTER_BOUND('',#754,.T.);
#519=FACE_OUTER_BOUND('',#755,.T.);
#520=FACE_OUTER_BOUND('',#756,.T.);
#521=FACE_OUTER_BOUND('',#757,.T.);
#522=FACE_OUTER_BOUND('',#758,.T.);
#523=FACE_OUTER_BOUND('',#759,.T.);
#524=FACE_OUTER_BOUND('',#760,.T.);
#525=FACE_OUTER_BOUND('',#761,.T.);
#526=FACE_OUTER_BOUND('',#766,.T.);
#527=FACE_OUTER_BOUND('',#767,.T.);
#528=FACE_OUTER_BOUND('',#768,.T.);
#529=FACE_OUTER_BOUND('',#769,.T.);
#530=FACE_OUTER_BOUND('',#770,.T.);
#531=FACE_OUTER_BOUND('',#771,.T.);
#532=FACE_OUTER_BOUND('',#772,.T.);
#533=FACE_OUTER_BOUND('',#773,.T.);
#534=FACE_OUTER_BOUND('',#774,.T.);
#535=FACE_OUTER_BOUND('',#775,.T.);
#536=FACE_OUTER_BOUND('',#776,.T.);
#537=FACE_OUTER_BOUND('',#777,.T.);
#538=FACE_OUTER_BOUND('',#778,.T.);
#539=FACE_OUTER_BOUND('',#779,.T.);
#540=FACE_OUTER_BOUND('',#780,.T.);
#541=FACE_OUTER_BOUND('',#781,.T.);
#542=FACE_OUTER_BOUND('',#782,.T.);
#543=FACE_OUTER_BOUND('',#787,.T.);
#544=FACE_OUTER_BOUND('',#788,.T.);
#545=FACE_OUTER_BOUND('',#789,.T.);
#546=FACE_OUTER_BOUND('',#790,.T.);
#547=FACE_OUTER_BOUND('',#791,.T.);
#548=FACE_OUTER_BOUND('',#792,.T.);
#549=FACE_OUTER_BOUND('',#793,.T.);
#550=FACE_OUTER_BOUND('',#794,.T.);
#551=FACE_OUTER_BOUND('',#795,.T.);
#552=FACE_OUTER_BOUND('',#796,.T.);
#553=FACE_OUTER_BOUND('',#797,.T.);
#554=FACE_OUTER_BOUND('',#798,.T.);
#555=EDGE_LOOP('',(#2143,#2144,#2145,#2146));
#556=EDGE_LOOP('',(#2147,#2148,#2149,#2150));
#557=EDGE_LOOP('',(#2151,#2152,#2153,#2154));
#558=EDGE_LOOP('',(#2155,#2156,#2157,#2158));
#559=EDGE_LOOP('',(#2159,#2160,#2161,#2162));
#560=EDGE_LOOP('',(#2163,#2164,#2165,#2166));
#561=EDGE_LOOP('',(#2167,#2168,#2169,#2170));
#562=EDGE_LOOP('',(#2171,#2172,#2173,#2174));
#563=EDGE_LOOP('',(#2175,#2176,#2177,#2178));
#564=EDGE_LOOP('',(#2179,#2180,#2181,#2182));
#565=EDGE_LOOP('',(#2183,#2184,#2185,#2186));
#566=EDGE_LOOP('',(#2187,#2188,#2189,#2190));
#567=EDGE_LOOP('',(#2191,#2192,#2193,#2194));
#568=EDGE_LOOP('',(#2195,#2196,#2197,#2198));
#569=EDGE_LOOP('',(#2199,#2200,#2201,#2202));
#570=EDGE_LOOP('',(#2203,#2204,#2205,#2206));
#571=EDGE_LOOP('',(#2207,#2208,#2209,#2210));
#572=EDGE_LOOP('',(#2211,#2212,#2213,#2214));
#573=EDGE_LOOP('',(#2215,#2216,#2217,#2218));
#574=EDGE_LOOP('',(#2219,#2220,#2221,#2222));
#575=EDGE_LOOP('',(#2223,#2224,#2225,#2226));
#576=EDGE_LOOP('',(#2227));
#577=EDGE_LOOP('',(#2228));
#578=EDGE_LOOP('',(#2229));
#579=EDGE_LOOP('',(#2230));
#580=EDGE_LOOP('',(#2231,#2232,#2233,#2234));
#581=EDGE_LOOP('',(#2235,#2236,#2237,#2238));
#582=EDGE_LOOP('',(#2239,#2240,#2241));
#583=EDGE_LOOP('',(#2242,#2243,#2244,#2245));
#584=EDGE_LOOP('',(#2246,#2247,#2248));
#585=EDGE_LOOP('',(#2249,#2250,#2251,#2252));
#586=EDGE_LOOP('',(#2253,#2254,#2255));
#587=EDGE_LOOP('',(#2256,#2257,#2258));
#588=EDGE_LOOP('',(#2259,#2260,#2261,#2262));
#589=EDGE_LOOP('',(#2263,#2264,#2265,#2266));
#590=EDGE_LOOP('',(#2267,#2268,#2269,#2270));
#591=EDGE_LOOP('',(#2271,#2272,#2273,#2274));
#592=EDGE_LOOP('',(#2275,#2276,#2277,#2278));
#593=EDGE_LOOP('',(#2279,#2280,#2281));
#594=EDGE_LOOP('',(#2282,#2283,#2284));
#595=EDGE_LOOP('',(#2285,#2286,#2287,#2288));
#596=EDGE_LOOP('',(#2289,#2290,#2291,#2292));
#597=EDGE_LOOP('',(#2293,#2294,#2295,#2296));
#598=EDGE_LOOP('',(#2297,#2298,#2299,#2300));
#599=EDGE_LOOP('',(#2301,#2302,#2303,#2304));
#600=EDGE_LOOP('',(#2305,#2306,#2307,#2308));
#601=EDGE_LOOP('',(#2309));
#602=EDGE_LOOP('',(#2310));
#603=EDGE_LOOP('',(#2311));
#604=EDGE_LOOP('',(#2312));
#605=EDGE_LOOP('',(#2313,#2314,#2315,#2316));
#606=EDGE_LOOP('',(#2317,#2318,#2319,#2320));
#607=EDGE_LOOP('',(#2321,#2322,#2323));
#608=EDGE_LOOP('',(#2324,#2325,#2326,#2327));
#609=EDGE_LOOP('',(#2328,#2329,#2330,#2331));
#610=EDGE_LOOP('',(#2332,#2333,#2334,#2335));
#611=EDGE_LOOP('',(#2336,#2337,#2338));
#612=EDGE_LOOP('',(#2339,#2340,#2341,#2342));
#613=EDGE_LOOP('',(#2343,#2344,#2345,#2346));
#614=EDGE_LOOP('',(#2347,#2348,#2349,#2350));
#615=EDGE_LOOP('',(#2351,#2352,#2353,#2354));
#616=EDGE_LOOP('',(#2355,#2356,#2357,#2358));
#617=EDGE_LOOP('',(#2359,#2360,#2361,#2362));
#618=EDGE_LOOP('',(#2363));
#619=EDGE_LOOP('',(#2364));
#620=EDGE_LOOP('',(#2365,#2366,#2367,#2368));
#621=EDGE_LOOP('',(#2369,#2370,#2371,#2372));
#622=EDGE_LOOP('',(#2373,#2374,#2375));
#623=EDGE_LOOP('',(#2376,#2377,#2378));
#624=EDGE_LOOP('',(#2379,#2380,#2381));
#625=EDGE_LOOP('',(#2382,#2383,#2384));
#626=EDGE_LOOP('',(#2385,#2386,#2387));
#627=EDGE_LOOP('',(#2388,#2389,#2390));
#628=EDGE_LOOP('',(#2391,#2392,#2393,#2394));
#629=EDGE_LOOP('',(#2395,#2396,#2397,#2398));
#630=EDGE_LOOP('',(#2399,#2400,#2401,#2402));
#631=EDGE_LOOP('',(#2403,#2404,#2405,#2406));
#632=EDGE_LOOP('',(#2407,#2408,#2409,#2410));
#633=EDGE_LOOP('',(#2411,#2412,#2413,#2414));
#634=EDGE_LOOP('',(#2415));
#635=EDGE_LOOP('',(#2416));
#636=EDGE_LOOP('',(#2417,#2418,#2419,#2420));
#637=EDGE_LOOP('',(#2421));
#638=EDGE_LOOP('',(#2422));
#639=EDGE_LOOP('',(#2423,#2424,#2425,#2426,#2427,#2428));
#640=EDGE_LOOP('',(#2429,#2430,#2431,#2432));
#641=EDGE_LOOP('',(#2433,#2434,#2435,#2436));
#642=EDGE_LOOP('',(#2437,#2438,#2439,#2440));
#643=EDGE_LOOP('',(#2441,#2442,#2443,#2444));
#644=EDGE_LOOP('',(#2445,#2446,#2447,#2448));
#645=EDGE_LOOP('',(#2449,#2450,#2451,#2452));
#646=EDGE_LOOP('',(#2453,#2454,#2455,#2456));
#647=EDGE_LOOP('',(#2457,#2458,#2459,#2460));
#648=EDGE_LOOP('',(#2461,#2462,#2463,#2464));
#649=EDGE_LOOP('',(#2465,#2466,#2467,#2468));
#650=EDGE_LOOP('',(#2469,#2470,#2471,#2472));
#651=EDGE_LOOP('',(#2473,#2474,#2475,#2476));
#652=EDGE_LOOP('',(#2477,#2478,#2479,#2480));
#653=EDGE_LOOP('',(#2481,#2482,#2483,#2484,#2485));
#654=EDGE_LOOP('',(#2486,#2487,#2488,#2489));
#655=EDGE_LOOP('',(#2490,#2491,#2492,#2493));
#656=EDGE_LOOP('',(#2494,#2495,#2496,#2497));
#657=EDGE_LOOP('',(#2498,#2499,#2500,#2501));
#658=EDGE_LOOP('',(#2502,#2503,#2504,#2505));
#659=EDGE_LOOP('',(#2506,#2507,#2508,#2509));
#660=EDGE_LOOP('',(#2510,#2511,#2512,#2513));
#661=EDGE_LOOP('',(#2514,#2515,#2516,#2517));
#662=EDGE_LOOP('',(#2518,#2519,#2520,#2521));
#663=EDGE_LOOP('',(#2522,#2523,#2524,#2525,#2526));
#664=EDGE_LOOP('',(#2527,#2528,#2529,#2530));
#665=EDGE_LOOP('',(#2531,#2532,#2533,#2534));
#666=EDGE_LOOP('',(#2535,#2536,#2537,#2538));
#667=EDGE_LOOP('',(#2539,#2540,#2541,#2542));
#668=EDGE_LOOP('',(#2543,#2544,#2545,#2546));
#669=EDGE_LOOP('',(#2547,#2548,#2549,#2550));
#670=EDGE_LOOP('',(#2551,#2552,#2553,#2554));
#671=EDGE_LOOP('',(#2555,#2556,#2557,#2558));
#672=EDGE_LOOP('',(#2559,#2560,#2561,#2562,#2563,#2564,#2565,#2566));
#673=EDGE_LOOP('',(#2567,#2568,#2569,#2570,#2571,#2572));
#674=EDGE_LOOP('',(#2573,#2574,#2575,#2576));
#675=EDGE_LOOP('',(#2577,#2578,#2579,#2580,#2581,#2582,#2583,#2584,#2585,
#2586));
#676=EDGE_LOOP('',(#2587,#2588,#2589,#2590,#2591));
#677=EDGE_LOOP('',(#2592,#2593,#2594,#2595,#2596));
#678=EDGE_LOOP('',(#2597,#2598,#2599,#2600,#2601));
#679=EDGE_LOOP('',(#2602,#2603,#2604,#2605,#2606));
#680=EDGE_LOOP('',(#2607,#2608,#2609,#2610));
#681=EDGE_LOOP('',(#2611,#2612,#2613,#2614));
#682=EDGE_LOOP('',(#2615,#2616,#2617,#2618,#2619,#2620,#2621,#2622));
#683=EDGE_LOOP('',(#2623,#2624,#2625,#2626,#2627,#2628));
#684=EDGE_LOOP('',(#2629,#2630,#2631,#2632));
#685=EDGE_LOOP('',(#2633,#2634,#2635,#2636,#2637,#2638));
#686=EDGE_LOOP('',(#2639,#2640,#2641,#2642));
#687=EDGE_LOOP('',(#2643,#2644,#2645,#2646));
#688=EDGE_LOOP('',(#2647,#2648,#2649,#2650));
#689=EDGE_LOOP('',(#2651,#2652,#2653,#2654,#2655,#2656,#2657,#2658));
#690=EDGE_LOOP('',(#2659,#2660,#2661,#2662));
#691=EDGE_LOOP('',(#2663,#2664,#2665,#2666,#2667,#2668));
#692=EDGE_LOOP('',(#2669,#2670,#2671,#2672));
#693=EDGE_LOOP('',(#2673,#2674,#2675,#2676));
#694=EDGE_LOOP('',(#2677,#2678,#2679,#2680));
#695=EDGE_LOOP('',(#2681,#2682,#2683,#2684));
#696=EDGE_LOOP('',(#2685,#2686,#2687,#2688,#2689,#2690));
#697=EDGE_LOOP('',(#2691,#2692,#2693,#2694));
#698=EDGE_LOOP('',(#2695,#2696,#2697,#2698));
#699=EDGE_LOOP('',(#2699,#2700,#2701,#2702));
#700=EDGE_LOOP('',(#2703,#2704,#2705,#2706));
#701=EDGE_LOOP('',(#2707,#2708,#2709,#2710));
#702=EDGE_LOOP('',(#2711,#2712,#2713,#2714,#2715,#2716));
#703=EDGE_LOOP('',(#2717,#2718,#2719,#2720));
#704=EDGE_LOOP('',(#2721,#2722,#2723,#2724));
#705=EDGE_LOOP('',(#2725,#2726,#2727));
#706=EDGE_LOOP('',(#2728,#2729,#2730));
#707=EDGE_LOOP('',(#2731,#2732,#2733));
#708=EDGE_LOOP('',(#2734,#2735,#2736));
#709=EDGE_LOOP('',(#2737,#2738,#2739));
#710=EDGE_LOOP('',(#2740,#2741,#2742,#2743));
#711=EDGE_LOOP('',(#2744,#2745,#2746));
#712=EDGE_LOOP('',(#2747,#2748,#2749));
#713=EDGE_LOOP('',(#2750,#2751,#2752));
#714=EDGE_LOOP('',(#2753,#2754,#2755,#2756));
#715=EDGE_LOOP('',(#2757,#2758,#2759,#2760));
#716=EDGE_LOOP('',(#2761,#2762,#2763,#2764));
#717=EDGE_LOOP('',(#2765,#2766,#2767,#2768));
#718=EDGE_LOOP('',(#2769,#2770,#2771,#2772));
#719=EDGE_LOOP('',(#2773,#2774,#2775,#2776));
#720=EDGE_LOOP('',(#2777,#2778,#2779,#2780));
#721=EDGE_LOOP('',(#2781,#2782,#2783,#2784));
#722=EDGE_LOOP('',(#2785,#2786,#2787,#2788));
#723=EDGE_LOOP('',(#2789));
#724=EDGE_LOOP('',(#2790));
#725=EDGE_LOOP('',(#2791));
#726=EDGE_LOOP('',(#2792));
#727=EDGE_LOOP('',(#2793,#2794,#2795,#2796));
#728=EDGE_LOOP('',(#2797));
#729=EDGE_LOOP('',(#2798));
#730=EDGE_LOOP('',(#2799));
#731=EDGE_LOOP('',(#2800));
#732=EDGE_LOOP('',(#2801,#2802,#2803,#2804,#2805,#2806,#2807,#2808,#2809,
#2810));
#733=EDGE_LOOP('',(#2811,#2812,#2813));
#734=EDGE_LOOP('',(#2814,#2815,#2816));
#735=EDGE_LOOP('',(#2817,#2818,#2819,#2820,#2821,#2822,#2823,#2824,#2825,
#2826));
#736=EDGE_LOOP('',(#2827,#2828,#2829,#2830,#2831,#2832));
#737=EDGE_LOOP('',(#2833,#2834,#2835,#2836));
#738=EDGE_LOOP('',(#2837,#2838,#2839,#2840));
#739=EDGE_LOOP('',(#2841,#2842,#2843,#2844));
#740=EDGE_LOOP('',(#2845,#2846,#2847,#2848));
#741=EDGE_LOOP('',(#2849,#2850,#2851,#2852));
#742=EDGE_LOOP('',(#2853,#2854,#2855,#2856));
#743=EDGE_LOOP('',(#2857,#2858,#2859,#2860));
#744=EDGE_LOOP('',(#2861,#2862,#2863,#2864));
#745=EDGE_LOOP('',(#2865,#2866,#2867,#2868));
#746=EDGE_LOOP('',(#2869,#2870,#2871,#2872));
#747=EDGE_LOOP('',(#2873,#2874,#2875,#2876));
#748=EDGE_LOOP('',(#2877,#2878,#2879,#2880));
#749=EDGE_LOOP('',(#2881,#2882,#2883,#2884));
#750=EDGE_LOOP('',(#2885,#2886,#2887,#2888));
#751=EDGE_LOOP('',(#2889,#2890,#2891,#2892));
#752=EDGE_LOOP('',(#2893,#2894,#2895,#2896));
#753=EDGE_LOOP('',(#2897,#2898,#2899,#2900));
#754=EDGE_LOOP('',(#2901,#2902,#2903,#2904));
#755=EDGE_LOOP('',(#2905,#2906,#2907,#2908));
#756=EDGE_LOOP('',(#2909,#2910,#2911,#2912));
#757=EDGE_LOOP('',(#2913,#2914,#2915,#2916));
#758=EDGE_LOOP('',(#2917,#2918,#2919,#2920));
#759=EDGE_LOOP('',(#2921,#2922,#2923,#2924));
#760=EDGE_LOOP('',(#2925,#2926,#2927,#2928));
#761=EDGE_LOOP('',(#2929,#2930,#2931,#2932));
#762=EDGE_LOOP('',(#2933));
#763=EDGE_LOOP('',(#2934,#2935,#2936,#2937,#2938));
#764=EDGE_LOOP('',(#2939));
#765=EDGE_LOOP('',(#2940));
#766=EDGE_LOOP('',(#2941,#2942,#2943,#2944));
#767=EDGE_LOOP('',(#2945,#2946,#2947,#2948));
#768=EDGE_LOOP('',(#2949,#2950,#2951));
#769=EDGE_LOOP('',(#2952,#2953,#2954,#2955));
#770=EDGE_LOOP('',(#2956,#2957,#2958));
#771=EDGE_LOOP('',(#2959,#2960,#2961,#2962));
#772=EDGE_LOOP('',(#2963,#2964,#2965));
#773=EDGE_LOOP('',(#2966,#2967,#2968));
#774=EDGE_LOOP('',(#2969,#2970,#2971,#2972));
#775=EDGE_LOOP('',(#2973,#2974,#2975,#2976));
#776=EDGE_LOOP('',(#2977,#2978,#2979,#2980));
#777=EDGE_LOOP('',(#2981,#2982,#2983,#2984));
#778=EDGE_LOOP('',(#2985,#2986,#2987,#2988));
#779=EDGE_LOOP('',(#2989,#2990,#2991));
#780=EDGE_LOOP('',(#2992,#2993,#2994));
#781=EDGE_LOOP('',(#2995,#2996,#2997,#2998));
#782=EDGE_LOOP('',(#2999,#3000,#3001,#3002));
#783=EDGE_LOOP('',(#3003,#3004,#3005,#3006,#3007));
#784=EDGE_LOOP('',(#3008));
#785=EDGE_LOOP('',(#3009));
#786=EDGE_LOOP('',(#3010));
#787=EDGE_LOOP('',(#3011,#3012,#3013,#3014));
#788=EDGE_LOOP('',(#3015,#3016,#3017,#3018));
#789=EDGE_LOOP('',(#3019,#3020,#3021));
#790=EDGE_LOOP('',(#3022,#3023,#3024,#3025));
#791=EDGE_LOOP('',(#3026,#3027,#3028,#3029));
#792=EDGE_LOOP('',(#3030,#3031,#3032,#3033));
#793=EDGE_LOOP('',(#3034,#3035,#3036));
#794=EDGE_LOOP('',(#3037,#3038,#3039,#3040));
#795=EDGE_LOOP('',(#3041,#3042,#3043,#3044));
#796=EDGE_LOOP('',(#3045,#3046,#3047,#3048));
#797=EDGE_LOOP('',(#3049,#3050,#3051,#3052));
#798=EDGE_LOOP('',(#3053,#3054,#3055,#3056));
#799=LINE('',#4766,#1106);
#800=LINE('',#4768,#1107);
#801=LINE('',#4770,#1108);
#802=LINE('',#4771,#1109);
#803=LINE('',#4774,#1110);
#804=LINE('',#4776,#1111);
#805=LINE('',#4777,#1112);
#806=LINE('',#4780,#1113);
#807=LINE('',#4782,#1114);
#808=LINE('',#4783,#1115);
#809=LINE('',#4785,#1116);
#810=LINE('',#4786,#1117);
#811=LINE('',#4790,#1118);
#812=LINE('',#4792,#1119);
#813=LINE('',#4794,#1120);
#814=LINE('',#4795,#1121);
#815=LINE('',#4798,#1122);
#816=LINE('',#4800,#1123);
#817=LINE('',#4801,#1124);
#818=LINE('',#4804,#1125);
#819=LINE('',#4806,#1126);
#820=LINE('',#4807,#1127);
#821=LINE('',#4809,#1128);
#822=LINE('',#4810,#1129);
#823=LINE('',#4814,#1130);
#824=LINE('',#4816,#1131);
#825=LINE('',#4818,#1132);
#826=LINE('',#4819,#1133);
#827=LINE('',#4822,#1134);
#828=LINE('',#4824,#1135);
#829=LINE('',#4825,#1136);
#830=LINE('',#4828,#1137);
#831=LINE('',#4830,#1138);
#832=LINE('',#4831,#1139);
#833=LINE('',#4833,#1140);
#834=LINE('',#4834,#1141);
#835=LINE('',#4838,#1142);
#836=LINE('',#4840,#1143);
#837=LINE('',#4842,#1144);
#838=LINE('',#4843,#1145);
#839=LINE('',#4847,#1146);
#840=LINE('',#4848,#1147);
#841=LINE('',#4849,#1148);
#842=LINE('',#4852,#1149);
#843=LINE('',#4853,#1150);
#844=LINE('',#4856,#1151);
#845=LINE('',#4857,#1152);
#846=LINE('',#4859,#1153);
#847=LINE('',#4863,#1154);
#848=LINE('',#4865,#1155);
#849=LINE('',#4867,#1156);
#850=LINE('',#4868,#1157);
#851=LINE('',#4881,#1158);
#852=LINE('',#4887,#1159);
#853=LINE('',#4895,#1160);
#854=LINE('',#4903,#1161);
#855=LINE('',#4911,#1162);
#856=LINE('',#4914,#1163);
#857=LINE('',#4917,#1164);
#858=LINE('',#4918,#1165);
#859=LINE('',#4921,#1166);
#860=LINE('',#4925,#1167);
#861=LINE('',#4926,#1168);
#862=LINE('',#4932,#1169);
#863=LINE('',#4939,#1170);
#864=LINE('',#4942,#1171);
#865=LINE('',#4945,#1172);
#866=LINE('',#4946,#1173);
#867=LINE('',#4958,#1174);
#868=LINE('',#4961,#1175);
#869=LINE('',#4966,#1176);
#870=LINE('',#4967,#1177);
#871=LINE('',#4974,#1178);
#872=LINE('',#4976,#1179);
#873=LINE('',#4978,#1180);
#874=LINE('',#4980,#1181);
#875=LINE('',#4995,#1182);
#876=LINE('',#4998,#1183);
#877=LINE('',#5003,#1184);
#878=LINE('',#5005,#1185);
#879=LINE('',#5006,#1186);
#880=LINE('',#5009,#1187);
#881=LINE('',#5010,#1188);
#882=LINE('',#5013,#1189);
#883=LINE('',#5014,#1190);
#884=LINE('',#5017,#1191);
#885=LINE('',#5018,#1192);
#886=LINE('',#5021,#1193);
#887=LINE('',#5022,#1194);
#888=LINE('',#5024,#1195);
#889=LINE('',#5028,#1196);
#890=LINE('',#5029,#1197);
#891=LINE('',#5030,#1198);
#892=LINE('',#5033,#1199);
#893=LINE('',#5034,#1200);
#894=LINE('',#5037,#1201);
#895=LINE('',#5038,#1202);
#896=LINE('',#5041,#1203);
#897=LINE('',#5042,#1204);
#898=LINE('',#5045,#1205);
#899=LINE('',#5046,#1206);
#900=LINE('',#5048,#1207);
#901=LINE('',#5055,#1208);
#902=LINE('',#5065,#1209);
#903=LINE('',#5067,#1210);
#904=LINE('',#5069,#1211);
#905=LINE('',#5070,#1212);
#906=LINE('',#5073,#1213);
#907=LINE('',#5075,#1214);
#908=LINE('',#5076,#1215);
#909=LINE('',#5079,#1216);
#910=LINE('',#5081,#1217);
#911=LINE('',#5082,#1218);
#912=LINE('',#5084,#1219);
#913=LINE('',#5085,#1220);
#914=LINE('',#5089,#1221);
#915=LINE('',#5091,#1222);
#916=LINE('',#5093,#1223);
#917=LINE('',#5094,#1224);
#918=LINE('',#5097,#1225);
#919=LINE('',#5099,#1226);
#920=LINE('',#5100,#1227);
#921=LINE('',#5103,#1228);
#922=LINE('',#5105,#1229);
#923=LINE('',#5106,#1230);
#924=LINE('',#5108,#1231);
#925=LINE('',#5109,#1232);
#926=LINE('',#5113,#1233);
#927=LINE('',#5115,#1234);
#928=LINE('',#5117,#1235);
#929=LINE('',#5118,#1236);
#930=LINE('',#5121,#1237);
#931=LINE('',#5123,#1238);
#932=LINE('',#5124,#1239);
#933=LINE('',#5127,#1240);
#934=LINE('',#5129,#1241);
#935=LINE('',#5130,#1242);
#936=LINE('',#5132,#1243);
#937=LINE('',#5133,#1244);
#938=LINE('',#5137,#1245);
#939=LINE('',#5141,#1246);
#940=LINE('',#5143,#1247);
#941=LINE('',#5144,#1248);
#942=LINE('',#5148,#1249);
#943=LINE('',#5150,#1250);
#944=LINE('',#5152,#1251);
#945=LINE('',#5153,#1252);
#946=LINE('',#5157,#1253);
#947=LINE('',#5158,#1254);
#948=LINE('',#5159,#1255);
#949=LINE('',#5162,#1256);
#950=LINE('',#5163,#1257);
#951=LINE('',#5166,#1258);
#952=LINE('',#5167,#1259);
#953=LINE('',#5169,#1260);
#954=LINE('',#5172,#1261);
#955=LINE('',#5175,#1262);
#956=LINE('',#5178,#1263);
#957=LINE('',#5180,#1264);
#958=LINE('',#5182,#1265);
#959=LINE('',#5183,#1266);
#960=LINE('',#5185,#1267);
#961=LINE('',#5187,#1268);
#962=LINE('',#5188,#1269);
#963=LINE('',#5196,#1270);
#964=LINE('',#5213,#1271);
#965=LINE('',#5228,#1272);
#966=LINE('',#5232,#1273);
#967=LINE('',#5234,#1274);
#968=LINE('',#5235,#1275);
#969=LINE('',#5238,#1276);
#970=LINE('',#5239,#1277);
#971=LINE('',#5242,#1278);
#972=LINE('',#5244,#1279);
#973=LINE('',#5248,#1280);
#974=LINE('',#5250,#1281);
#975=LINE('',#5254,#1282);
#976=LINE('',#5273,#1283);
#977=LINE('',#5333,#1284);
#978=LINE('',#5336,#1285);
#979=LINE('',#5338,#1286);
#980=LINE('',#5339,#1287);
#981=LINE('',#5342,#1288);
#982=LINE('',#5344,#1289);
#983=LINE('',#5345,#1290);
#984=LINE('',#5349,#1291);
#985=LINE('',#5352,#1292);
#986=LINE('',#5359,#1293);
#987=LINE('',#5376,#1294);
#988=LINE('',#5391,#1295);
#989=LINE('',#5392,#1296);
#990=LINE('',#5393,#1297);
#991=LINE('',#5395,#1298);
#992=LINE('',#5398,#1299);
#993=LINE('',#5399,#1300);
#994=LINE('',#5417,#1301);
#995=LINE('',#5463,#1302);
#996=LINE('',#5466,#1303);
#997=LINE('',#5469,#1304);
#998=LINE('',#5475,#1305);
#999=LINE('',#5491,#1306);
#1000=LINE('',#5504,#1307);
#1001=LINE('',#5505,#1308);
#1002=LINE('',#5508,#1309);
#1003=LINE('',#5510,#1310);
#1004=LINE('',#5512,#1311);
#1005=LINE('',#5531,#1312);
#1006=LINE('',#5577,#1313);
#1007=LINE('',#5580,#1314);
#1008=LINE('',#5583,#1315);
#1009=LINE('',#5586,#1316);
#1010=LINE('',#5589,#1317);
#1011=LINE('',#5634,#1318);
#1012=LINE('',#5637,#1319);
#1013=LINE('',#5638,#1320);
#1014=LINE('',#5640,#1321);
#1015=LINE('',#5643,#1322);
#1016=LINE('',#5644,#1323);
#1017=LINE('',#5646,#1324);
#1018=LINE('',#5647,#1325);
#1019=LINE('',#5649,#1326);
#1020=LINE('',#5651,#1327);
#1021=LINE('',#5653,#1328);
#1022=LINE('',#5654,#1329);
#1023=LINE('',#5678,#1330);
#1024=LINE('',#5692,#1331);
#1025=LINE('',#5694,#1332);
#1026=LINE('',#5696,#1333);
#1027=LINE('',#5697,#1334);
#1028=LINE('',#5699,#1335);
#1029=LINE('',#5701,#1336);
#1030=LINE('',#5704,#1337);
#1031=LINE('',#5706,#1338);
#1032=LINE('',#5727,#1339);
#1033=LINE('',#5729,#1340);
#1034=LINE('',#5731,#1341);
#1035=LINE('',#5735,#1342);
#1036=LINE('',#5739,#1343);
#1037=LINE('',#5743,#1344);
#1038=LINE('',#5747,#1345);
#1039=LINE('',#5750,#1346);
#1040=LINE('',#5754,#1347);
#1041=LINE('',#5756,#1348);
#1042=LINE('',#5763,#1349);
#1043=LINE('',#5767,#1350);
#1044=LINE('',#5769,#1351);
#1045=LINE('',#5771,#1352);
#1046=LINE('',#5775,#1353);
#1047=LINE('',#5778,#1354);
#1048=LINE('',#5780,#1355);
#1049=LINE('',#5783,#1356);
#1050=LINE('',#5784,#1357);
#1051=LINE('',#5786,#1358);
#1052=LINE('',#5787,#1359);
#1053=LINE('',#5789,#1360);
#1054=LINE('',#5790,#1361);
#1055=LINE('',#5792,#1362);
#1056=LINE('',#5794,#1363);
#1057=LINE('',#5798,#1364);
#1058=LINE('',#5800,#1365);
#1059=LINE('',#5802,#1366);
#1060=LINE('',#5804,#1367);
#1061=LINE('',#5806,#1368);
#1062=LINE('',#5808,#1369);
#1063=LINE('',#5810,#1370);
#1064=LINE('',#5812,#1371);
#1065=LINE('',#5815,#1372);
#1066=LINE('',#5821,#1373);
#1067=LINE('',#5823,#1374);
#1068=LINE('',#5825,#1375);
#1069=LINE('',#5826,#1376);
#1070=LINE('',#5830,#1377);
#1071=LINE('',#5832,#1378);
#1072=LINE('',#5834,#1379);
#1073=LINE('',#5835,#1380);
#1074=LINE('',#5838,#1381);
#1075=LINE('',#5840,#1382);
#1076=LINE('',#5841,#1383);
#1077=LINE('',#5843,#1384);
#1078=LINE('',#5844,#1385);
#1079=LINE('',#5848,#1386);
#1080=LINE('',#5850,#1387);
#1081=LINE('',#5852,#1388);
#1082=LINE('',#5853,#1389);
#1083=LINE('',#5865,#1390);
#1084=LINE('',#5871,#1391);
#1085=LINE('',#5879,#1392);
#1086=LINE('',#5887,#1393);
#1087=LINE('',#5895,#1394);
#1088=LINE('',#5898,#1395);
#1089=LINE('',#5901,#1396);
#1090=LINE('',#5902,#1397);
#1091=LINE('',#5905,#1398);
#1092=LINE('',#5909,#1399);
#1093=LINE('',#5910,#1400);
#1094=LINE('',#5916,#1401);
#1095=LINE('',#5923,#1402);
#1096=LINE('',#5926,#1403);
#1097=LINE('',#5929,#1404);
#1098=LINE('',#5930,#1405);
#1099=LINE('',#5941,#1406);
#1100=LINE('',#5944,#1407);
#1101=LINE('',#5949,#1408);
#1102=LINE('',#5950,#1409);
#1103=LINE('',#5957,#1410);
#1104=LINE('',#5960,#1411);
#1105=LINE('',#5962,#1412);
#1106=VECTOR('',#3777,10.);
#1107=VECTOR('',#3778,10.);
#1108=VECTOR('',#3779,10.);
#1109=VECTOR('',#3780,10.);
#1110=VECTOR('',#3783,10.);
#1111=VECTOR('',#3784,10.);
#1112=VECTOR('',#3785,10.);
#1113=VECTOR('',#3788,10.);
#1114=VECTOR('',#3789,10.);
#1115=VECTOR('',#3790,10.);
#1116=VECTOR('',#3793,10.);
#1117=VECTOR('',#3794,10.);
#1118=VECTOR('',#3797,10.);
#1119=VECTOR('',#3798,10.);
#1120=VECTOR('',#3799,10.);
#1121=VECTOR('',#3800,10.);
#1122=VECTOR('',#3803,10.);
#1123=VECTOR('',#3804,10.);
#1124=VECTOR('',#3805,10.);
#1125=VECTOR('',#3808,10.);
#1126=VECTOR('',#3809,10.);
#1127=VECTOR('',#3810,10.);
#1128=VECTOR('',#3813,10.);
#1129=VECTOR('',#3814,10.);
#1130=VECTOR('',#3817,10.);
#1131=VECTOR('',#3818,10.);
#1132=VECTOR('',#3819,10.);
#1133=VECTOR('',#3820,10.);
#1134=VECTOR('',#3823,10.);
#1135=VECTOR('',#3824,10.);
#1136=VECTOR('',#3825,10.);
#1137=VECTOR('',#3828,10.);
#1138=VECTOR('',#3829,10.);
#1139=VECTOR('',#3830,10.);
#1140=VECTOR('',#3833,10.);
#1141=VECTOR('',#3834,10.);
#1142=VECTOR('',#3837,10.);
#1143=VECTOR('',#3838,10.);
#1144=VECTOR('',#3839,10.);
#1145=VECTOR('',#3840,10.);
#1146=VECTOR('',#3843,10.);
#1147=VECTOR('',#3844,10.);
#1148=VECTOR('',#3845,10.);
#1149=VECTOR('',#3848,10.);
#1150=VECTOR('',#3849,10.);
#1151=VECTOR('',#3852,10.);
#1152=VECTOR('',#3853,10.);
#1153=VECTOR('',#3856,10.);
#1154=VECTOR('',#3859,10.);
#1155=VECTOR('',#3860,10.);
#1156=VECTOR('',#3861,10.);
#1157=VECTOR('',#3862,10.);
#1158=VECTOR('',#3875,10.);
#1159=VECTOR('',#3882,10.);
#1160=VECTOR('',#3893,10.);
#1161=VECTOR('',#3904,10.);
#1162=VECTOR('',#3917,10.);
#1163=VECTOR('',#3920,10.);
#1164=VECTOR('',#3923,10.);
#1165=VECTOR('',#3924,10.);
#1166=VECTOR('',#3927,10.);
#1167=VECTOR('',#3932,10.);
#1168=VECTOR('',#3933,10.);
#1169=VECTOR('',#3940,10.);
#1170=VECTOR('',#3951,10.);
#1171=VECTOR('',#3954,10.);
#1172=VECTOR('',#3957,10.);
#1173=VECTOR('',#3958,10.);
#1174=VECTOR('',#3973,10.);
#1175=VECTOR('',#3976,10.);
#1176=VECTOR('',#3983,10.);
#1177=VECTOR('',#3984,10.);
#1178=VECTOR('',#3997,1.167);
#1179=VECTOR('',#4000,1.167);
#1180=VECTOR('',#4003,1.167);
#1181=VECTOR('',#4006,1.167);
#1182=VECTOR('',#4027,1.50000000000004);
#1183=VECTOR('',#4030,1.3616375);
#1184=VECTOR('',#4035,10.);
#1185=VECTOR('',#4036,10.);
#1186=VECTOR('',#4037,10.);
#1187=VECTOR('',#4040,10.);
#1188=VECTOR('',#4041,10.);
#1189=VECTOR('',#4044,10.);
#1190=VECTOR('',#4045,10.);
#1191=VECTOR('',#4048,10.);
#1192=VECTOR('',#4049,10.);
#1193=VECTOR('',#4052,10.);
#1194=VECTOR('',#4053,10.);
#1195=VECTOR('',#4056,10.);
#1196=VECTOR('',#4059,10.);
#1197=VECTOR('',#4060,10.);
#1198=VECTOR('',#4061,10.);
#1199=VECTOR('',#4064,10.);
#1200=VECTOR('',#4065,10.);
#1201=VECTOR('',#4068,10.);
#1202=VECTOR('',#4069,10.);
#1203=VECTOR('',#4072,10.);
#1204=VECTOR('',#4073,10.);
#1205=VECTOR('',#4076,10.);
#1206=VECTOR('',#4077,10.);
#1207=VECTOR('',#4080,10.);
#1208=VECTOR('',#4089,3.44999999999993);
#1209=VECTOR('',#4102,10.);
#1210=VECTOR('',#4103,10.);
#1211=VECTOR('',#4104,10.);
#1212=VECTOR('',#4105,10.);
#1213=VECTOR('',#4108,10.);
#1214=VECTOR('',#4109,10.);
#1215=VECTOR('',#4110,10.);
#1216=VECTOR('',#4113,10.);
#1217=VECTOR('',#4114,10.);
#1218=VECTOR('',#4115,10.);
#1219=VECTOR('',#4118,10.);
#1220=VECTOR('',#4119,10.);
#1221=VECTOR('',#4122,10.);
#1222=VECTOR('',#4123,10.);
#1223=VECTOR('',#4124,10.);
#1224=VECTOR('',#4125,10.);
#1225=VECTOR('',#4128,10.);
#1226=VECTOR('',#4129,10.);
#1227=VECTOR('',#4130,10.);
#1228=VECTOR('',#4133,10.);
#1229=VECTOR('',#4134,10.);
#1230=VECTOR('',#4135,10.);
#1231=VECTOR('',#4138,10.);
#1232=VECTOR('',#4139,10.);
#1233=VECTOR('',#4142,10.);
#1234=VECTOR('',#4143,10.);
#1235=VECTOR('',#4144,10.);
#1236=VECTOR('',#4145,10.);
#1237=VECTOR('',#4148,10.);
#1238=VECTOR('',#4149,10.);
#1239=VECTOR('',#4150,10.);
#1240=VECTOR('',#4153,10.);
#1241=VECTOR('',#4154,10.);
#1242=VECTOR('',#4155,10.);
#1243=VECTOR('',#4158,10.);
#1244=VECTOR('',#4159,10.);
#1245=VECTOR('',#4162,10.);
#1246=VECTOR('',#4165,10.);
#1247=VECTOR('',#4166,10.);
#1248=VECTOR('',#4167,10.);
#1249=VECTOR('',#4170,10.);
#1250=VECTOR('',#4171,10.);
#1251=VECTOR('',#4172,10.);
#1252=VECTOR('',#4173,10.);
#1253=VECTOR('',#4176,10.);
#1254=VECTOR('',#4177,10.);
#1255=VECTOR('',#4178,10.);
#1256=VECTOR('',#4181,10.);
#1257=VECTOR('',#4182,10.);
#1258=VECTOR('',#4185,10.);
#1259=VECTOR('',#4186,10.);
#1260=VECTOR('',#4189,10.);
#1261=VECTOR('',#4192,10.);
#1262=VECTOR('',#4195,10.);
#1263=VECTOR('',#4198,10.);
#1264=VECTOR('',#4199,10.);
#1265=VECTOR('',#4200,10.);
#1266=VECTOR('',#4201,10.);
#1267=VECTOR('',#4204,10.);
#1268=VECTOR('',#4207,10.);
#1269=VECTOR('',#4208,10.);
#1270=VECTOR('',#4217,10.);
#1271=VECTOR('',#4222,10.);
#1272=VECTOR('',#4227,10.);
#1273=VECTOR('',#4230,10.);
#1274=VECTOR('',#4231,10.);
#1275=VECTOR('',#4232,10.);
#1276=VECTOR('',#4235,10.);
#1277=VECTOR('',#4236,10.);
#1278=VECTOR('',#4239,10.);
#1279=VECTOR('',#4240,10.);
#1280=VECTOR('',#4243,10.);
#1281=VECTOR('',#4244,10.);
#1282=VECTOR('',#4247,10.);
#1283=VECTOR('',#4250,10.);
#1284=VECTOR('',#4251,10.);
#1285=VECTOR('',#4254,10.);
#1286=VECTOR('',#4255,10.);
#1287=VECTOR('',#4256,10.);
#1288=VECTOR('',#4259,10.);
#1289=VECTOR('',#4260,10.);
#1290=VECTOR('',#4261,10.);
#1291=VECTOR('',#4266,10.);
#1292=VECTOR('',#4269,10.);
#1293=VECTOR('',#4276,10.);
#1294=VECTOR('',#4281,10.);
#1295=VECTOR('',#4286,10.);
#1296=VECTOR('',#4287,10.);
#1297=VECTOR('',#4288,10.);
#1298=VECTOR('',#4291,10.);
#1299=VECTOR('',#4294,10.);
#1300=VECTOR('',#4295,10.);
#1301=VECTOR('',#4296,10.);
#1302=VECTOR('',#4297,10.);
#1303=VECTOR('',#4300,10.);
#1304=VECTOR('',#4303,10.);
#1305=VECTOR('',#4308,10.);
#1306=VECTOR('',#4313,10.);
#1307=VECTOR('',#4316,10.);
#1308=VECTOR('',#4317,10.);
#1309=VECTOR('',#4320,10.);
#1310=VECTOR('',#4321,10.);
#1311=VECTOR('',#4322,10.);
#1312=VECTOR('',#4325,10.);
#1313=VECTOR('',#4326,10.);
#1314=VECTOR('',#4329,10.);
#1315=VECTOR('',#4332,10.);
#1316=VECTOR('',#4335,10.);
#1317=VECTOR('',#4338,10.);
#1318=VECTOR('',#4345,10.);
#1319=VECTOR('',#4348,10.);
#1320=VECTOR('',#4349,10.);
#1321=VECTOR('',#4352,10.);
#1322=VECTOR('',#4355,10.);
#1323=VECTOR('',#4356,10.);
#1324=VECTOR('',#4359,10.);
#1325=VECTOR('',#4360,10.);
#1326=VECTOR('',#4363,10.);
#1327=VECTOR('',#4366,10.);
#1328=VECTOR('',#4367,10.);
#1329=VECTOR('',#4368,10.);
#1330=VECTOR('',#4405,10.);
#1331=VECTOR('',#4426,10.);
#1332=VECTOR('',#4429,10.);
#1333=VECTOR('',#4432,10.);
#1334=VECTOR('',#4433,10.);
#1335=VECTOR('',#4436,10.);
#1336=VECTOR('',#4439,10.);
#1337=VECTOR('',#4444,10.);
#1338=VECTOR('',#4447,10.);
#1339=VECTOR('',#4468,10.);
#1340=VECTOR('',#4469,10.);
#1341=VECTOR('',#4470,10.);
#1342=VECTOR('',#4473,10.);
#1343=VECTOR('',#4476,10.);
#1344=VECTOR('',#4479,10.);
#1345=VECTOR('',#4482,10.);
#1346=VECTOR('',#4485,10.);
#1347=VECTOR('',#4488,10.);
#1348=VECTOR('',#4489,10.);
#1349=VECTOR('',#4496,10.);
#1350=VECTOR('',#4499,10.);
#1351=VECTOR('',#4500,10.);
#1352=VECTOR('',#4501,10.);
#1353=VECTOR('',#4504,10.);
#1354=VECTOR('',#4507,10.);
#1355=VECTOR('',#4510,10.);
#1356=VECTOR('',#4515,10.);
#1357=VECTOR('',#4516,10.);
#1358=VECTOR('',#4519,10.);
#1359=VECTOR('',#4520,10.);
#1360=VECTOR('',#4523,10.);
#1361=VECTOR('',#4524,10.);
#1362=VECTOR('',#4527,10.);
#1363=VECTOR('',#4530,10.);
#1364=VECTOR('',#4537,0.937700000000001);
#1365=VECTOR('',#4540,0.937700000000001);
#1366=VECTOR('',#4543,0.937700000000001);
#1367=VECTOR('',#4546,0.937700000000001);
#1368=VECTOR('',#4549,10.);
#1369=VECTOR('',#4552,10.);
#1370=VECTOR('',#4555,10.);
#1371=VECTOR('',#4558,10.);
#1372=VECTOR('',#4563,10.);
#1373=VECTOR('',#4570,10.);
#1374=VECTOR('',#4571,10.);
#1375=VECTOR('',#4572,10.);
#1376=VECTOR('',#4573,10.);
#1377=VECTOR('',#4576,10.);
#1378=VECTOR('',#4577,10.);
#1379=VECTOR('',#4578,10.);
#1380=VECTOR('',#4579,10.);
#1381=VECTOR('',#4582,10.);
#1382=VECTOR('',#4583,10.);
#1383=VECTOR('',#4584,10.);
#1384=VECTOR('',#4587,10.);
#1385=VECTOR('',#4588,10.);
#1386=VECTOR('',#4591,10.);
#1387=VECTOR('',#4592,10.);
#1388=VECTOR('',#4593,10.);
#1389=VECTOR('',#4594,10.);
#1390=VECTOR('',#4607,10.);
#1391=VECTOR('',#4614,10.);
#1392=VECTOR('',#4625,10.);
#1393=VECTOR('',#4636,10.);
#1394=VECTOR('',#4649,10.);
#1395=VECTOR('',#4652,10.);
#1396=VECTOR('',#4655,10.);
#1397=VECTOR('',#4656,10.);
#1398=VECTOR('',#4659,10.);
#1399=VECTOR('',#4664,10.);
#1400=VECTOR('',#4665,10.);
#1401=VECTOR('',#4672,10.);
#1402=VECTOR('',#4683,10.);
#1403=VECTOR('',#4686,10.);
#1404=VECTOR('',#4689,10.);
#1405=VECTOR('',#4690,10.);
#1406=VECTOR('',#4705,10.);
#1407=VECTOR('',#4708,10.);
#1408=VECTOR('',#4715,10.);
#1409=VECTOR('',#4716,10.);
#1410=VECTOR('',#4729,1.167);
#1411=VECTOR('',#4734,1.167);
#1412=VECTOR('',#4737,1.167);
#1413=VERTEX_POINT('',#4764);
#1414=VERTEX_POINT('',#4765);
#1415=VERTEX_POINT('',#4767);
#1416=VERTEX_POINT('',#4769);
#1417=VERTEX_POINT('',#4773);
#1418=VERTEX_POINT('',#4775);
#1419=VERTEX_POINT('',#4779);
#1420=VERTEX_POINT('',#4781);
#1421=VERTEX_POINT('',#4788);
#1422=VERTEX_POINT('',#4789);
#1423=VERTEX_POINT('',#4791);
#1424=VERTEX_POINT('',#4793);
#1425=VERTEX_POINT('',#4797);
#1426=VERTEX_POINT('',#4799);
#1427=VERTEX_POINT('',#4803);
#1428=VERTEX_POINT('',#4805);
#1429=VERTEX_POINT('',#4812);
#1430=VERTEX_POINT('',#4813);
#1431=VERTEX_POINT('',#4815);
#1432=VERTEX_POINT('',#4817);
#1433=VERTEX_POINT('',#4821);
#1434=VERTEX_POINT('',#4823);
#1435=VERTEX_POINT('',#4827);
#1436=VERTEX_POINT('',#4829);
#1437=VERTEX_POINT('',#4836);
#1438=VERTEX_POINT('',#4837);
#1439=VERTEX_POINT('',#4839);
#1440=VERTEX_POINT('',#4841);
#1441=VERTEX_POINT('',#4845);
#1442=VERTEX_POINT('',#4846);
#1443=VERTEX_POINT('',#4851);
#1444=VERTEX_POINT('',#4855);
#1445=VERTEX_POINT('',#4861);
#1446=VERTEX_POINT('',#4862);
#1447=VERTEX_POINT('',#4864);
#1448=VERTEX_POINT('',#4866);
#1449=VERTEX_POINT('',#4869);
#1450=VERTEX_POINT('',#4871);
#1451=VERTEX_POINT('',#4873);
#1452=VERTEX_POINT('',#4875);
#1453=VERTEX_POINT('',#4878);
#1454=VERTEX_POINT('',#4880);
#1455=VERTEX_POINT('',#4884);
#1456=VERTEX_POINT('',#4886);
#1457=VERTEX_POINT('',#4892);
#1458=VERTEX_POINT('',#4894);
#1459=VERTEX_POINT('',#4900);
#1460=VERTEX_POINT('',#4902);
#1461=VERTEX_POINT('',#4910);
#1462=VERTEX_POINT('',#4912);
#1463=VERTEX_POINT('',#4916);
#1464=VERTEX_POINT('',#4920);
#1465=VERTEX_POINT('',#4924);
#1466=VERTEX_POINT('',#4928);
#1467=VERTEX_POINT('',#4930);
#1468=VERTEX_POINT('',#4938);
#1469=VERTEX_POINT('',#4940);
#1470=VERTEX_POINT('',#4944);
#1471=VERTEX_POINT('',#4947);
#1472=VERTEX_POINT('',#4949);
#1473=VERTEX_POINT('',#4951);
#1474=VERTEX_POINT('',#4953);
#1475=VERTEX_POINT('',#4959);
#1476=VERTEX_POINT('',#4965);
#1477=VERTEX_POINT('',#4984);
#1478=VERTEX_POINT('',#4986);
#1479=VERTEX_POINT('',#4990);
#1480=VERTEX_POINT('',#4993);
#1481=VERTEX_POINT('',#4997);
#1482=VERTEX_POINT('',#5001);
#1483=VERTEX_POINT('',#5002);
#1484=VERTEX_POINT('',#5004);
#1485=VERTEX_POINT('',#5008);
#1486=VERTEX_POINT('',#5012);
#1487=VERTEX_POINT('',#5016);
#1488=VERTEX_POINT('',#5020);
#1489=VERTEX_POINT('',#5026);
#1490=VERTEX_POINT('',#5027);
#1491=VERTEX_POINT('',#5032);
#1492=VERTEX_POINT('',#5036);
#1493=VERTEX_POINT('',#5040);
#1494=VERTEX_POINT('',#5044);
#1495=VERTEX_POINT('',#5050);
#1496=VERTEX_POINT('',#5052);
#1497=VERTEX_POINT('',#5058);
#1498=VERTEX_POINT('',#5063);
#1499=VERTEX_POINT('',#5064);
#1500=VERTEX_POINT('',#5066);
#1501=VERTEX_POINT('',#5068);
#1502=VERTEX_POINT('',#5072);
#1503=VERTEX_POINT('',#5074);
#1504=VERTEX_POINT('',#5078);
#1505=VERTEX_POINT('',#5080);
#1506=VERTEX_POINT('',#5087);
#1507=VERTEX_POINT('',#5088);
#1508=VERTEX_POINT('',#5090);
#1509=VERTEX_POINT('',#5092);
#1510=VERTEX_POINT('',#5096);
#1511=VERTEX_POINT('',#5098);
#1512=VERTEX_POINT('',#5102);
#1513=VERTEX_POINT('',#5104);
#1514=VERTEX_POINT('',#5111);
#1515=VERTEX_POINT('',#5112);
#1516=VERTEX_POINT('',#5114);
#1517=VERTEX_POINT('',#5116);
#1518=VERTEX_POINT('',#5120);
#1519=VERTEX_POINT('',#5122);
#1520=VERTEX_POINT('',#5126);
#1521=VERTEX_POINT('',#5128);
#1522=VERTEX_POINT('',#5135);
#1523=VERTEX_POINT('',#5136);
#1524=VERTEX_POINT('',#5138);
#1525=VERTEX_POINT('',#5140);
#1526=VERTEX_POINT('',#5142);
#1527=VERTEX_POINT('',#5146);
#1528=VERTEX_POINT('',#5147);
#1529=VERTEX_POINT('',#5149);
#1530=VERTEX_POINT('',#5151);
#1531=VERTEX_POINT('',#5155);
#1532=VERTEX_POINT('',#5156);
#1533=VERTEX_POINT('',#5161);
#1534=VERTEX_POINT('',#5165);
#1535=VERTEX_POINT('',#5171);
#1536=VERTEX_POINT('',#5173);
#1537=VERTEX_POINT('',#5177);
#1538=VERTEX_POINT('',#5179);
#1539=VERTEX_POINT('',#5181);
#1540=VERTEX_POINT('',#5192);
#1541=VERTEX_POINT('',#5193);
#1542=VERTEX_POINT('',#5195);
#1543=VERTEX_POINT('',#5197);
#1544=VERTEX_POINT('',#5199);
#1545=VERTEX_POINT('',#5210);
#1546=VERTEX_POINT('',#5212);
#1547=VERTEX_POINT('',#5214);
#1548=VERTEX_POINT('',#5227);
#1549=VERTEX_POINT('',#5229);
#1550=VERTEX_POINT('',#5231);
#1551=VERTEX_POINT('',#5233);
#1552=VERTEX_POINT('',#5237);
#1553=VERTEX_POINT('',#5241);
#1554=VERTEX_POINT('',#5243);
#1555=VERTEX_POINT('',#5245);
#1556=VERTEX_POINT('',#5247);
#1557=VERTEX_POINT('',#5249);
#1558=VERTEX_POINT('',#5251);
#1559=VERTEX_POINT('',#5253);
#1560=VERTEX_POINT('',#5272);
#1561=VERTEX_POINT('',#5274);
#1562=VERTEX_POINT('',#5311);
#1563=VERTEX_POINT('',#5316);
#1564=VERTEX_POINT('',#5335);
#1565=VERTEX_POINT('',#5337);
#1566=VERTEX_POINT('',#5341);
#1567=VERTEX_POINT('',#5343);
#1568=VERTEX_POINT('',#5347);
#1569=VERTEX_POINT('',#5351);
#1570=VERTEX_POINT('',#5355);
#1571=VERTEX_POINT('',#5356);
#1572=VERTEX_POINT('',#5358);
#1573=VERTEX_POINT('',#5360);
#1574=VERTEX_POINT('',#5362);
#1575=VERTEX_POINT('',#5373);
#1576=VERTEX_POINT('',#5375);
#1577=VERTEX_POINT('',#5377);
#1578=VERTEX_POINT('',#5390);
#1579=VERTEX_POINT('',#5397);
#1580=VERTEX_POINT('',#5416);
#1581=VERTEX_POINT('',#5448);
#1582=VERTEX_POINT('',#5465);
#1583=VERTEX_POINT('',#5467);
#1584=VERTEX_POINT('',#5471);
#1585=VERTEX_POINT('',#5472);
#1586=VERTEX_POINT('',#5474);
#1587=VERTEX_POINT('',#5476);
#1588=VERTEX_POINT('',#5478);
#1589=VERTEX_POINT('',#5489);
#1590=VERTEX_POINT('',#5503);
#1591=VERTEX_POINT('',#5507);
#1592=VERTEX_POINT('',#5509);
#1593=VERTEX_POINT('',#5511);
#1594=VERTEX_POINT('',#5530);
#1595=VERTEX_POINT('',#5562);
#1596=VERTEX_POINT('',#5579);
#1597=VERTEX_POINT('',#5581);
#1598=VERTEX_POINT('',#5585);
#1599=VERTEX_POINT('',#5587);
#1600=VERTEX_POINT('',#5632);
#1601=VERTEX_POINT('',#5636);
#1602=VERTEX_POINT('',#5642);
#1603=VERTEX_POINT('',#5652);
#1604=VERTEX_POINT('',#5656);
#1605=VERTEX_POINT('',#5660);
#1606=VERTEX_POINT('',#5665);
#1607=VERTEX_POINT('',#5669);
#1608=VERTEX_POINT('',#5674);
#1609=VERTEX_POINT('',#5680);
#1610=VERTEX_POINT('',#5684);
#1611=VERTEX_POINT('',#5688);
#1612=VERTEX_POINT('',#5708);
#1613=VERTEX_POINT('',#5710);
#1614=VERTEX_POINT('',#5712);
#1615=VERTEX_POINT('',#5714);
#1616=VERTEX_POINT('',#5717);
#1617=VERTEX_POINT('',#5719);
#1618=VERTEX_POINT('',#5721);
#1619=VERTEX_POINT('',#5723);
#1620=VERTEX_POINT('',#5725);
#1621=VERTEX_POINT('',#5726);
#1622=VERTEX_POINT('',#5728);
#1623=VERTEX_POINT('',#5730);
#1624=VERTEX_POINT('',#5732);
#1625=VERTEX_POINT('',#5734);
#1626=VERTEX_POINT('',#5736);
#1627=VERTEX_POINT('',#5738);
#1628=VERTEX_POINT('',#5740);
#1629=VERTEX_POINT('',#5742);
#1630=VERTEX_POINT('',#5745);
#1631=VERTEX_POINT('',#5746);
#1632=VERTEX_POINT('',#5748);
#1633=VERTEX_POINT('',#5752);
#1634=VERTEX_POINT('',#5753);
#1635=VERTEX_POINT('',#5755);
#1636=VERTEX_POINT('',#5759);
#1637=VERTEX_POINT('',#5760);
#1638=VERTEX_POINT('',#5762);
#1639=VERTEX_POINT('',#5764);
#1640=VERTEX_POINT('',#5766);
#1641=VERTEX_POINT('',#5768);
#1642=VERTEX_POINT('',#5770);
#1643=VERTEX_POINT('',#5772);
#1644=VERTEX_POINT('',#5774);
#1645=VERTEX_POINT('',#5776);
#1646=VERTEX_POINT('',#5819);
#1647=VERTEX_POINT('',#5820);
#1648=VERTEX_POINT('',#5822);
#1649=VERTEX_POINT('',#5824);
#1650=VERTEX_POINT('',#5828);
#1651=VERTEX_POINT('',#5829);
#1652=VERTEX_POINT('',#5831);
#1653=VERTEX_POINT('',#5833);
#1654=VERTEX_POINT('',#5837);
#1655=VERTEX_POINT('',#5839);
#1656=VERTEX_POINT('',#5846);
#1657=VERTEX_POINT('',#5847);
#1658=VERTEX_POINT('',#5849);
#1659=VERTEX_POINT('',#5851);
#1660=VERTEX_POINT('',#5854);
#1661=VERTEX_POINT('',#5857);
#1662=VERTEX_POINT('',#5859);
#1663=VERTEX_POINT('',#5862);
#1664=VERTEX_POINT('',#5864);
#1665=VERTEX_POINT('',#5868);
#1666=VERTEX_POINT('',#5870);
#1667=VERTEX_POINT('',#5876);
#1668=VERTEX_POINT('',#5878);
#1669=VERTEX_POINT('',#5884);
#1670=VERTEX_POINT('',#5886);
#1671=VERTEX_POINT('',#5894);
#1672=VERTEX_POINT('',#5896);
#1673=VERTEX_POINT('',#5900);
#1674=VERTEX_POINT('',#5904);
#1675=VERTEX_POINT('',#5908);
#1676=VERTEX_POINT('',#5912);
#1677=VERTEX_POINT('',#5914);
#1678=VERTEX_POINT('',#5922);
#1679=VERTEX_POINT('',#5924);
#1680=VERTEX_POINT('',#5928);
#1681=VERTEX_POINT('',#5932);
#1682=VERTEX_POINT('',#5934);
#1683=VERTEX_POINT('',#5936);
#1684=VERTEX_POINT('',#5942);
#1685=VERTEX_POINT('',#5948);
#1686=EDGE_CURVE('',#1413,#1414,#799,.T.);
#1687=EDGE_CURVE('',#1415,#1413,#800,.T.);
#1688=EDGE_CURVE('',#1416,#1415,#801,.T.);
#1689=EDGE_CURVE('',#1416,#1414,#802,.T.);
#1690=EDGE_CURVE('',#1417,#1413,#803,.T.);
#1691=EDGE_CURVE('',#1418,#1417,#804,.T.);
#1692=EDGE_CURVE('',#1415,#1418,#805,.T.);
#1693=EDGE_CURVE('',#1419,#1417,#806,.T.);
#1694=EDGE_CURVE('',#1420,#1419,#807,.T.);
#1695=EDGE_CURVE('',#1418,#1420,#808,.T.);
#1696=EDGE_CURVE('',#1414,#1419,#809,.T.);
#1697=EDGE_CURVE('',#1420,#1416,#810,.T.);
#1698=EDGE_CURVE('',#1421,#1422,#811,.T.);
#1699=EDGE_CURVE('',#1423,#1421,#812,.T.);
#1700=EDGE_CURVE('',#1424,#1423,#813,.T.);
#1701=EDGE_CURVE('',#1424,#1422,#814,.T.);
#1702=EDGE_CURVE('',#1425,#1421,#815,.T.);
#1703=EDGE_CURVE('',#1426,#1425,#816,.T.);
#1704=EDGE_CURVE('',#1423,#1426,#817,.T.);
#1705=EDGE_CURVE('',#1427,#1425,#818,.T.);
#1706=EDGE_CURVE('',#1428,#1427,#819,.T.);
#1707=EDGE_CURVE('',#1426,#1428,#820,.T.);
#1708=EDGE_CURVE('',#1422,#1427,#821,.T.);
#1709=EDGE_CURVE('',#1428,#1424,#822,.T.);
#1710=EDGE_CURVE('',#1429,#1430,#823,.T.);
#1711=EDGE_CURVE('',#1431,#1429,#824,.T.);
#1712=EDGE_CURVE('',#1432,#1431,#825,.T.);
#1713=EDGE_CURVE('',#1432,#1430,#826,.T.);
#1714=EDGE_CURVE('',#1433,#1429,#827,.T.);
#1715=EDGE_CURVE('',#1434,#1433,#828,.T.);
#1716=EDGE_CURVE('',#1431,#1434,#829,.T.);
#1717=EDGE_CURVE('',#1435,#1433,#830,.T.);
#1718=EDGE_CURVE('',#1436,#1435,#831,.T.);
#1719=EDGE_CURVE('',#1434,#1436,#832,.T.);
#1720=EDGE_CURVE('',#1430,#1435,#833,.T.);
#1721=EDGE_CURVE('',#1436,#1432,#834,.T.);
#1722=EDGE_CURVE('',#1437,#1438,#835,.T.);
#1723=EDGE_CURVE('',#1438,#1439,#836,.T.);
#1724=EDGE_CURVE('',#1439,#1440,#837,.T.);
#1725=EDGE_CURVE('',#1440,#1437,#838,.T.);
#1726=EDGE_CURVE('',#1441,#1442,#839,.T.);
#1727=EDGE_CURVE('',#1441,#1438,#840,.T.);
#1728=EDGE_CURVE('',#1442,#1437,#841,.T.);
#1729=EDGE_CURVE('',#1443,#1441,#842,.T.);
#1730=EDGE_CURVE('',#1443,#1439,#843,.T.);
#1731=EDGE_CURVE('',#1444,#1443,#844,.T.);
#1732=EDGE_CURVE('',#1444,#1440,#845,.T.);
#1733=EDGE_CURVE('',#1442,#1444,#846,.T.);
#1734=EDGE_CURVE('',#1445,#1446,#847,.T.);
#1735=EDGE_CURVE('',#1447,#1445,#848,.T.);
#1736=EDGE_CURVE('',#1448,#1447,#849,.T.);
#1737=EDGE_CURVE('',#1446,#1448,#850,.T.);
#1738=EDGE_CURVE('',#1449,#1449,#177,.F.);
#1739=EDGE_CURVE('',#1450,#1450,#178,.F.);
#1740=EDGE_CURVE('',#1451,#1451,#179,.F.);
#1741=EDGE_CURVE('',#1452,#1452,#180,.F.);
#1742=EDGE_CURVE('',#1446,#1453,#181,.T.);
#1743=EDGE_CURVE('',#1453,#1454,#851,.T.);
#1744=EDGE_CURVE('',#1454,#1445,#182,.T.);
#1745=EDGE_CURVE('',#1448,#1455,#183,.T.);
#1746=EDGE_CURVE('',#1455,#1456,#852,.T.);
#1747=EDGE_CURVE('',#1456,#1446,#184,.T.);
#1748=EDGE_CURVE('',#1456,#1453,#185,.T.);
#1749=EDGE_CURVE('',#1447,#1457,#186,.T.);
#1750=EDGE_CURVE('',#1457,#1458,#853,.T.);
#1751=EDGE_CURVE('',#1458,#1448,#187,.T.);
#1752=EDGE_CURVE('',#1458,#1455,#188,.T.);
#1753=EDGE_CURVE('',#1445,#1459,#189,.T.);
#1754=EDGE_CURVE('',#1459,#1460,#854,.T.);
#1755=EDGE_CURVE('',#1460,#1447,#190,.T.);
#1756=EDGE_CURVE('',#1460,#1457,#191,.T.);
#1757=EDGE_CURVE('',#1454,#1459,#192,.T.);
#1758=EDGE_CURVE('',#1458,#1461,#855,.T.);
#1759=EDGE_CURVE('',#1461,#1462,#193,.T.);
#1760=EDGE_CURVE('',#1462,#1455,#856,.T.);
#1761=EDGE_CURVE('',#1463,#1457,#857,.T.);
#1762=EDGE_CURVE('',#1461,#1463,#858,.T.);
#1763=EDGE_CURVE('',#1460,#1464,#859,.T.);
#1764=EDGE_CURVE('',#1464,#1463,#194,.T.);
#1765=EDGE_CURVE('',#1465,#1459,#860,.T.);
#1766=EDGE_CURVE('',#1464,#1465,#861,.T.);
#1767=EDGE_CURVE('',#1466,#1461,#195,.T.);
#1768=EDGE_CURVE('',#1463,#1467,#196,.T.);
#1769=EDGE_CURVE('',#1467,#1466,#862,.T.);
#1770=EDGE_CURVE('',#1466,#1462,#197,.T.);
#1771=EDGE_CURVE('',#1464,#1467,#198,.T.);
#1772=EDGE_CURVE('',#1466,#1468,#863,.T.);
#1773=EDGE_CURVE('',#1468,#1469,#199,.T.);
#1774=EDGE_CURVE('',#1469,#1462,#864,.T.);
#1775=EDGE_CURVE('',#1470,#1467,#865,.T.);
#1776=EDGE_CURVE('',#1468,#1470,#866,.T.);
#1777=EDGE_CURVE('',#1471,#1471,#200,.T.);
#1778=EDGE_CURVE('',#1472,#1472,#201,.T.);
#1779=EDGE_CURVE('',#1473,#1473,#202,.T.);
#1780=EDGE_CURVE('',#1474,#1474,#203,.T.);
#1781=EDGE_CURVE('',#1470,#1465,#204,.T.);
#1782=EDGE_CURVE('',#1456,#1469,#867,.T.);
#1783=EDGE_CURVE('',#1469,#1475,#205,.T.);
#1784=EDGE_CURVE('',#1475,#1453,#868,.T.);
#1785=EDGE_CURVE('',#1468,#1475,#206,.T.);
#1786=EDGE_CURVE('',#1476,#1475,#869,.T.);
#1787=EDGE_CURVE('',#1454,#1476,#870,.T.);
#1788=EDGE_CURVE('',#1470,#1476,#207,.T.);
#1789=EDGE_CURVE('',#1476,#1465,#208,.T.);
#1790=EDGE_CURVE('',#1449,#1474,#871,.T.);
#1791=EDGE_CURVE('',#1450,#1471,#872,.T.);
#1792=EDGE_CURVE('',#1451,#1473,#873,.T.);
#1793=EDGE_CURVE('',#1452,#1472,#874,.T.);
#1794=EDGE_CURVE('',#1477,#1477,#209,.T.);
#1795=EDGE_CURVE('',#1477,#1478,#210,.T.);
#1796=EDGE_CURVE('',#1478,#1478,#211,.T.);
#1797=EDGE_CURVE('',#1479,#1479,#212,.T.);
#1798=EDGE_CURVE('',#1480,#1480,#213,.T.);
#1799=EDGE_CURVE('',#1480,#1478,#875,.T.);
#1800=EDGE_CURVE('',#1480,#1481,#876,.T.);
#1801=EDGE_CURVE('',#1481,#1481,#214,.T.);
#1802=EDGE_CURVE('',#1482,#1483,#877,.T.);
#1803=EDGE_CURVE('',#1484,#1482,#878,.T.);
#1804=EDGE_CURVE('',#1484,#1483,#879,.T.);
#1805=EDGE_CURVE('',#1485,#1484,#880,.T.);
#1806=EDGE_CURVE('',#1485,#1483,#881,.T.);
#1807=EDGE_CURVE('',#1486,#1485,#882,.T.);
#1808=EDGE_CURVE('',#1486,#1483,#883,.T.);
#1809=EDGE_CURVE('',#1487,#1486,#884,.T.);
#1810=EDGE_CURVE('',#1487,#1483,#885,.T.);
#1811=EDGE_CURVE('',#1488,#1487,#886,.T.);
#1812=EDGE_CURVE('',#1488,#1483,#887,.T.);
#1813=EDGE_CURVE('',#1482,#1488,#888,.T.);
#1814=EDGE_CURVE('',#1489,#1490,#889,.T.);
#1815=EDGE_CURVE('',#1489,#1484,#890,.T.);
#1816=EDGE_CURVE('',#1490,#1482,#891,.T.);
#1817=EDGE_CURVE('',#1491,#1489,#892,.T.);
#1818=EDGE_CURVE('',#1491,#1485,#893,.T.);
#1819=EDGE_CURVE('',#1492,#1491,#894,.T.);
#1820=EDGE_CURVE('',#1492,#1486,#895,.T.);
#1821=EDGE_CURVE('',#1493,#1492,#896,.T.);
#1822=EDGE_CURVE('',#1493,#1487,#897,.T.);
#1823=EDGE_CURVE('',#1494,#1493,#898,.T.);
#1824=EDGE_CURVE('',#1494,#1488,#899,.T.);
#1825=EDGE_CURVE('',#1490,#1494,#900,.T.);
#1826=EDGE_CURVE('',#1495,#1495,#215,.T.);
#1827=EDGE_CURVE('',#1496,#1496,#216,.T.);
#1828=EDGE_CURVE('',#1479,#1495,#901,.T.);
#1829=EDGE_CURVE('',#1497,#1497,#217,.T.);
#1830=EDGE_CURVE('',#1497,#1496,#218,.T.);
#1831=EDGE_CURVE('',#1498,#1499,#902,.T.);
#1832=EDGE_CURVE('',#1500,#1498,#903,.T.);
#1833=EDGE_CURVE('',#1501,#1500,#904,.T.);
#1834=EDGE_CURVE('',#1501,#1499,#905,.T.);
#1835=EDGE_CURVE('',#1502,#1498,#906,.T.);
#1836=EDGE_CURVE('',#1503,#1502,#907,.T.);
#1837=EDGE_CURVE('',#1500,#1503,#908,.T.);
#1838=EDGE_CURVE('',#1504,#1502,#909,.T.);
#1839=EDGE_CURVE('',#1505,#1504,#910,.T.);
#1840=EDGE_CURVE('',#1503,#1505,#911,.T.);
#1841=EDGE_CURVE('',#1499,#1504,#912,.T.);
#1842=EDGE_CURVE('',#1505,#1501,#913,.T.);
#1843=EDGE_CURVE('',#1506,#1507,#914,.T.);
#1844=EDGE_CURVE('',#1508,#1506,#915,.T.);
#1845=EDGE_CURVE('',#1509,#1508,#916,.T.);
#1846=EDGE_CURVE('',#1509,#1507,#917,.T.);
#1847=EDGE_CURVE('',#1510,#1506,#918,.T.);
#1848=EDGE_CURVE('',#1511,#1510,#919,.T.);
#1849=EDGE_CURVE('',#1508,#1511,#920,.T.);
#1850=EDGE_CURVE('',#1512,#1510,#921,.T.);
#1851=EDGE_CURVE('',#1513,#1512,#922,.T.);
#1852=EDGE_CURVE('',#1511,#1513,#923,.T.);
#1853=EDGE_CURVE('',#1507,#1512,#924,.T.);
#1854=EDGE_CURVE('',#1513,#1509,#925,.T.);
#1855=EDGE_CURVE('',#1514,#1515,#926,.T.);
#1856=EDGE_CURVE('',#1516,#1514,#927,.T.);
#1857=EDGE_CURVE('',#1517,#1516,#928,.T.);
#1858=EDGE_CURVE('',#1517,#1515,#929,.T.);
#1859=EDGE_CURVE('',#1518,#1514,#930,.T.);
#1860=EDGE_CURVE('',#1519,#1518,#931,.T.);
#1861=EDGE_CURVE('',#1516,#1519,#932,.T.);
#1862=EDGE_CURVE('',#1520,#1518,#933,.T.);
#1863=EDGE_CURVE('',#1521,#1520,#934,.T.);
#1864=EDGE_CURVE('',#1519,#1521,#935,.T.);
#1865=EDGE_CURVE('',#1515,#1520,#936,.T.);
#1866=EDGE_CURVE('',#1521,#1517,#937,.T.);
#1867=EDGE_CURVE('',#1522,#1523,#938,.T.);
#1868=EDGE_CURVE('',#1522,#1524,#219,.F.);
#1869=EDGE_CURVE('',#1525,#1524,#939,.T.);
#1870=EDGE_CURVE('',#1526,#1525,#940,.T.);
#1871=EDGE_CURVE('',#1523,#1526,#941,.T.);
#1872=EDGE_CURVE('',#1527,#1528,#942,.T.);
#1873=EDGE_CURVE('',#1528,#1529,#943,.T.);
#1874=EDGE_CURVE('',#1529,#1530,#944,.T.);
#1875=EDGE_CURVE('',#1530,#1527,#945,.T.);
#1876=EDGE_CURVE('',#1531,#1532,#946,.T.);
#1877=EDGE_CURVE('',#1531,#1528,#947,.T.);
#1878=EDGE_CURVE('',#1532,#1527,#948,.T.);
#1879=EDGE_CURVE('',#1533,#1531,#949,.T.);
#1880=EDGE_CURVE('',#1533,#1529,#950,.T.);
#1881=EDGE_CURVE('',#1534,#1533,#951,.T.);
#1882=EDGE_CURVE('',#1534,#1530,#952,.T.);
#1883=EDGE_CURVE('',#1532,#1534,#953,.T.);
#1884=EDGE_CURVE('',#1535,#1522,#954,.T.);
#1885=EDGE_CURVE('',#1536,#1535,#220,.T.);
#1886=EDGE_CURVE('',#1524,#1536,#955,.T.);
#1887=EDGE_CURVE('',#1537,#1535,#956,.T.);
#1888=EDGE_CURVE('',#1538,#1537,#957,.T.);
#1889=EDGE_CURVE('',#1539,#1538,#958,.T.);
#1890=EDGE_CURVE('',#1536,#1539,#959,.T.);
#1891=EDGE_CURVE('',#1523,#1537,#960,.T.);
#1892=EDGE_CURVE('',#1539,#1525,#961,.T.);
#1893=EDGE_CURVE('',#1526,#1538,#962,.T.);
#1894=EDGE_CURVE('',#1540,#1541,#221,.T.);
#1895=EDGE_CURVE('',#1541,#1542,#963,.T.);
#1896=EDGE_CURVE('',#1542,#1543,#222,.T.);
#1897=EDGE_CURVE('',#1543,#1544,#54,.T.);
#1898=EDGE_CURVE('',#1544,#1545,#223,.T.);
#1899=EDGE_CURVE('',#1545,#1546,#964,.T.);
#1900=EDGE_CURVE('',#1546,#1547,#224,.T.);
#1901=EDGE_CURVE('',#1547,#1540,#55,.T.);
#1902=EDGE_CURVE('',#1548,#1546,#965,.T.);
#1903=EDGE_CURVE('',#1549,#1548,#225,.T.);
#1904=EDGE_CURVE('',#1550,#1549,#966,.T.);
#1905=EDGE_CURVE('',#1551,#1550,#967,.T.);
#1906=EDGE_CURVE('',#1551,#1547,#968,.T.);
#1907=EDGE_CURVE('',#1545,#1552,#969,.T.);
#1908=EDGE_CURVE('',#1548,#1552,#970,.T.);
#1909=EDGE_CURVE('',#1553,#1544,#971,.T.);
#1910=EDGE_CURVE('',#1554,#1553,#972,.T.);
#1911=EDGE_CURVE('',#1555,#1554,#226,.T.);
#1912=EDGE_CURVE('',#1556,#1555,#973,.T.);
#1913=EDGE_CURVE('',#1556,#1557,#974,.T.);
#1914=EDGE_CURVE('',#1558,#1557,#227,.T.);
#1915=EDGE_CURVE('',#1559,#1558,#975,.T.);
#1916=EDGE_CURVE('',#1552,#1559,#228,.T.);
#1917=EDGE_CURVE('',#1560,#1543,#976,.T.);
#1918=EDGE_CURVE('',#1561,#1560,#56,.T.);
#1919=EDGE_CURVE('',#1553,#1561,#57,.T.);
#1920=EDGE_CURVE('',#1562,#1551,#58,.T.);
#1921=EDGE_CURVE('',#1563,#1562,#59,.T.);
#1922=EDGE_CURVE('',#1563,#1540,#977,.T.);
#1923=EDGE_CURVE('',#1564,#1550,#978,.T.);
#1924=EDGE_CURVE('',#1565,#1564,#979,.T.);
#1925=EDGE_CURVE('',#1562,#1565,#980,.T.);
#1926=EDGE_CURVE('',#1566,#1561,#981,.T.);
#1927=EDGE_CURVE('',#1567,#1566,#982,.T.);
#1928=EDGE_CURVE('',#1554,#1567,#983,.T.);
#1929=EDGE_CURVE('',#1565,#1568,#229,.F.);
#1930=EDGE_CURVE('',#1568,#1563,#984,.T.);
#1931=EDGE_CURVE('',#1560,#1569,#985,.T.);
#1932=EDGE_CURVE('',#1569,#1566,#230,.F.);
#1933=EDGE_CURVE('',#1570,#1571,#231,.T.);
#1934=EDGE_CURVE('',#1571,#1572,#986,.T.);
#1935=EDGE_CURVE('',#1572,#1573,#232,.T.);
#1936=EDGE_CURVE('',#1573,#1574,#60,.T.);
#1937=EDGE_CURVE('',#1574,#1575,#233,.T.);
#1938=EDGE_CURVE('',#1575,#1576,#987,.T.);
#1939=EDGE_CURVE('',#1576,#1577,#234,.T.);
#1940=EDGE_CURVE('',#1577,#1570,#61,.T.);
#1941=EDGE_CURVE('',#1578,#1563,#988,.T.);
#1942=EDGE_CURVE('',#1578,#1577,#989,.T.);
#1943=EDGE_CURVE('',#1541,#1576,#990,.T.);
#1944=EDGE_CURVE('',#1575,#1542,#991,.T.);
#1945=EDGE_CURVE('',#1579,#1574,#992,.T.);
#1946=EDGE_CURVE('',#1560,#1579,#993,.T.);
#1947=EDGE_CURVE('',#1580,#1573,#994,.T.);
#1948=EDGE_CURVE('',#1579,#1580,#62,.T.);
#1949=EDGE_CURVE('',#1581,#1578,#63,.T.);
#1950=EDGE_CURVE('',#1581,#1570,#995,.T.);
#1951=EDGE_CURVE('',#1580,#1582,#996,.T.);
#1952=EDGE_CURVE('',#1582,#1583,#235,.F.);
#1953=EDGE_CURVE('',#1583,#1579,#997,.T.);
#1954=EDGE_CURVE('',#1584,#1585,#236,.T.);
#1955=EDGE_CURVE('',#1585,#1586,#998,.T.);
#1956=EDGE_CURVE('',#1586,#1587,#237,.T.);
#1957=EDGE_CURVE('',#1587,#1588,#64,.T.);
#1958=EDGE_CURVE('',#1588,#1589,#238,.T.);
#1959=EDGE_CURVE('',#1589,#1558,#999,.T.);
#1960=EDGE_CURVE('',#1557,#1584,#65,.T.);
#1961=EDGE_CURVE('',#1589,#1590,#1000,.T.);
#1962=EDGE_CURVE('',#1559,#1590,#1001,.T.);
#1963=EDGE_CURVE('',#1591,#1588,#1002,.T.);
#1964=EDGE_CURVE('',#1591,#1592,#1003,.T.);
#1965=EDGE_CURVE('',#1592,#1593,#1004,.T.);
#1966=EDGE_CURVE('',#1590,#1593,#239,.T.);
#1967=EDGE_CURVE('',#1594,#1587,#1005,.T.);
#1968=EDGE_CURVE('',#1591,#1594,#66,.T.);
#1969=EDGE_CURVE('',#1595,#1556,#67,.T.);
#1970=EDGE_CURVE('',#1595,#1584,#1006,.T.);
#1971=EDGE_CURVE('',#1556,#1596,#1007,.T.);
#1972=EDGE_CURVE('',#1596,#1597,#240,.F.);
#1973=EDGE_CURVE('',#1597,#1595,#1008,.T.);
#1974=EDGE_CURVE('',#1594,#1598,#1009,.T.);
#1975=EDGE_CURVE('',#1598,#1599,#241,.F.);
#1976=EDGE_CURVE('',#1599,#1591,#1010,.T.);
#1977=EDGE_CURVE('',#1593,#1549,#68,.T.);
#1978=EDGE_CURVE('',#1550,#1592,#69,.T.);
#1979=EDGE_CURVE('',#1567,#1600,#242,.F.);
#1980=EDGE_CURVE('',#1600,#1555,#1011,.T.);
#1981=EDGE_CURVE('',#1601,#1568,#1012,.T.);
#1982=EDGE_CURVE('',#1578,#1601,#1013,.T.);
#1983=EDGE_CURVE('',#1569,#1583,#1014,.T.);
#1984=EDGE_CURVE('',#1602,#1599,#1015,.T.);
#1985=EDGE_CURVE('',#1592,#1602,#1016,.T.);
#1986=EDGE_CURVE('',#1585,#1572,#1017,.T.);
#1987=EDGE_CURVE('',#1580,#1595,#1018,.T.);
#1988=EDGE_CURVE('',#1582,#1597,#1019,.T.);
#1989=EDGE_CURVE('',#1581,#1594,#1020,.T.);
#1990=EDGE_CURVE('',#1603,#1581,#1021,.T.);
#1991=EDGE_CURVE('',#1598,#1603,#1022,.T.);
#1992=EDGE_CURVE('',#1599,#1604,#243,.F.);
#1993=EDGE_CURVE('',#1604,#1598,#244,.F.);
#1994=EDGE_CURVE('',#1603,#1605,#245,.F.);
#1995=EDGE_CURVE('',#1601,#1603,#246,.F.);
#1996=EDGE_CURVE('',#1605,#1601,#247,.F.);
#1997=EDGE_CURVE('',#1606,#1596,#248,.F.);
#1998=EDGE_CURVE('',#1597,#1606,#249,.F.);
#1999=EDGE_CURVE('',#1564,#1607,#250,.F.);
#2000=EDGE_CURVE('',#1602,#1564,#251,.F.);
#2001=EDGE_CURVE('',#1607,#1602,#252,.F.);
#2002=EDGE_CURVE('',#1608,#1582,#253,.F.);
#2003=EDGE_CURVE('',#1583,#1608,#254,.F.);
#2004=EDGE_CURVE('',#1606,#1608,#1023,.T.);
#2005=EDGE_CURVE('',#1568,#1609,#255,.F.);
#2006=EDGE_CURVE('',#1609,#1565,#256,.F.);
#2007=EDGE_CURVE('',#1610,#1567,#257,.F.);
#2008=EDGE_CURVE('',#1600,#1610,#258,.F.);
#2009=EDGE_CURVE('',#1611,#1569,#259,.F.);
#2010=EDGE_CURVE('',#1566,#1611,#260,.F.);
#2011=EDGE_CURVE('',#1611,#1610,#1024,.T.);
#2012=EDGE_CURVE('',#1608,#1611,#1025,.T.);
#2013=EDGE_CURVE('',#1596,#1600,#1026,.T.);
#2014=EDGE_CURVE('',#1610,#1606,#1027,.T.);
#2015=EDGE_CURVE('',#1607,#1609,#1028,.T.);
#2016=EDGE_CURVE('',#1609,#1605,#1029,.T.);
#2017=EDGE_CURVE('',#1604,#1607,#1030,.T.);
#2018=EDGE_CURVE('',#1605,#1604,#1031,.T.);
#2019=EDGE_CURVE('',#1612,#1612,#261,.F.);
#2020=EDGE_CURVE('',#1613,#1613,#262,.F.);
#2021=EDGE_CURVE('',#1614,#1614,#263,.F.);
#2022=EDGE_CURVE('',#1615,#1615,#264,.F.);
#2023=EDGE_CURVE('',#1616,#1616,#265,.F.);
#2024=EDGE_CURVE('',#1617,#1617,#266,.F.);
#2025=EDGE_CURVE('',#1618,#1618,#267,.F.);
#2026=EDGE_CURVE('',#1619,#1619,#268,.F.);
#2027=EDGE_CURVE('',#1620,#1621,#1032,.T.);
#2028=EDGE_CURVE('',#1621,#1622,#1033,.T.);
#2029=EDGE_CURVE('',#1622,#1623,#1034,.T.);
#2030=EDGE_CURVE('',#1623,#1624,#269,.T.);
#2031=EDGE_CURVE('',#1624,#1625,#1035,.T.);
#2032=EDGE_CURVE('',#1625,#1626,#270,.T.);
#2033=EDGE_CURVE('',#1626,#1627,#1036,.T.);
#2034=EDGE_CURVE('',#1627,#1628,#271,.T.);
#2035=EDGE_CURVE('',#1628,#1629,#1037,.T.);
#2036=EDGE_CURVE('',#1629,#1620,#272,.T.);
#2037=EDGE_CURVE('',#1630,#1631,#1038,.T.);
#2038=EDGE_CURVE('',#1631,#1632,#273,.T.);
#2039=EDGE_CURVE('',#1632,#1630,#1039,.T.);
#2040=EDGE_CURVE('',#1633,#1634,#1040,.F.);
#2041=EDGE_CURVE('',#1634,#1635,#1041,.F.);
#2042=EDGE_CURVE('',#1635,#1633,#274,.F.);
#2043=EDGE_CURVE('',#1636,#1637,#275,.F.);
#2044=EDGE_CURVE('',#1637,#1638,#1042,.F.);
#2045=EDGE_CURVE('',#1638,#1639,#276,.F.);
#2046=EDGE_CURVE('',#1639,#1640,#1043,.F.);
#2047=EDGE_CURVE('',#1640,#1641,#1044,.F.);
#2048=EDGE_CURVE('',#1641,#1642,#1045,.F.);
#2049=EDGE_CURVE('',#1642,#1643,#277,.F.);
#2050=EDGE_CURVE('',#1643,#1644,#1046,.F.);
#2051=EDGE_CURVE('',#1644,#1645,#278,.F.);
#2052=EDGE_CURVE('',#1645,#1636,#1047,.F.);
#2053=EDGE_CURVE('',#1571,#1586,#1048,.T.);
#2054=EDGE_CURVE('',#1634,#1630,#1049,.F.);
#2055=EDGE_CURVE('',#1632,#1635,#1050,.T.);
#2056=EDGE_CURVE('',#1643,#1629,#1051,.T.);
#2057=EDGE_CURVE('',#1628,#1644,#1052,.T.);
#2058=EDGE_CURVE('',#1637,#1625,#1053,.T.);
#2059=EDGE_CURVE('',#1624,#1638,#1054,.T.);
#2060=EDGE_CURVE('',#1626,#1636,#1055,.T.);
#2061=EDGE_CURVE('',#1645,#1627,#1056,.T.);
#2062=EDGE_CURVE('',#1616,#1612,#1057,.T.);
#2063=EDGE_CURVE('',#1617,#1613,#1058,.T.);
#2064=EDGE_CURVE('',#1618,#1614,#1059,.T.);
#2065=EDGE_CURVE('',#1619,#1615,#1060,.T.);
#2066=EDGE_CURVE('',#1639,#1623,#1061,.T.);
#2067=EDGE_CURVE('',#1640,#1622,#1062,.T.);
#2068=EDGE_CURVE('',#1641,#1621,#1063,.F.);
#2069=EDGE_CURVE('',#1620,#1642,#1064,.T.);
#2070=EDGE_CURVE('',#1633,#1631,#1065,.T.);
#2071=EDGE_CURVE('',#1646,#1647,#1066,.T.);
#2072=EDGE_CURVE('',#1648,#1646,#1067,.T.);
#2073=EDGE_CURVE('',#1649,#1648,#1068,.T.);
#2074=EDGE_CURVE('',#1647,#1649,#1069,.T.);
#2075=EDGE_CURVE('',#1650,#1651,#1070,.T.);
#2076=EDGE_CURVE('',#1650,#1652,#1071,.T.);
#2077=EDGE_CURVE('',#1653,#1652,#1072,.T.);
#2078=EDGE_CURVE('',#1653,#1651,#1073,.T.);
#2079=EDGE_CURVE('',#1651,#1654,#1074,.T.);
#2080=EDGE_CURVE('',#1655,#1653,#1075,.T.);
#2081=EDGE_CURVE('',#1654,#1655,#1076,.T.);
#2082=EDGE_CURVE('',#1647,#1650,#1077,.T.);
#2083=EDGE_CURVE('',#1652,#1649,#1078,.T.);
#2084=EDGE_CURVE('',#1656,#1657,#1079,.T.);
#2085=EDGE_CURVE('',#1658,#1656,#1080,.T.);
#2086=EDGE_CURVE('',#1659,#1658,#1081,.T.);
#2087=EDGE_CURVE('',#1657,#1659,#1082,.T.);
#2088=EDGE_CURVE('',#1660,#1660,#279,.F.);
#2089=EDGE_CURVE('',#1654,#1646,#280,.F.);
#2090=EDGE_CURVE('',#1661,#1661,#281,.F.);
#2091=EDGE_CURVE('',#1662,#1662,#282,.F.);
#2092=EDGE_CURVE('',#1657,#1663,#283,.T.);
#2093=EDGE_CURVE('',#1663,#1664,#1083,.T.);
#2094=EDGE_CURVE('',#1664,#1656,#284,.T.);
#2095=EDGE_CURVE('',#1659,#1665,#285,.T.);
#2096=EDGE_CURVE('',#1665,#1666,#1084,.T.);
#2097=EDGE_CURVE('',#1666,#1657,#286,.T.);
#2098=EDGE_CURVE('',#1666,#1663,#287,.T.);
#2099=EDGE_CURVE('',#1658,#1667,#288,.T.);
#2100=EDGE_CURVE('',#1667,#1668,#1085,.T.);
#2101=EDGE_CURVE('',#1668,#1659,#289,.T.);
#2102=EDGE_CURVE('',#1668,#1665,#290,.T.);
#2103=EDGE_CURVE('',#1656,#1669,#291,.T.);
#2104=EDGE_CURVE('',#1669,#1670,#1086,.T.);
#2105=EDGE_CURVE('',#1670,#1658,#292,.T.);
#2106=EDGE_CURVE('',#1670,#1667,#293,.T.);
#2107=EDGE_CURVE('',#1664,#1669,#294,.T.);
#2108=EDGE_CURVE('',#1668,#1671,#1087,.T.);
#2109=EDGE_CURVE('',#1671,#1672,#295,.T.);
#2110=EDGE_CURVE('',#1672,#1665,#1088,.T.);
#2111=EDGE_CURVE('',#1673,#1667,#1089,.T.);
#2112=EDGE_CURVE('',#1671,#1673,#1090,.T.);
#2113=EDGE_CURVE('',#1670,#1674,#1091,.T.);
#2114=EDGE_CURVE('',#1674,#1673,#296,.T.);
#2115=EDGE_CURVE('',#1675,#1669,#1092,.T.);
#2116=EDGE_CURVE('',#1674,#1675,#1093,.T.);
#2117=EDGE_CURVE('',#1676,#1671,#297,.T.);
#2118=EDGE_CURVE('',#1673,#1677,#298,.T.);
#2119=EDGE_CURVE('',#1677,#1676,#1094,.T.);
#2120=EDGE_CURVE('',#1676,#1672,#299,.T.);
#2121=EDGE_CURVE('',#1674,#1677,#300,.T.);
#2122=EDGE_CURVE('',#1676,#1678,#1095,.T.);
#2123=EDGE_CURVE('',#1678,#1679,#301,.T.);
#2124=EDGE_CURVE('',#1679,#1672,#1096,.T.);
#2125=EDGE_CURVE('',#1680,#1677,#1097,.T.);
#2126=EDGE_CURVE('',#1678,#1680,#1098,.T.);
#2127=EDGE_CURVE('',#1648,#1655,#302,.T.);
#2128=EDGE_CURVE('',#1681,#1681,#303,.T.);
#2129=EDGE_CURVE('',#1682,#1682,#304,.T.);
#2130=EDGE_CURVE('',#1683,#1683,#305,.T.);
#2131=EDGE_CURVE('',#1680,#1675,#306,.T.);
#2132=EDGE_CURVE('',#1666,#1679,#1099,.T.);
#2133=EDGE_CURVE('',#1679,#1684,#307,.T.);
#2134=EDGE_CURVE('',#1684,#1663,#1100,.T.);
#2135=EDGE_CURVE('',#1678,#1684,#308,.T.);
#2136=EDGE_CURVE('',#1685,#1684,#1101,.T.);
#2137=EDGE_CURVE('',#1664,#1685,#1102,.T.);
#2138=EDGE_CURVE('',#1680,#1685,#309,.T.);
#2139=EDGE_CURVE('',#1685,#1675,#310,.T.);
#2140=EDGE_CURVE('',#1660,#1683,#1103,.T.);
#2141=EDGE_CURVE('',#1661,#1682,#1104,.T.);
#2142=EDGE_CURVE('',#1662,#1681,#1105,.T.);
#2143=ORIENTED_EDGE('',*,*,#1686,.F.);
#2144=ORIENTED_EDGE('',*,*,#1687,.F.);
#2145=ORIENTED_EDGE('',*,*,#1688,.F.);
#2146=ORIENTED_EDGE('',*,*,#1689,.T.);
#2147=ORIENTED_EDGE('',*,*,#1690,.F.);
#2148=ORIENTED_EDGE('',*,*,#1691,.F.);
#2149=ORIENTED_EDGE('',*,*,#1692,.F.);
#2150=ORIENTED_EDGE('',*,*,#1687,.T.);
#2151=ORIENTED_EDGE('',*,*,#1693,.F.);
#2152=ORIENTED_EDGE('',*,*,#1694,.F.);
#2153=ORIENTED_EDGE('',*,*,#1695,.F.);
#2154=ORIENTED_EDGE('',*,*,#1691,.T.);
#2155=ORIENTED_EDGE('',*,*,#1696,.F.);
#2156=ORIENTED_EDGE('',*,*,#1689,.F.);
#2157=ORIENTED_EDGE('',*,*,#1697,.F.);
#2158=ORIENTED_EDGE('',*,*,#1694,.T.);
#2159=ORIENTED_EDGE('',*,*,#1698,.F.);
#2160=ORIENTED_EDGE('',*,*,#1699,.F.);
#2161=ORIENTED_EDGE('',*,*,#1700,.F.);
#2162=ORIENTED_EDGE('',*,*,#1701,.T.);
#2163=ORIENTED_EDGE('',*,*,#1702,.F.);
#2164=ORIENTED_EDGE('',*,*,#1703,.F.);
#2165=ORIENTED_EDGE('',*,*,#1704,.F.);
#2166=ORIENTED_EDGE('',*,*,#1699,.T.);
#2167=ORIENTED_EDGE('',*,*,#1705,.F.);
#2168=ORIENTED_EDGE('',*,*,#1706,.F.);
#2169=ORIENTED_EDGE('',*,*,#1707,.F.);
#2170=ORIENTED_EDGE('',*,*,#1703,.T.);
#2171=ORIENTED_EDGE('',*,*,#1708,.F.);
#2172=ORIENTED_EDGE('',*,*,#1701,.F.);
#2173=ORIENTED_EDGE('',*,*,#1709,.F.);
#2174=ORIENTED_EDGE('',*,*,#1706,.T.);
#2175=ORIENTED_EDGE('',*,*,#1710,.F.);
#2176=ORIENTED_EDGE('',*,*,#1711,.F.);
#2177=ORIENTED_EDGE('',*,*,#1712,.F.);
#2178=ORIENTED_EDGE('',*,*,#1713,.T.);
#2179=ORIENTED_EDGE('',*,*,#1714,.F.);
#2180=ORIENTED_EDGE('',*,*,#1715,.F.);
#2181=ORIENTED_EDGE('',*,*,#1716,.F.);
#2182=ORIENTED_EDGE('',*,*,#1711,.T.);
#2183=ORIENTED_EDGE('',*,*,#1717,.F.);
#2184=ORIENTED_EDGE('',*,*,#1718,.F.);
#2185=ORIENTED_EDGE('',*,*,#1719,.F.);
#2186=ORIENTED_EDGE('',*,*,#1715,.T.);
#2187=ORIENTED_EDGE('',*,*,#1720,.F.);
#2188=ORIENTED_EDGE('',*,*,#1713,.F.);
#2189=ORIENTED_EDGE('',*,*,#1721,.F.);
#2190=ORIENTED_EDGE('',*,*,#1718,.T.);
#2191=ORIENTED_EDGE('',*,*,#1722,.T.);
#2192=ORIENTED_EDGE('',*,*,#1723,.T.);
#2193=ORIENTED_EDGE('',*,*,#1724,.T.);
#2194=ORIENTED_EDGE('',*,*,#1725,.T.);
#2195=ORIENTED_EDGE('',*,*,#1726,.F.);
#2196=ORIENTED_EDGE('',*,*,#1727,.T.);
#2197=ORIENTED_EDGE('',*,*,#1722,.F.);
#2198=ORIENTED_EDGE('',*,*,#1728,.F.);
#2199=ORIENTED_EDGE('',*,*,#1729,.F.);
#2200=ORIENTED_EDGE('',*,*,#1730,.T.);
#2201=ORIENTED_EDGE('',*,*,#1723,.F.);
#2202=ORIENTED_EDGE('',*,*,#1727,.F.);
#2203=ORIENTED_EDGE('',*,*,#1731,.F.);
#2204=ORIENTED_EDGE('',*,*,#1732,.T.);
#2205=ORIENTED_EDGE('',*,*,#1724,.F.);
#2206=ORIENTED_EDGE('',*,*,#1730,.F.);
#2207=ORIENTED_EDGE('',*,*,#1733,.F.);
#2208=ORIENTED_EDGE('',*,*,#1728,.T.);
#2209=ORIENTED_EDGE('',*,*,#1725,.F.);
#2210=ORIENTED_EDGE('',*,*,#1732,.F.);
#2211=ORIENTED_EDGE('',*,*,#1734,.F.);
#2212=ORIENTED_EDGE('',*,*,#1735,.F.);
#2213=ORIENTED_EDGE('',*,*,#1736,.F.);
#2214=ORIENTED_EDGE('',*,*,#1737,.F.);
#2215=ORIENTED_EDGE('',*,*,#1716,.T.);
#2216=ORIENTED_EDGE('',*,*,#1719,.T.);
#2217=ORIENTED_EDGE('',*,*,#1721,.T.);
#2218=ORIENTED_EDGE('',*,*,#1712,.T.);
#2219=ORIENTED_EDGE('',*,*,#1704,.T.);
#2220=ORIENTED_EDGE('',*,*,#1707,.T.);
#2221=ORIENTED_EDGE('',*,*,#1709,.T.);
#2222=ORIENTED_EDGE('',*,*,#1700,.T.);
#2223=ORIENTED_EDGE('',*,*,#1692,.T.);
#2224=ORIENTED_EDGE('',*,*,#1695,.T.);
#2225=ORIENTED_EDGE('',*,*,#1697,.T.);
#2226=ORIENTED_EDGE('',*,*,#1688,.T.);
#2227=ORIENTED_EDGE('',*,*,#1738,.T.);
#2228=ORIENTED_EDGE('',*,*,#1739,.T.);
#2229=ORIENTED_EDGE('',*,*,#1740,.T.);
#2230=ORIENTED_EDGE('',*,*,#1741,.T.);
#2231=ORIENTED_EDGE('',*,*,#1742,.T.);
#2232=ORIENTED_EDGE('',*,*,#1743,.T.);
#2233=ORIENTED_EDGE('',*,*,#1744,.T.);
#2234=ORIENTED_EDGE('',*,*,#1734,.T.);
#2235=ORIENTED_EDGE('',*,*,#1745,.T.);
#2236=ORIENTED_EDGE('',*,*,#1746,.T.);
#2237=ORIENTED_EDGE('',*,*,#1747,.T.);
#2238=ORIENTED_EDGE('',*,*,#1737,.T.);
#2239=ORIENTED_EDGE('',*,*,#1747,.F.);
#2240=ORIENTED_EDGE('',*,*,#1748,.T.);
#2241=ORIENTED_EDGE('',*,*,#1742,.F.);
#2242=ORIENTED_EDGE('',*,*,#1749,.T.);
#2243=ORIENTED_EDGE('',*,*,#1750,.T.);
#2244=ORIENTED_EDGE('',*,*,#1751,.T.);
#2245=ORIENTED_EDGE('',*,*,#1736,.T.);
#2246=ORIENTED_EDGE('',*,*,#1751,.F.);
#2247=ORIENTED_EDGE('',*,*,#1752,.T.);
#2248=ORIENTED_EDGE('',*,*,#1745,.F.);
#2249=ORIENTED_EDGE('',*,*,#1753,.T.);
#2250=ORIENTED_EDGE('',*,*,#1754,.T.);
#2251=ORIENTED_EDGE('',*,*,#1755,.T.);
#2252=ORIENTED_EDGE('',*,*,#1735,.T.);
#2253=ORIENTED_EDGE('',*,*,#1755,.F.);
#2254=ORIENTED_EDGE('',*,*,#1756,.T.);
#2255=ORIENTED_EDGE('',*,*,#1749,.F.);
#2256=ORIENTED_EDGE('',*,*,#1744,.F.);
#2257=ORIENTED_EDGE('',*,*,#1757,.T.);
#2258=ORIENTED_EDGE('',*,*,#1753,.F.);
#2259=ORIENTED_EDGE('',*,*,#1752,.F.);
#2260=ORIENTED_EDGE('',*,*,#1758,.T.);
#2261=ORIENTED_EDGE('',*,*,#1759,.T.);
#2262=ORIENTED_EDGE('',*,*,#1760,.T.);
#2263=ORIENTED_EDGE('',*,*,#1750,.F.);
#2264=ORIENTED_EDGE('',*,*,#1761,.F.);
#2265=ORIENTED_EDGE('',*,*,#1762,.F.);
#2266=ORIENTED_EDGE('',*,*,#1758,.F.);
#2267=ORIENTED_EDGE('',*,*,#1756,.F.);
#2268=ORIENTED_EDGE('',*,*,#1763,.T.);
#2269=ORIENTED_EDGE('',*,*,#1764,.T.);
#2270=ORIENTED_EDGE('',*,*,#1761,.T.);
#2271=ORIENTED_EDGE('',*,*,#1754,.F.);
#2272=ORIENTED_EDGE('',*,*,#1765,.F.);
#2273=ORIENTED_EDGE('',*,*,#1766,.F.);
#2274=ORIENTED_EDGE('',*,*,#1763,.F.);
#2275=ORIENTED_EDGE('',*,*,#1767,.T.);
#2276=ORIENTED_EDGE('',*,*,#1762,.T.);
#2277=ORIENTED_EDGE('',*,*,#1768,.T.);
#2278=ORIENTED_EDGE('',*,*,#1769,.T.);
#2279=ORIENTED_EDGE('',*,*,#1767,.F.);
#2280=ORIENTED_EDGE('',*,*,#1770,.T.);
#2281=ORIENTED_EDGE('',*,*,#1759,.F.);
#2282=ORIENTED_EDGE('',*,*,#1764,.F.);
#2283=ORIENTED_EDGE('',*,*,#1771,.T.);
#2284=ORIENTED_EDGE('',*,*,#1768,.F.);
#2285=ORIENTED_EDGE('',*,*,#1770,.F.);
#2286=ORIENTED_EDGE('',*,*,#1772,.T.);
#2287=ORIENTED_EDGE('',*,*,#1773,.T.);
#2288=ORIENTED_EDGE('',*,*,#1774,.T.);
#2289=ORIENTED_EDGE('',*,*,#1769,.F.);
#2290=ORIENTED_EDGE('',*,*,#1775,.F.);
#2291=ORIENTED_EDGE('',*,*,#1776,.F.);
#2292=ORIENTED_EDGE('',*,*,#1772,.F.);
#2293=ORIENTED_EDGE('',*,*,#1690,.T.);
#2294=ORIENTED_EDGE('',*,*,#1686,.T.);
#2295=ORIENTED_EDGE('',*,*,#1696,.T.);
#2296=ORIENTED_EDGE('',*,*,#1693,.T.);
#2297=ORIENTED_EDGE('',*,*,#1702,.T.);
#2298=ORIENTED_EDGE('',*,*,#1698,.T.);
#2299=ORIENTED_EDGE('',*,*,#1708,.T.);
#2300=ORIENTED_EDGE('',*,*,#1705,.T.);
#2301=ORIENTED_EDGE('',*,*,#1714,.T.);
#2302=ORIENTED_EDGE('',*,*,#1710,.T.);
#2303=ORIENTED_EDGE('',*,*,#1720,.T.);
#2304=ORIENTED_EDGE('',*,*,#1717,.T.);
#2305=ORIENTED_EDGE('',*,*,#1733,.T.);
#2306=ORIENTED_EDGE('',*,*,#1731,.T.);
#2307=ORIENTED_EDGE('',*,*,#1729,.T.);
#2308=ORIENTED_EDGE('',*,*,#1726,.T.);
#2309=ORIENTED_EDGE('',*,*,#1777,.T.);
#2310=ORIENTED_EDGE('',*,*,#1778,.T.);
#2311=ORIENTED_EDGE('',*,*,#1779,.T.);
#2312=ORIENTED_EDGE('',*,*,#1780,.T.);
#2313=ORIENTED_EDGE('',*,*,#1771,.F.);
#2314=ORIENTED_EDGE('',*,*,#1766,.T.);
#2315=ORIENTED_EDGE('',*,*,#1781,.F.);
#2316=ORIENTED_EDGE('',*,*,#1775,.T.);
#2317=ORIENTED_EDGE('',*,*,#1748,.F.);
#2318=ORIENTED_EDGE('',*,*,#1782,.T.);
#2319=ORIENTED_EDGE('',*,*,#1783,.T.);
#2320=ORIENTED_EDGE('',*,*,#1784,.T.);
#2321=ORIENTED_EDGE('',*,*,#1773,.F.);
#2322=ORIENTED_EDGE('',*,*,#1785,.T.);
#2323=ORIENTED_EDGE('',*,*,#1783,.F.);
#2324=ORIENTED_EDGE('',*,*,#1743,.F.);
#2325=ORIENTED_EDGE('',*,*,#1784,.F.);
#2326=ORIENTED_EDGE('',*,*,#1786,.F.);
#2327=ORIENTED_EDGE('',*,*,#1787,.F.);
#2328=ORIENTED_EDGE('',*,*,#1785,.F.);
#2329=ORIENTED_EDGE('',*,*,#1776,.T.);
#2330=ORIENTED_EDGE('',*,*,#1788,.T.);
#2331=ORIENTED_EDGE('',*,*,#1786,.T.);
#2332=ORIENTED_EDGE('',*,*,#1757,.F.);
#2333=ORIENTED_EDGE('',*,*,#1787,.T.);
#2334=ORIENTED_EDGE('',*,*,#1789,.T.);
#2335=ORIENTED_EDGE('',*,*,#1765,.T.);
#2336=ORIENTED_EDGE('',*,*,#1788,.F.);
#2337=ORIENTED_EDGE('',*,*,#1781,.T.);
#2338=ORIENTED_EDGE('',*,*,#1789,.F.);
#2339=ORIENTED_EDGE('',*,*,#1738,.F.);
#2340=ORIENTED_EDGE('',*,*,#1790,.T.);
#2341=ORIENTED_EDGE('',*,*,#1780,.F.);
#2342=ORIENTED_EDGE('',*,*,#1790,.F.);
#2343=ORIENTED_EDGE('',*,*,#1739,.F.);
#2344=ORIENTED_EDGE('',*,*,#1791,.T.);
#2345=ORIENTED_EDGE('',*,*,#1777,.F.);
#2346=ORIENTED_EDGE('',*,*,#1791,.F.);
#2347=ORIENTED_EDGE('',*,*,#1740,.F.);
#2348=ORIENTED_EDGE('',*,*,#1792,.T.);
#2349=ORIENTED_EDGE('',*,*,#1779,.F.);
#2350=ORIENTED_EDGE('',*,*,#1792,.F.);
#2351=ORIENTED_EDGE('',*,*,#1741,.F.);
#2352=ORIENTED_EDGE('',*,*,#1793,.T.);
#2353=ORIENTED_EDGE('',*,*,#1778,.F.);
#2354=ORIENTED_EDGE('',*,*,#1793,.F.);
#2355=ORIENTED_EDGE('',*,*,#1746,.F.);
#2356=ORIENTED_EDGE('',*,*,#1760,.F.);
#2357=ORIENTED_EDGE('',*,*,#1774,.F.);
#2358=ORIENTED_EDGE('',*,*,#1782,.F.);
#2359=ORIENTED_EDGE('',*,*,#1794,.T.);
#2360=ORIENTED_EDGE('',*,*,#1795,.T.);
#2361=ORIENTED_EDGE('',*,*,#1796,.T.);
#2362=ORIENTED_EDGE('',*,*,#1795,.F.);
#2363=ORIENTED_EDGE('',*,*,#1797,.T.);
#2364=ORIENTED_EDGE('',*,*,#1794,.F.);
#2365=ORIENTED_EDGE('',*,*,#1798,.T.);
#2366=ORIENTED_EDGE('',*,*,#1799,.T.);
#2367=ORIENTED_EDGE('',*,*,#1796,.F.);
#2368=ORIENTED_EDGE('',*,*,#1799,.F.);
#2369=ORIENTED_EDGE('',*,*,#1798,.F.);
#2370=ORIENTED_EDGE('',*,*,#1800,.T.);
#2371=ORIENTED_EDGE('',*,*,#1801,.F.);
#2372=ORIENTED_EDGE('',*,*,#1800,.F.);
#2373=ORIENTED_EDGE('',*,*,#1802,.F.);
#2374=ORIENTED_EDGE('',*,*,#1803,.F.);
#2375=ORIENTED_EDGE('',*,*,#1804,.T.);
#2376=ORIENTED_EDGE('',*,*,#1804,.F.);
#2377=ORIENTED_EDGE('',*,*,#1805,.F.);
#2378=ORIENTED_EDGE('',*,*,#1806,.T.);
#2379=ORIENTED_EDGE('',*,*,#1806,.F.);
#2380=ORIENTED_EDGE('',*,*,#1807,.F.);
#2381=ORIENTED_EDGE('',*,*,#1808,.T.);
#2382=ORIENTED_EDGE('',*,*,#1808,.F.);
#2383=ORIENTED_EDGE('',*,*,#1809,.F.);
#2384=ORIENTED_EDGE('',*,*,#1810,.T.);
#2385=ORIENTED_EDGE('',*,*,#1810,.F.);
#2386=ORIENTED_EDGE('',*,*,#1811,.F.);
#2387=ORIENTED_EDGE('',*,*,#1812,.T.);
#2388=ORIENTED_EDGE('',*,*,#1812,.F.);
#2389=ORIENTED_EDGE('',*,*,#1813,.F.);
#2390=ORIENTED_EDGE('',*,*,#1802,.T.);
#2391=ORIENTED_EDGE('',*,*,#1814,.F.);
#2392=ORIENTED_EDGE('',*,*,#1815,.T.);
#2393=ORIENTED_EDGE('',*,*,#1803,.T.);
#2394=ORIENTED_EDGE('',*,*,#1816,.F.);
#2395=ORIENTED_EDGE('',*,*,#1817,.F.);
#2396=ORIENTED_EDGE('',*,*,#1818,.T.);
#2397=ORIENTED_EDGE('',*,*,#1805,.T.);
#2398=ORIENTED_EDGE('',*,*,#1815,.F.);
#2399=ORIENTED_EDGE('',*,*,#1819,.F.);
#2400=ORIENTED_EDGE('',*,*,#1820,.T.);
#2401=ORIENTED_EDGE('',*,*,#1807,.T.);
#2402=ORIENTED_EDGE('',*,*,#1818,.F.);
#2403=ORIENTED_EDGE('',*,*,#1821,.F.);
#2404=ORIENTED_EDGE('',*,*,#1822,.T.);
#2405=ORIENTED_EDGE('',*,*,#1809,.T.);
#2406=ORIENTED_EDGE('',*,*,#1820,.F.);
#2407=ORIENTED_EDGE('',*,*,#1823,.F.);
#2408=ORIENTED_EDGE('',*,*,#1824,.T.);
#2409=ORIENTED_EDGE('',*,*,#1811,.T.);
#2410=ORIENTED_EDGE('',*,*,#1822,.F.);
#2411=ORIENTED_EDGE('',*,*,#1825,.F.);
#2412=ORIENTED_EDGE('',*,*,#1816,.T.);
#2413=ORIENTED_EDGE('',*,*,#1813,.T.);
#2414=ORIENTED_EDGE('',*,*,#1824,.F.);
#2415=ORIENTED_EDGE('',*,*,#1826,.F.);
#2416=ORIENTED_EDGE('',*,*,#1827,.T.);
#2417=ORIENTED_EDGE('',*,*,#1797,.F.);
#2418=ORIENTED_EDGE('',*,*,#1828,.T.);
#2419=ORIENTED_EDGE('',*,*,#1826,.T.);
#2420=ORIENTED_EDGE('',*,*,#1828,.F.);
#2421=ORIENTED_EDGE('',*,*,#1801,.T.);
#2422=ORIENTED_EDGE('',*,*,#1829,.F.);
#2423=ORIENTED_EDGE('',*,*,#1814,.T.);
#2424=ORIENTED_EDGE('',*,*,#1825,.T.);
#2425=ORIENTED_EDGE('',*,*,#1823,.T.);
#2426=ORIENTED_EDGE('',*,*,#1821,.T.);
#2427=ORIENTED_EDGE('',*,*,#1819,.T.);
#2428=ORIENTED_EDGE('',*,*,#1817,.T.);
#2429=ORIENTED_EDGE('',*,*,#1829,.T.);
#2430=ORIENTED_EDGE('',*,*,#1830,.T.);
#2431=ORIENTED_EDGE('',*,*,#1827,.F.);
#2432=ORIENTED_EDGE('',*,*,#1830,.F.);
#2433=ORIENTED_EDGE('',*,*,#1831,.F.);
#2434=ORIENTED_EDGE('',*,*,#1832,.F.);
#2435=ORIENTED_EDGE('',*,*,#1833,.F.);
#2436=ORIENTED_EDGE('',*,*,#1834,.T.);
#2437=ORIENTED_EDGE('',*,*,#1835,.F.);
#2438=ORIENTED_EDGE('',*,*,#1836,.F.);
#2439=ORIENTED_EDGE('',*,*,#1837,.F.);
#2440=ORIENTED_EDGE('',*,*,#1832,.T.);
#2441=ORIENTED_EDGE('',*,*,#1838,.F.);
#2442=ORIENTED_EDGE('',*,*,#1839,.F.);
#2443=ORIENTED_EDGE('',*,*,#1840,.F.);
#2444=ORIENTED_EDGE('',*,*,#1836,.T.);
#2445=ORIENTED_EDGE('',*,*,#1841,.F.);
#2446=ORIENTED_EDGE('',*,*,#1834,.F.);
#2447=ORIENTED_EDGE('',*,*,#1842,.F.);
#2448=ORIENTED_EDGE('',*,*,#1839,.T.);
#2449=ORIENTED_EDGE('',*,*,#1843,.F.);
#2450=ORIENTED_EDGE('',*,*,#1844,.F.);
#2451=ORIENTED_EDGE('',*,*,#1845,.F.);
#2452=ORIENTED_EDGE('',*,*,#1846,.T.);
#2453=ORIENTED_EDGE('',*,*,#1847,.F.);
#2454=ORIENTED_EDGE('',*,*,#1848,.F.);
#2455=ORIENTED_EDGE('',*,*,#1849,.F.);
#2456=ORIENTED_EDGE('',*,*,#1844,.T.);
#2457=ORIENTED_EDGE('',*,*,#1850,.F.);
#2458=ORIENTED_EDGE('',*,*,#1851,.F.);
#2459=ORIENTED_EDGE('',*,*,#1852,.F.);
#2460=ORIENTED_EDGE('',*,*,#1848,.T.);
#2461=ORIENTED_EDGE('',*,*,#1853,.F.);
#2462=ORIENTED_EDGE('',*,*,#1846,.F.);
#2463=ORIENTED_EDGE('',*,*,#1854,.F.);
#2464=ORIENTED_EDGE('',*,*,#1851,.T.);
#2465=ORIENTED_EDGE('',*,*,#1855,.F.);
#2466=ORIENTED_EDGE('',*,*,#1856,.F.);
#2467=ORIENTED_EDGE('',*,*,#1857,.F.);
#2468=ORIENTED_EDGE('',*,*,#1858,.T.);
#2469=ORIENTED_EDGE('',*,*,#1859,.F.);
#2470=ORIENTED_EDGE('',*,*,#1860,.F.);
#2471=ORIENTED_EDGE('',*,*,#1861,.F.);
#2472=ORIENTED_EDGE('',*,*,#1856,.T.);
#2473=ORIENTED_EDGE('',*,*,#1862,.F.);
#2474=ORIENTED_EDGE('',*,*,#1863,.F.);
#2475=ORIENTED_EDGE('',*,*,#1864,.F.);
#2476=ORIENTED_EDGE('',*,*,#1860,.T.);
#2477=ORIENTED_EDGE('',*,*,#1865,.F.);
#2478=ORIENTED_EDGE('',*,*,#1858,.F.);
#2479=ORIENTED_EDGE('',*,*,#1866,.F.);
#2480=ORIENTED_EDGE('',*,*,#1863,.T.);
#2481=ORIENTED_EDGE('',*,*,#1867,.F.);
#2482=ORIENTED_EDGE('',*,*,#1868,.T.);
#2483=ORIENTED_EDGE('',*,*,#1869,.F.);
#2484=ORIENTED_EDGE('',*,*,#1870,.F.);
#2485=ORIENTED_EDGE('',*,*,#1871,.F.);
#2486=ORIENTED_EDGE('',*,*,#1837,.T.);
#2487=ORIENTED_EDGE('',*,*,#1840,.T.);
#2488=ORIENTED_EDGE('',*,*,#1842,.T.);
#2489=ORIENTED_EDGE('',*,*,#1833,.T.);
#2490=ORIENTED_EDGE('',*,*,#1849,.T.);
#2491=ORIENTED_EDGE('',*,*,#1852,.T.);
#2492=ORIENTED_EDGE('',*,*,#1854,.T.);
#2493=ORIENTED_EDGE('',*,*,#1845,.T.);
#2494=ORIENTED_EDGE('',*,*,#1861,.T.);
#2495=ORIENTED_EDGE('',*,*,#1864,.T.);
#2496=ORIENTED_EDGE('',*,*,#1866,.T.);
#2497=ORIENTED_EDGE('',*,*,#1857,.T.);
#2498=ORIENTED_EDGE('',*,*,#1872,.T.);
#2499=ORIENTED_EDGE('',*,*,#1873,.T.);
#2500=ORIENTED_EDGE('',*,*,#1874,.T.);
#2501=ORIENTED_EDGE('',*,*,#1875,.T.);
#2502=ORIENTED_EDGE('',*,*,#1876,.F.);
#2503=ORIENTED_EDGE('',*,*,#1877,.T.);
#2504=ORIENTED_EDGE('',*,*,#1872,.F.);
#2505=ORIENTED_EDGE('',*,*,#1878,.F.);
#2506=ORIENTED_EDGE('',*,*,#1879,.F.);
#2507=ORIENTED_EDGE('',*,*,#1880,.T.);
#2508=ORIENTED_EDGE('',*,*,#1873,.F.);
#2509=ORIENTED_EDGE('',*,*,#1877,.F.);
#2510=ORIENTED_EDGE('',*,*,#1881,.F.);
#2511=ORIENTED_EDGE('',*,*,#1882,.T.);
#2512=ORIENTED_EDGE('',*,*,#1874,.F.);
#2513=ORIENTED_EDGE('',*,*,#1880,.F.);
#2514=ORIENTED_EDGE('',*,*,#1883,.F.);
#2515=ORIENTED_EDGE('',*,*,#1878,.T.);
#2516=ORIENTED_EDGE('',*,*,#1875,.F.);
#2517=ORIENTED_EDGE('',*,*,#1882,.F.);
#2518=ORIENTED_EDGE('',*,*,#1884,.F.);
#2519=ORIENTED_EDGE('',*,*,#1885,.F.);
#2520=ORIENTED_EDGE('',*,*,#1886,.F.);
#2521=ORIENTED_EDGE('',*,*,#1868,.F.);
#2522=ORIENTED_EDGE('',*,*,#1887,.F.);
#2523=ORIENTED_EDGE('',*,*,#1888,.F.);
#2524=ORIENTED_EDGE('',*,*,#1889,.F.);
#2525=ORIENTED_EDGE('',*,*,#1890,.F.);
#2526=ORIENTED_EDGE('',*,*,#1885,.T.);
#2527=ORIENTED_EDGE('',*,*,#1883,.T.);
#2528=ORIENTED_EDGE('',*,*,#1881,.T.);
#2529=ORIENTED_EDGE('',*,*,#1879,.T.);
#2530=ORIENTED_EDGE('',*,*,#1876,.T.);
#2531=ORIENTED_EDGE('',*,*,#1859,.T.);
#2532=ORIENTED_EDGE('',*,*,#1855,.T.);
#2533=ORIENTED_EDGE('',*,*,#1865,.T.);
#2534=ORIENTED_EDGE('',*,*,#1862,.T.);
#2535=ORIENTED_EDGE('',*,*,#1847,.T.);
#2536=ORIENTED_EDGE('',*,*,#1843,.T.);
#2537=ORIENTED_EDGE('',*,*,#1853,.T.);
#2538=ORIENTED_EDGE('',*,*,#1850,.T.);
#2539=ORIENTED_EDGE('',*,*,#1835,.T.);
#2540=ORIENTED_EDGE('',*,*,#1831,.T.);
#2541=ORIENTED_EDGE('',*,*,#1841,.T.);
#2542=ORIENTED_EDGE('',*,*,#1838,.T.);
#2543=ORIENTED_EDGE('',*,*,#1867,.T.);
#2544=ORIENTED_EDGE('',*,*,#1891,.T.);
#2545=ORIENTED_EDGE('',*,*,#1887,.T.);
#2546=ORIENTED_EDGE('',*,*,#1884,.T.);
#2547=ORIENTED_EDGE('',*,*,#1870,.T.);
#2548=ORIENTED_EDGE('',*,*,#1892,.F.);
#2549=ORIENTED_EDGE('',*,*,#1889,.T.);
#2550=ORIENTED_EDGE('',*,*,#1893,.F.);
#2551=ORIENTED_EDGE('',*,*,#1869,.T.);
#2552=ORIENTED_EDGE('',*,*,#1886,.T.);
#2553=ORIENTED_EDGE('',*,*,#1890,.T.);
#2554=ORIENTED_EDGE('',*,*,#1892,.T.);
#2555=ORIENTED_EDGE('',*,*,#1871,.T.);
#2556=ORIENTED_EDGE('',*,*,#1893,.T.);
#2557=ORIENTED_EDGE('',*,*,#1888,.T.);
#2558=ORIENTED_EDGE('',*,*,#1891,.F.);
#2559=ORIENTED_EDGE('',*,*,#1894,.T.);
#2560=ORIENTED_EDGE('',*,*,#1895,.T.);
#2561=ORIENTED_EDGE('',*,*,#1896,.T.);
#2562=ORIENTED_EDGE('',*,*,#1897,.T.);
#2563=ORIENTED_EDGE('',*,*,#1898,.T.);
#2564=ORIENTED_EDGE('',*,*,#1899,.T.);
#2565=ORIENTED_EDGE('',*,*,#1900,.T.);
#2566=ORIENTED_EDGE('',*,*,#1901,.T.);
#2567=ORIENTED_EDGE('',*,*,#1900,.F.);
#2568=ORIENTED_EDGE('',*,*,#1902,.F.);
#2569=ORIENTED_EDGE('',*,*,#1903,.F.);
#2570=ORIENTED_EDGE('',*,*,#1904,.F.);
#2571=ORIENTED_EDGE('',*,*,#1905,.F.);
#2572=ORIENTED_EDGE('',*,*,#1906,.T.);
#2573=ORIENTED_EDGE('',*,*,#1899,.F.);
#2574=ORIENTED_EDGE('',*,*,#1907,.T.);
#2575=ORIENTED_EDGE('',*,*,#1908,.F.);
#2576=ORIENTED_EDGE('',*,*,#1902,.T.);
#2577=ORIENTED_EDGE('',*,*,#1898,.F.);
#2578=ORIENTED_EDGE('',*,*,#1909,.F.);
#2579=ORIENTED_EDGE('',*,*,#1910,.F.);
#2580=ORIENTED_EDGE('',*,*,#1911,.F.);
#2581=ORIENTED_EDGE('',*,*,#1912,.F.);
#2582=ORIENTED_EDGE('',*,*,#1913,.T.);
#2583=ORIENTED_EDGE('',*,*,#1914,.F.);
#2584=ORIENTED_EDGE('',*,*,#1915,.F.);
#2585=ORIENTED_EDGE('',*,*,#1916,.F.);
#2586=ORIENTED_EDGE('',*,*,#1907,.F.);
#2587=ORIENTED_EDGE('',*,*,#1897,.F.);
#2588=ORIENTED_EDGE('',*,*,#1917,.F.);
#2589=ORIENTED_EDGE('',*,*,#1918,.F.);
#2590=ORIENTED_EDGE('',*,*,#1919,.F.);
#2591=ORIENTED_EDGE('',*,*,#1909,.T.);
#2592=ORIENTED_EDGE('',*,*,#1901,.F.);
#2593=ORIENTED_EDGE('',*,*,#1906,.F.);
#2594=ORIENTED_EDGE('',*,*,#1920,.F.);
#2595=ORIENTED_EDGE('',*,*,#1921,.F.);
#2596=ORIENTED_EDGE('',*,*,#1922,.T.);
#2597=ORIENTED_EDGE('',*,*,#1920,.T.);
#2598=ORIENTED_EDGE('',*,*,#1905,.T.);
#2599=ORIENTED_EDGE('',*,*,#1923,.F.);
#2600=ORIENTED_EDGE('',*,*,#1924,.F.);
#2601=ORIENTED_EDGE('',*,*,#1925,.F.);
#2602=ORIENTED_EDGE('',*,*,#1919,.T.);
#2603=ORIENTED_EDGE('',*,*,#1926,.F.);
#2604=ORIENTED_EDGE('',*,*,#1927,.F.);
#2605=ORIENTED_EDGE('',*,*,#1928,.F.);
#2606=ORIENTED_EDGE('',*,*,#1910,.T.);
#2607=ORIENTED_EDGE('',*,*,#1921,.T.);
#2608=ORIENTED_EDGE('',*,*,#1925,.T.);
#2609=ORIENTED_EDGE('',*,*,#1929,.T.);
#2610=ORIENTED_EDGE('',*,*,#1930,.T.);
#2611=ORIENTED_EDGE('',*,*,#1918,.T.);
#2612=ORIENTED_EDGE('',*,*,#1931,.T.);
#2613=ORIENTED_EDGE('',*,*,#1932,.T.);
#2614=ORIENTED_EDGE('',*,*,#1926,.T.);
#2615=ORIENTED_EDGE('',*,*,#1933,.T.);
#2616=ORIENTED_EDGE('',*,*,#1934,.T.);
#2617=ORIENTED_EDGE('',*,*,#1935,.T.);
#2618=ORIENTED_EDGE('',*,*,#1936,.T.);
#2619=ORIENTED_EDGE('',*,*,#1937,.T.);
#2620=ORIENTED_EDGE('',*,*,#1938,.T.);
#2621=ORIENTED_EDGE('',*,*,#1939,.T.);
#2622=ORIENTED_EDGE('',*,*,#1940,.T.);
#2623=ORIENTED_EDGE('',*,*,#1894,.F.);
#2624=ORIENTED_EDGE('',*,*,#1922,.F.);
#2625=ORIENTED_EDGE('',*,*,#1941,.F.);
#2626=ORIENTED_EDGE('',*,*,#1942,.T.);
#2627=ORIENTED_EDGE('',*,*,#1939,.F.);
#2628=ORIENTED_EDGE('',*,*,#1943,.F.);
#2629=ORIENTED_EDGE('',*,*,#1895,.F.);
#2630=ORIENTED_EDGE('',*,*,#1943,.T.);
#2631=ORIENTED_EDGE('',*,*,#1938,.F.);
#2632=ORIENTED_EDGE('',*,*,#1944,.T.);
#2633=ORIENTED_EDGE('',*,*,#1896,.F.);
#2634=ORIENTED_EDGE('',*,*,#1944,.F.);
#2635=ORIENTED_EDGE('',*,*,#1937,.F.);
#2636=ORIENTED_EDGE('',*,*,#1945,.F.);
#2637=ORIENTED_EDGE('',*,*,#1946,.F.);
#2638=ORIENTED_EDGE('',*,*,#1917,.T.);
#2639=ORIENTED_EDGE('',*,*,#1936,.F.);
#2640=ORIENTED_EDGE('',*,*,#1947,.F.);
#2641=ORIENTED_EDGE('',*,*,#1948,.F.);
#2642=ORIENTED_EDGE('',*,*,#1945,.T.);
#2643=ORIENTED_EDGE('',*,*,#1940,.F.);
#2644=ORIENTED_EDGE('',*,*,#1942,.F.);
#2645=ORIENTED_EDGE('',*,*,#1949,.F.);
#2646=ORIENTED_EDGE('',*,*,#1950,.T.);
#2647=ORIENTED_EDGE('',*,*,#1948,.T.);
#2648=ORIENTED_EDGE('',*,*,#1951,.T.);
#2649=ORIENTED_EDGE('',*,*,#1952,.T.);
#2650=ORIENTED_EDGE('',*,*,#1953,.T.);
#2651=ORIENTED_EDGE('',*,*,#1954,.T.);
#2652=ORIENTED_EDGE('',*,*,#1955,.T.);
#2653=ORIENTED_EDGE('',*,*,#1956,.T.);
#2654=ORIENTED_EDGE('',*,*,#1957,.T.);
#2655=ORIENTED_EDGE('',*,*,#1958,.T.);
#2656=ORIENTED_EDGE('',*,*,#1959,.T.);
#2657=ORIENTED_EDGE('',*,*,#1914,.T.);
#2658=ORIENTED_EDGE('',*,*,#1960,.T.);
#2659=ORIENTED_EDGE('',*,*,#1959,.F.);
#2660=ORIENTED_EDGE('',*,*,#1961,.T.);
#2661=ORIENTED_EDGE('',*,*,#1962,.F.);
#2662=ORIENTED_EDGE('',*,*,#1915,.T.);
#2663=ORIENTED_EDGE('',*,*,#1958,.F.);
#2664=ORIENTED_EDGE('',*,*,#1963,.F.);
#2665=ORIENTED_EDGE('',*,*,#1964,.T.);
#2666=ORIENTED_EDGE('',*,*,#1965,.T.);
#2667=ORIENTED_EDGE('',*,*,#1966,.F.);
#2668=ORIENTED_EDGE('',*,*,#1961,.F.);
#2669=ORIENTED_EDGE('',*,*,#1957,.F.);
#2670=ORIENTED_EDGE('',*,*,#1967,.F.);
#2671=ORIENTED_EDGE('',*,*,#1968,.F.);
#2672=ORIENTED_EDGE('',*,*,#1963,.T.);
#2673=ORIENTED_EDGE('',*,*,#1960,.F.);
#2674=ORIENTED_EDGE('',*,*,#1913,.F.);
#2675=ORIENTED_EDGE('',*,*,#1969,.F.);
#2676=ORIENTED_EDGE('',*,*,#1970,.T.);
#2677=ORIENTED_EDGE('',*,*,#1969,.T.);
#2678=ORIENTED_EDGE('',*,*,#1971,.T.);
#2679=ORIENTED_EDGE('',*,*,#1972,.T.);
#2680=ORIENTED_EDGE('',*,*,#1973,.T.);
#2681=ORIENTED_EDGE('',*,*,#1968,.T.);
#2682=ORIENTED_EDGE('',*,*,#1974,.T.);
#2683=ORIENTED_EDGE('',*,*,#1975,.T.);
#2684=ORIENTED_EDGE('',*,*,#1976,.T.);
#2685=ORIENTED_EDGE('',*,*,#1903,.T.);
#2686=ORIENTED_EDGE('',*,*,#1908,.T.);
#2687=ORIENTED_EDGE('',*,*,#1916,.T.);
#2688=ORIENTED_EDGE('',*,*,#1962,.T.);
#2689=ORIENTED_EDGE('',*,*,#1966,.T.);
#2690=ORIENTED_EDGE('',*,*,#1977,.T.);
#2691=ORIENTED_EDGE('',*,*,#1977,.F.);
#2692=ORIENTED_EDGE('',*,*,#1965,.F.);
#2693=ORIENTED_EDGE('',*,*,#1978,.F.);
#2694=ORIENTED_EDGE('',*,*,#1904,.T.);
#2695=ORIENTED_EDGE('',*,*,#1911,.T.);
#2696=ORIENTED_EDGE('',*,*,#1928,.T.);
#2697=ORIENTED_EDGE('',*,*,#1979,.T.);
#2698=ORIENTED_EDGE('',*,*,#1980,.T.);
#2699=ORIENTED_EDGE('',*,*,#1941,.T.);
#2700=ORIENTED_EDGE('',*,*,#1930,.F.);
#2701=ORIENTED_EDGE('',*,*,#1981,.F.);
#2702=ORIENTED_EDGE('',*,*,#1982,.F.);
#2703=ORIENTED_EDGE('',*,*,#1946,.T.);
#2704=ORIENTED_EDGE('',*,*,#1953,.F.);
#2705=ORIENTED_EDGE('',*,*,#1983,.F.);
#2706=ORIENTED_EDGE('',*,*,#1931,.F.);
#2707=ORIENTED_EDGE('',*,*,#1964,.F.);
#2708=ORIENTED_EDGE('',*,*,#1976,.F.);
#2709=ORIENTED_EDGE('',*,*,#1984,.F.);
#2710=ORIENTED_EDGE('',*,*,#1985,.F.);
#2711=ORIENTED_EDGE('',*,*,#1935,.F.);
#2712=ORIENTED_EDGE('',*,*,#1986,.F.);
#2713=ORIENTED_EDGE('',*,*,#1954,.F.);
#2714=ORIENTED_EDGE('',*,*,#1970,.F.);
#2715=ORIENTED_EDGE('',*,*,#1987,.F.);
#2716=ORIENTED_EDGE('',*,*,#1947,.T.);
#2717=ORIENTED_EDGE('',*,*,#1987,.T.);
#2718=ORIENTED_EDGE('',*,*,#1973,.F.);
#2719=ORIENTED_EDGE('',*,*,#1988,.F.);
#2720=ORIENTED_EDGE('',*,*,#1951,.F.);
#2721=ORIENTED_EDGE('',*,*,#1989,.F.);
#2722=ORIENTED_EDGE('',*,*,#1990,.F.);
#2723=ORIENTED_EDGE('',*,*,#1991,.F.);
#2724=ORIENTED_EDGE('',*,*,#1974,.F.);
#2725=ORIENTED_EDGE('',*,*,#1992,.F.);
#2726=ORIENTED_EDGE('',*,*,#1975,.F.);
#2727=ORIENTED_EDGE('',*,*,#1993,.F.);
#2728=ORIENTED_EDGE('',*,*,#1994,.F.);
#2729=ORIENTED_EDGE('',*,*,#1995,.F.);
#2730=ORIENTED_EDGE('',*,*,#1996,.F.);
#2731=ORIENTED_EDGE('',*,*,#1972,.F.);
#2732=ORIENTED_EDGE('',*,*,#1997,.F.);
#2733=ORIENTED_EDGE('',*,*,#1998,.F.);
#2734=ORIENTED_EDGE('',*,*,#1999,.F.);
#2735=ORIENTED_EDGE('',*,*,#2000,.F.);
#2736=ORIENTED_EDGE('',*,*,#2001,.F.);
#2737=ORIENTED_EDGE('',*,*,#1952,.F.);
#2738=ORIENTED_EDGE('',*,*,#2002,.F.);
#2739=ORIENTED_EDGE('',*,*,#2003,.F.);
#2740=ORIENTED_EDGE('',*,*,#2002,.T.);
#2741=ORIENTED_EDGE('',*,*,#1988,.T.);
#2742=ORIENTED_EDGE('',*,*,#1998,.T.);
#2743=ORIENTED_EDGE('',*,*,#2004,.T.);
#2744=ORIENTED_EDGE('',*,*,#2005,.F.);
#2745=ORIENTED_EDGE('',*,*,#1929,.F.);
#2746=ORIENTED_EDGE('',*,*,#2006,.F.);
#2747=ORIENTED_EDGE('',*,*,#1979,.F.);
#2748=ORIENTED_EDGE('',*,*,#2007,.F.);
#2749=ORIENTED_EDGE('',*,*,#2008,.F.);
#2750=ORIENTED_EDGE('',*,*,#2009,.F.);
#2751=ORIENTED_EDGE('',*,*,#2010,.F.);
#2752=ORIENTED_EDGE('',*,*,#1932,.F.);
#2753=ORIENTED_EDGE('',*,*,#2007,.T.);
#2754=ORIENTED_EDGE('',*,*,#1927,.T.);
#2755=ORIENTED_EDGE('',*,*,#2010,.T.);
#2756=ORIENTED_EDGE('',*,*,#2011,.T.);
#2757=ORIENTED_EDGE('',*,*,#2009,.T.);
#2758=ORIENTED_EDGE('',*,*,#1983,.T.);
#2759=ORIENTED_EDGE('',*,*,#2003,.T.);
#2760=ORIENTED_EDGE('',*,*,#2012,.T.);
#2761=ORIENTED_EDGE('',*,*,#1997,.T.);
#2762=ORIENTED_EDGE('',*,*,#2013,.T.);
#2763=ORIENTED_EDGE('',*,*,#2008,.T.);
#2764=ORIENTED_EDGE('',*,*,#2014,.T.);
#2765=ORIENTED_EDGE('',*,*,#1999,.T.);
#2766=ORIENTED_EDGE('',*,*,#2015,.T.);
#2767=ORIENTED_EDGE('',*,*,#2006,.T.);
#2768=ORIENTED_EDGE('',*,*,#1924,.T.);
#2769=ORIENTED_EDGE('',*,*,#2005,.T.);
#2770=ORIENTED_EDGE('',*,*,#2016,.T.);
#2771=ORIENTED_EDGE('',*,*,#1996,.T.);
#2772=ORIENTED_EDGE('',*,*,#1981,.T.);
#2773=ORIENTED_EDGE('',*,*,#1949,.T.);
#2774=ORIENTED_EDGE('',*,*,#1982,.T.);
#2775=ORIENTED_EDGE('',*,*,#1995,.T.);
#2776=ORIENTED_EDGE('',*,*,#1990,.T.);
#2777=ORIENTED_EDGE('',*,*,#1992,.T.);
#2778=ORIENTED_EDGE('',*,*,#2017,.T.);
#2779=ORIENTED_EDGE('',*,*,#2001,.T.);
#2780=ORIENTED_EDGE('',*,*,#1984,.T.);
#2781=ORIENTED_EDGE('',*,*,#1994,.T.);
#2782=ORIENTED_EDGE('',*,*,#2018,.T.);
#2783=ORIENTED_EDGE('',*,*,#1993,.T.);
#2784=ORIENTED_EDGE('',*,*,#1991,.T.);
#2785=ORIENTED_EDGE('',*,*,#2011,.F.);
#2786=ORIENTED_EDGE('',*,*,#2012,.F.);
#2787=ORIENTED_EDGE('',*,*,#2004,.F.);
#2788=ORIENTED_EDGE('',*,*,#2014,.F.);
#2789=ORIENTED_EDGE('',*,*,#2019,.F.);
#2790=ORIENTED_EDGE('',*,*,#2020,.F.);
#2791=ORIENTED_EDGE('',*,*,#2021,.F.);
#2792=ORIENTED_EDGE('',*,*,#2022,.F.);
#2793=ORIENTED_EDGE('',*,*,#2015,.F.);
#2794=ORIENTED_EDGE('',*,*,#2017,.F.);
#2795=ORIENTED_EDGE('',*,*,#2018,.F.);
#2796=ORIENTED_EDGE('',*,*,#2016,.F.);
#2797=ORIENTED_EDGE('',*,*,#2023,.T.);
#2798=ORIENTED_EDGE('',*,*,#2024,.T.);
#2799=ORIENTED_EDGE('',*,*,#2025,.T.);
#2800=ORIENTED_EDGE('',*,*,#2026,.T.);
#2801=ORIENTED_EDGE('',*,*,#2027,.T.);
#2802=ORIENTED_EDGE('',*,*,#2028,.T.);
#2803=ORIENTED_EDGE('',*,*,#2029,.T.);
#2804=ORIENTED_EDGE('',*,*,#2030,.T.);
#2805=ORIENTED_EDGE('',*,*,#2031,.T.);
#2806=ORIENTED_EDGE('',*,*,#2032,.T.);
#2807=ORIENTED_EDGE('',*,*,#2033,.T.);
#2808=ORIENTED_EDGE('',*,*,#2034,.T.);
#2809=ORIENTED_EDGE('',*,*,#2035,.T.);
#2810=ORIENTED_EDGE('',*,*,#2036,.T.);
#2811=ORIENTED_EDGE('',*,*,#2037,.T.);
#2812=ORIENTED_EDGE('',*,*,#2038,.T.);
#2813=ORIENTED_EDGE('',*,*,#2039,.T.);
#2814=ORIENTED_EDGE('',*,*,#2040,.T.);
#2815=ORIENTED_EDGE('',*,*,#2041,.T.);
#2816=ORIENTED_EDGE('',*,*,#2042,.T.);
#2817=ORIENTED_EDGE('',*,*,#2043,.T.);
#2818=ORIENTED_EDGE('',*,*,#2044,.T.);
#2819=ORIENTED_EDGE('',*,*,#2045,.T.);
#2820=ORIENTED_EDGE('',*,*,#2046,.T.);
#2821=ORIENTED_EDGE('',*,*,#2047,.T.);
#2822=ORIENTED_EDGE('',*,*,#2048,.T.);
#2823=ORIENTED_EDGE('',*,*,#2049,.T.);
#2824=ORIENTED_EDGE('',*,*,#2050,.T.);
#2825=ORIENTED_EDGE('',*,*,#2051,.T.);
#2826=ORIENTED_EDGE('',*,*,#2052,.T.);
#2827=ORIENTED_EDGE('',*,*,#1933,.F.);
#2828=ORIENTED_EDGE('',*,*,#1950,.F.);
#2829=ORIENTED_EDGE('',*,*,#1989,.T.);
#2830=ORIENTED_EDGE('',*,*,#1967,.T.);
#2831=ORIENTED_EDGE('',*,*,#1956,.F.);
#2832=ORIENTED_EDGE('',*,*,#2053,.F.);
#2833=ORIENTED_EDGE('',*,*,#1934,.F.);
#2834=ORIENTED_EDGE('',*,*,#2053,.T.);
#2835=ORIENTED_EDGE('',*,*,#1955,.F.);
#2836=ORIENTED_EDGE('',*,*,#1986,.T.);
#2837=ORIENTED_EDGE('',*,*,#2054,.T.);
#2838=ORIENTED_EDGE('',*,*,#2039,.F.);
#2839=ORIENTED_EDGE('',*,*,#2055,.T.);
#2840=ORIENTED_EDGE('',*,*,#2041,.F.);
#2841=ORIENTED_EDGE('',*,*,#2056,.T.);
#2842=ORIENTED_EDGE('',*,*,#2035,.F.);
#2843=ORIENTED_EDGE('',*,*,#2057,.T.);
#2844=ORIENTED_EDGE('',*,*,#2050,.F.);
#2845=ORIENTED_EDGE('',*,*,#2058,.T.);
#2846=ORIENTED_EDGE('',*,*,#2031,.F.);
#2847=ORIENTED_EDGE('',*,*,#2059,.T.);
#2848=ORIENTED_EDGE('',*,*,#2044,.F.);
#2849=ORIENTED_EDGE('',*,*,#2060,.F.);
#2850=ORIENTED_EDGE('',*,*,#2032,.F.);
#2851=ORIENTED_EDGE('',*,*,#2058,.F.);
#2852=ORIENTED_EDGE('',*,*,#2043,.F.);
#2853=ORIENTED_EDGE('',*,*,#2061,.T.);
#2854=ORIENTED_EDGE('',*,*,#2033,.F.);
#2855=ORIENTED_EDGE('',*,*,#2060,.T.);
#2856=ORIENTED_EDGE('',*,*,#2052,.F.);
#2857=ORIENTED_EDGE('',*,*,#2057,.F.);
#2858=ORIENTED_EDGE('',*,*,#2034,.F.);
#2859=ORIENTED_EDGE('',*,*,#2061,.F.);
#2860=ORIENTED_EDGE('',*,*,#2051,.F.);
#2861=ORIENTED_EDGE('',*,*,#1978,.T.);
#2862=ORIENTED_EDGE('',*,*,#1985,.T.);
#2863=ORIENTED_EDGE('',*,*,#2000,.T.);
#2864=ORIENTED_EDGE('',*,*,#1923,.T.);
#2865=ORIENTED_EDGE('',*,*,#2023,.F.);
#2866=ORIENTED_EDGE('',*,*,#2062,.T.);
#2867=ORIENTED_EDGE('',*,*,#2019,.T.);
#2868=ORIENTED_EDGE('',*,*,#2062,.F.);
#2869=ORIENTED_EDGE('',*,*,#2024,.F.);
#2870=ORIENTED_EDGE('',*,*,#2063,.T.);
#2871=ORIENTED_EDGE('',*,*,#2020,.T.);
#2872=ORIENTED_EDGE('',*,*,#2063,.F.);
#2873=ORIENTED_EDGE('',*,*,#2025,.F.);
#2874=ORIENTED_EDGE('',*,*,#2064,.T.);
#2875=ORIENTED_EDGE('',*,*,#2021,.T.);
#2876=ORIENTED_EDGE('',*,*,#2064,.F.);
#2877=ORIENTED_EDGE('',*,*,#2026,.F.);
#2878=ORIENTED_EDGE('',*,*,#2065,.T.);
#2879=ORIENTED_EDGE('',*,*,#2022,.T.);
#2880=ORIENTED_EDGE('',*,*,#2065,.F.);
#2881=ORIENTED_EDGE('',*,*,#2059,.F.);
#2882=ORIENTED_EDGE('',*,*,#2030,.F.);
#2883=ORIENTED_EDGE('',*,*,#2066,.F.);
#2884=ORIENTED_EDGE('',*,*,#2045,.F.);
#2885=ORIENTED_EDGE('',*,*,#2066,.T.);
#2886=ORIENTED_EDGE('',*,*,#2029,.F.);
#2887=ORIENTED_EDGE('',*,*,#2067,.F.);
#2888=ORIENTED_EDGE('',*,*,#2046,.F.);
#2889=ORIENTED_EDGE('',*,*,#2067,.T.);
#2890=ORIENTED_EDGE('',*,*,#2028,.F.);
#2891=ORIENTED_EDGE('',*,*,#2068,.F.);
#2892=ORIENTED_EDGE('',*,*,#2047,.F.);
#2893=ORIENTED_EDGE('',*,*,#2068,.T.);
#2894=ORIENTED_EDGE('',*,*,#2027,.F.);
#2895=ORIENTED_EDGE('',*,*,#2069,.T.);
#2896=ORIENTED_EDGE('',*,*,#2048,.F.);
#2897=ORIENTED_EDGE('',*,*,#2069,.F.);
#2898=ORIENTED_EDGE('',*,*,#2036,.F.);
#2899=ORIENTED_EDGE('',*,*,#2056,.F.);
#2900=ORIENTED_EDGE('',*,*,#2049,.F.);
#2901=ORIENTED_EDGE('',*,*,#2055,.F.);
#2902=ORIENTED_EDGE('',*,*,#2038,.F.);
#2903=ORIENTED_EDGE('',*,*,#2070,.F.);
#2904=ORIENTED_EDGE('',*,*,#2042,.F.);
#2905=ORIENTED_EDGE('',*,*,#2070,.T.);
#2906=ORIENTED_EDGE('',*,*,#2037,.F.);
#2907=ORIENTED_EDGE('',*,*,#2054,.F.);
#2908=ORIENTED_EDGE('',*,*,#2040,.F.);
#2909=ORIENTED_EDGE('',*,*,#1971,.F.);
#2910=ORIENTED_EDGE('',*,*,#1912,.T.);
#2911=ORIENTED_EDGE('',*,*,#1980,.F.);
#2912=ORIENTED_EDGE('',*,*,#2013,.F.);
#2913=ORIENTED_EDGE('',*,*,#2071,.F.);
#2914=ORIENTED_EDGE('',*,*,#2072,.F.);
#2915=ORIENTED_EDGE('',*,*,#2073,.F.);
#2916=ORIENTED_EDGE('',*,*,#2074,.F.);
#2917=ORIENTED_EDGE('',*,*,#2075,.F.);
#2918=ORIENTED_EDGE('',*,*,#2076,.T.);
#2919=ORIENTED_EDGE('',*,*,#2077,.F.);
#2920=ORIENTED_EDGE('',*,*,#2078,.T.);
#2921=ORIENTED_EDGE('',*,*,#2079,.F.);
#2922=ORIENTED_EDGE('',*,*,#2078,.F.);
#2923=ORIENTED_EDGE('',*,*,#2080,.F.);
#2924=ORIENTED_EDGE('',*,*,#2081,.F.);
#2925=ORIENTED_EDGE('',*,*,#2082,.F.);
#2926=ORIENTED_EDGE('',*,*,#2074,.T.);
#2927=ORIENTED_EDGE('',*,*,#2083,.F.);
#2928=ORIENTED_EDGE('',*,*,#2076,.F.);
#2929=ORIENTED_EDGE('',*,*,#2084,.F.);
#2930=ORIENTED_EDGE('',*,*,#2085,.F.);
#2931=ORIENTED_EDGE('',*,*,#2086,.F.);
#2932=ORIENTED_EDGE('',*,*,#2087,.F.);
#2933=ORIENTED_EDGE('',*,*,#2088,.T.);
#2934=ORIENTED_EDGE('',*,*,#2071,.T.);
#2935=ORIENTED_EDGE('',*,*,#2082,.T.);
#2936=ORIENTED_EDGE('',*,*,#2075,.T.);
#2937=ORIENTED_EDGE('',*,*,#2079,.T.);
#2938=ORIENTED_EDGE('',*,*,#2089,.T.);
#2939=ORIENTED_EDGE('',*,*,#2090,.T.);
#2940=ORIENTED_EDGE('',*,*,#2091,.T.);
#2941=ORIENTED_EDGE('',*,*,#2092,.T.);
#2942=ORIENTED_EDGE('',*,*,#2093,.T.);
#2943=ORIENTED_EDGE('',*,*,#2094,.T.);
#2944=ORIENTED_EDGE('',*,*,#2084,.T.);
#2945=ORIENTED_EDGE('',*,*,#2095,.T.);
#2946=ORIENTED_EDGE('',*,*,#2096,.T.);
#2947=ORIENTED_EDGE('',*,*,#2097,.T.);
#2948=ORIENTED_EDGE('',*,*,#2087,.T.);
#2949=ORIENTED_EDGE('',*,*,#2097,.F.);
#2950=ORIENTED_EDGE('',*,*,#2098,.T.);
#2951=ORIENTED_EDGE('',*,*,#2092,.F.);
#2952=ORIENTED_EDGE('',*,*,#2099,.T.);
#2953=ORIENTED_EDGE('',*,*,#2100,.T.);
#2954=ORIENTED_EDGE('',*,*,#2101,.T.);
#2955=ORIENTED_EDGE('',*,*,#2086,.T.);
#2956=ORIENTED_EDGE('',*,*,#2101,.F.);
#2957=ORIENTED_EDGE('',*,*,#2102,.T.);
#2958=ORIENTED_EDGE('',*,*,#2095,.F.);
#2959=ORIENTED_EDGE('',*,*,#2103,.T.);
#2960=ORIENTED_EDGE('',*,*,#2104,.T.);
#2961=ORIENTED_EDGE('',*,*,#2105,.T.);
#2962=ORIENTED_EDGE('',*,*,#2085,.T.);
#2963=ORIENTED_EDGE('',*,*,#2105,.F.);
#2964=ORIENTED_EDGE('',*,*,#2106,.T.);
#2965=ORIENTED_EDGE('',*,*,#2099,.F.);
#2966=ORIENTED_EDGE('',*,*,#2094,.F.);
#2967=ORIENTED_EDGE('',*,*,#2107,.T.);
#2968=ORIENTED_EDGE('',*,*,#2103,.F.);
#2969=ORIENTED_EDGE('',*,*,#2102,.F.);
#2970=ORIENTED_EDGE('',*,*,#2108,.T.);
#2971=ORIENTED_EDGE('',*,*,#2109,.T.);
#2972=ORIENTED_EDGE('',*,*,#2110,.T.);
#2973=ORIENTED_EDGE('',*,*,#2100,.F.);
#2974=ORIENTED_EDGE('',*,*,#2111,.F.);
#2975=ORIENTED_EDGE('',*,*,#2112,.F.);
#2976=ORIENTED_EDGE('',*,*,#2108,.F.);
#2977=ORIENTED_EDGE('',*,*,#2106,.F.);
#2978=ORIENTED_EDGE('',*,*,#2113,.T.);
#2979=ORIENTED_EDGE('',*,*,#2114,.T.);
#2980=ORIENTED_EDGE('',*,*,#2111,.T.);
#2981=ORIENTED_EDGE('',*,*,#2104,.F.);
#2982=ORIENTED_EDGE('',*,*,#2115,.F.);
#2983=ORIENTED_EDGE('',*,*,#2116,.F.);
#2984=ORIENTED_EDGE('',*,*,#2113,.F.);
#2985=ORIENTED_EDGE('',*,*,#2117,.T.);
#2986=ORIENTED_EDGE('',*,*,#2112,.T.);
#2987=ORIENTED_EDGE('',*,*,#2118,.T.);
#2988=ORIENTED_EDGE('',*,*,#2119,.T.);
#2989=ORIENTED_EDGE('',*,*,#2117,.F.);
#2990=ORIENTED_EDGE('',*,*,#2120,.T.);
#2991=ORIENTED_EDGE('',*,*,#2109,.F.);
#2992=ORIENTED_EDGE('',*,*,#2114,.F.);
#2993=ORIENTED_EDGE('',*,*,#2121,.T.);
#2994=ORIENTED_EDGE('',*,*,#2118,.F.);
#2995=ORIENTED_EDGE('',*,*,#2120,.F.);
#2996=ORIENTED_EDGE('',*,*,#2122,.T.);
#2997=ORIENTED_EDGE('',*,*,#2123,.T.);
#2998=ORIENTED_EDGE('',*,*,#2124,.T.);
#2999=ORIENTED_EDGE('',*,*,#2119,.F.);
#3000=ORIENTED_EDGE('',*,*,#2125,.F.);
#3001=ORIENTED_EDGE('',*,*,#2126,.F.);
#3002=ORIENTED_EDGE('',*,*,#2122,.F.);
#3003=ORIENTED_EDGE('',*,*,#2073,.T.);
#3004=ORIENTED_EDGE('',*,*,#2127,.T.);
#3005=ORIENTED_EDGE('',*,*,#2080,.T.);
#3006=ORIENTED_EDGE('',*,*,#2077,.T.);
#3007=ORIENTED_EDGE('',*,*,#2083,.T.);
#3008=ORIENTED_EDGE('',*,*,#2128,.T.);
#3009=ORIENTED_EDGE('',*,*,#2129,.T.);
#3010=ORIENTED_EDGE('',*,*,#2130,.T.);
#3011=ORIENTED_EDGE('',*,*,#2121,.F.);
#3012=ORIENTED_EDGE('',*,*,#2116,.T.);
#3013=ORIENTED_EDGE('',*,*,#2131,.F.);
#3014=ORIENTED_EDGE('',*,*,#2125,.T.);
#3015=ORIENTED_EDGE('',*,*,#2098,.F.);
#3016=ORIENTED_EDGE('',*,*,#2132,.T.);
#3017=ORIENTED_EDGE('',*,*,#2133,.T.);
#3018=ORIENTED_EDGE('',*,*,#2134,.T.);
#3019=ORIENTED_EDGE('',*,*,#2123,.F.);
#3020=ORIENTED_EDGE('',*,*,#2135,.T.);
#3021=ORIENTED_EDGE('',*,*,#2133,.F.);
#3022=ORIENTED_EDGE('',*,*,#2093,.F.);
#3023=ORIENTED_EDGE('',*,*,#2134,.F.);
#3024=ORIENTED_EDGE('',*,*,#2136,.F.);
#3025=ORIENTED_EDGE('',*,*,#2137,.F.);
#3026=ORIENTED_EDGE('',*,*,#2135,.F.);
#3027=ORIENTED_EDGE('',*,*,#2126,.T.);
#3028=ORIENTED_EDGE('',*,*,#2138,.T.);
#3029=ORIENTED_EDGE('',*,*,#2136,.T.);
#3030=ORIENTED_EDGE('',*,*,#2107,.F.);
#3031=ORIENTED_EDGE('',*,*,#2137,.T.);
#3032=ORIENTED_EDGE('',*,*,#2139,.T.);
#3033=ORIENTED_EDGE('',*,*,#2115,.T.);
#3034=ORIENTED_EDGE('',*,*,#2138,.F.);
#3035=ORIENTED_EDGE('',*,*,#2131,.T.);
#3036=ORIENTED_EDGE('',*,*,#2139,.F.);
#3037=ORIENTED_EDGE('',*,*,#2088,.F.);
#3038=ORIENTED_EDGE('',*,*,#2140,.T.);
#3039=ORIENTED_EDGE('',*,*,#2130,.F.);
#3040=ORIENTED_EDGE('',*,*,#2140,.F.);
#3041=ORIENTED_EDGE('',*,*,#2072,.T.);
#3042=ORIENTED_EDGE('',*,*,#2089,.F.);
#3043=ORIENTED_EDGE('',*,*,#2081,.T.);
#3044=ORIENTED_EDGE('',*,*,#2127,.F.);
#3045=ORIENTED_EDGE('',*,*,#2090,.F.);
#3046=ORIENTED_EDGE('',*,*,#2141,.T.);
#3047=ORIENTED_EDGE('',*,*,#2129,.F.);
#3048=ORIENTED_EDGE('',*,*,#2141,.F.);
#3049=ORIENTED_EDGE('',*,*,#2091,.F.);
#3050=ORIENTED_EDGE('',*,*,#2142,.T.);
#3051=ORIENTED_EDGE('',*,*,#2128,.F.);
#3052=ORIENTED_EDGE('',*,*,#2142,.F.);
#3053=ORIENTED_EDGE('',*,*,#2096,.F.);
#3054=ORIENTED_EDGE('',*,*,#2110,.F.);
#3055=ORIENTED_EDGE('',*,*,#2124,.F.);
#3056=ORIENTED_EDGE('',*,*,#2132,.F.);
#3057=PLANE('',#3427);
#3058=PLANE('',#3428);
#3059=PLANE('',#3429);
#3060=PLANE('',#3430);
#3061=PLANE('',#3431);
#3062=PLANE('',#3432);
#3063=PLANE('',#3433);
#3064=PLANE('',#3434);
#3065=PLANE('',#3435);
#3066=PLANE('',#3436);
#3067=PLANE('',#3437);
#3068=PLANE('',#3438);
#3069=PLANE('',#3439);
#3070=PLANE('',#3440);
#3071=PLANE('',#3441);
#3072=PLANE('',#3442);
#3073=PLANE('',#3443);
#3074=PLANE('',#3444);
#3075=PLANE('',#3471);
#3076=PLANE('',#3474);
#3077=PLANE('',#3484);
#3078=PLANE('',#3495);
#3079=PLANE('',#3505);
#3080=PLANE('',#3511);
#3081=PLANE('',#3517);
#3082=PLANE('',#3518);
#3083=PLANE('',#3519);
#3084=PLANE('',#3520);
#3085=PLANE('',#3521);
#3086=PLANE('',#3522);
#3087=PLANE('',#3523);
#3088=PLANE('',#3524);
#3089=PLANE('',#3525);
#3090=PLANE('',#3526);
#3091=PLANE('',#3527);
#3092=PLANE('',#3528);
#3093=PLANE('',#3529);
#3094=PLANE('',#3533);
#3095=PLANE('',#3534);
#3096=PLANE('',#3538);
#3097=PLANE('',#3539);
#3098=PLANE('',#3540);
#3099=PLANE('',#3541);
#3100=PLANE('',#3542);
#3101=PLANE('',#3543);
#3102=PLANE('',#3544);
#3103=PLANE('',#3545);
#3104=PLANE('',#3546);
#3105=PLANE('',#3547);
#3106=PLANE('',#3548);
#3107=PLANE('',#3549);
#3108=PLANE('',#3550);
#3109=PLANE('',#3552);
#3110=PLANE('',#3553);
#3111=PLANE('',#3554);
#3112=PLANE('',#3555);
#3113=PLANE('',#3556);
#3114=PLANE('',#3559);
#3115=PLANE('',#3560);
#3116=PLANE('',#3561);
#3117=PLANE('',#3562);
#3118=PLANE('',#3563);
#3119=PLANE('',#3569);
#3120=PLANE('',#3571);
#3121=PLANE('',#3572);
#3122=PLANE('',#3576);
#3123=PLANE('',#3577);
#3124=PLANE('',#3587);
#3125=PLANE('',#3588);
#3126=PLANE('',#3589);
#3127=PLANE('',#3596);
#3128=PLANE('',#3597);
#3129=PLANE('',#3606);
#3130=PLANE('',#3607);
#3131=PLANE('',#3608);
#3132=PLANE('',#3609);
#3133=PLANE('',#3610);
#3134=PLANE('',#3611);
#3135=PLANE('',#3647);
#3136=PLANE('',#3652);
#3137=PLANE('',#3662);
#3138=PLANE('',#3664);
#3139=PLANE('',#3669);
#3140=PLANE('',#3670);
#3141=PLANE('',#3671);
#3142=PLANE('',#3672);
#3143=PLANE('',#3673);
#3144=PLANE('',#3675);
#3145=PLANE('',#3683);
#3146=PLANE('',#3684);
#3147=PLANE('',#3685);
#3148=PLANE('',#3688);
#3149=PLANE('',#3689);
#3150=PLANE('',#3690);
#3151=PLANE('',#3691);
#3152=PLANE('',#3692);
#3153=PLANE('',#3693);
#3154=PLANE('',#3694);
#3155=PLANE('',#3721);
#3156=PLANE('',#3724);
#3157=PLANE('',#3734);
#3158=PLANE('',#3745);
#3159=PLANE('',#3755);
#3160=ADVANCED_FACE('',(#354),#3057,.F.);
#3161=ADVANCED_FACE('',(#355),#3058,.F.);
#3162=ADVANCED_FACE('',(#356),#3059,.F.);
#3163=ADVANCED_FACE('',(#357),#3060,.F.);
#3164=ADVANCED_FACE('',(#358),#3061,.F.);
#3165=ADVANCED_FACE('',(#359),#3062,.F.);
#3166=ADVANCED_FACE('',(#360),#3063,.F.);
#3167=ADVANCED_FACE('',(#361),#3064,.F.);
#3168=ADVANCED_FACE('',(#362),#3065,.F.);
#3169=ADVANCED_FACE('',(#363),#3066,.F.);
#3170=ADVANCED_FACE('',(#364),#3067,.F.);
#3171=ADVANCED_FACE('',(#365),#3068,.F.);
#3172=ADVANCED_FACE('',(#366),#3069,.T.);
#3173=ADVANCED_FACE('',(#367),#3070,.T.);
#3174=ADVANCED_FACE('',(#368),#3071,.T.);
#3175=ADVANCED_FACE('',(#369),#3072,.T.);
#3176=ADVANCED_FACE('',(#370),#3073,.T.);
#3177=ADVANCED_FACE('',(#371,#311,#312,#313,#314,#315,#316,#317),#3074,
 .F.);
#3178=ADVANCED_FACE('',(#372),#113,.T.);
#3179=ADVANCED_FACE('',(#373),#114,.T.);
#3180=ADVANCED_FACE('',(#374),#88,.T.);
#3181=ADVANCED_FACE('',(#375),#115,.T.);
#3182=ADVANCED_FACE('',(#376),#89,.T.);
#3183=ADVANCED_FACE('',(#377),#116,.T.);
#3184=ADVANCED_FACE('',(#378),#90,.T.);
#3185=ADVANCED_FACE('',(#379),#91,.T.);
#3186=ADVANCED_FACE('',(#380),#117,.T.);
#3187=ADVANCED_FACE('',(#381),#3075,.T.);
#3188=ADVANCED_FACE('',(#382),#118,.T.);
#3189=ADVANCED_FACE('',(#383),#3076,.T.);
#3190=ADVANCED_FACE('',(#384),#119,.T.);
#3191=ADVANCED_FACE('',(#385),#92,.T.);
#3192=ADVANCED_FACE('',(#386),#93,.T.);
#3193=ADVANCED_FACE('',(#387),#120,.T.);
#3194=ADVANCED_FACE('',(#388,#318,#319,#320,#321,#322,#323,#324,#325),#3077,
 .T.);
#3195=ADVANCED_FACE('',(#389),#121,.T.);
#3196=ADVANCED_FACE('',(#390),#122,.T.);
#3197=ADVANCED_FACE('',(#391),#94,.T.);
#3198=ADVANCED_FACE('',(#392),#3078,.T.);
#3199=ADVANCED_FACE('',(#393),#123,.T.);
#3200=ADVANCED_FACE('',(#394),#124,.T.);
#3201=ADVANCED_FACE('',(#395),#95,.T.);
#3202=ADVANCED_FACE('',(#396),#125,.F.);
#3203=ADVANCED_FACE('',(#397),#126,.F.);
#3204=ADVANCED_FACE('',(#398),#127,.F.);
#3205=ADVANCED_FACE('',(#399),#128,.F.);
#3206=ADVANCED_FACE('',(#400),#3079,.T.);
#3207=ADVANCED_FACE('',(#401),#71,.F.);
#3208=ADVANCED_FACE('',(#402,#326),#3080,.T.);
#3209=ADVANCED_FACE('',(#403),#129,.T.);
#3210=ADVANCED_FACE('',(#404),#70,.T.);
#3211=ADVANCED_FACE('',(#405),#3081,.F.);
#3212=ADVANCED_FACE('',(#406),#3082,.F.);
#3213=ADVANCED_FACE('',(#407),#3083,.F.);
#3214=ADVANCED_FACE('',(#408),#3084,.F.);
#3215=ADVANCED_FACE('',(#409),#3085,.F.);
#3216=ADVANCED_FACE('',(#410),#3086,.F.);
#3217=ADVANCED_FACE('',(#411),#3087,.F.);
#3218=ADVANCED_FACE('',(#412),#3088,.F.);
#3219=ADVANCED_FACE('',(#413),#3089,.F.);
#3220=ADVANCED_FACE('',(#414),#3090,.F.);
#3221=ADVANCED_FACE('',(#415),#3091,.F.);
#3222=ADVANCED_FACE('',(#416),#3092,.F.);
#3223=ADVANCED_FACE('',(#417,#327),#3093,.T.);
#3224=ADVANCED_FACE('',(#418),#130,.T.);
#3225=ADVANCED_FACE('',(#419),#3094,.T.);
#3226=ADVANCED_FACE('',(#420,#328),#3095,.T.);
#3227=ADVANCED_FACE('',(#421),#96,.T.);
#3228=ADVANCED_FACE('',(#422),#3096,.F.);
#3229=ADVANCED_FACE('',(#423),#3097,.F.);
#3230=ADVANCED_FACE('',(#424),#3098,.F.);
#3231=ADVANCED_FACE('',(#425),#3099,.F.);
#3232=ADVANCED_FACE('',(#426),#3100,.F.);
#3233=ADVANCED_FACE('',(#427),#3101,.F.);
#3234=ADVANCED_FACE('',(#428),#3102,.F.);
#3235=ADVANCED_FACE('',(#429),#3103,.F.);
#3236=ADVANCED_FACE('',(#430),#3104,.F.);
#3237=ADVANCED_FACE('',(#431),#3105,.F.);
#3238=ADVANCED_FACE('',(#432),#3106,.F.);
#3239=ADVANCED_FACE('',(#433),#3107,.F.);
#3240=ADVANCED_FACE('',(#434,#329,#330,#331),#3108,.F.);
#3241=ADVANCED_FACE('',(#435),#3109,.T.);
#3242=ADVANCED_FACE('',(#436),#3110,.T.);
#3243=ADVANCED_FACE('',(#437),#3111,.T.);
#3244=ADVANCED_FACE('',(#438),#3112,.T.);
#3245=ADVANCED_FACE('',(#439),#3113,.T.);
#3246=ADVANCED_FACE('',(#440),#131,.F.);
#3247=ADVANCED_FACE('',(#441,#332,#333,#334,#335),#3114,.T.);
#3248=ADVANCED_FACE('',(#442),#3115,.T.);
#3249=ADVANCED_FACE('',(#443),#3116,.T.);
#3250=ADVANCED_FACE('',(#444),#3117,.T.);
#3251=ADVANCED_FACE('',(#445),#3118,.T.);
#3252=ADVANCED_FACE('',(#446),#132,.T.);
#3253=ADVANCED_FACE('',(#447),#3119,.T.);
#3254=ADVANCED_FACE('',(#448),#3120,.T.);
#3255=ADVANCED_FACE('',(#449),#3121,.T.);
#3256=ADVANCED_FACE('',(#450),#47,.F.);
#3257=ADVANCED_FACE('',(#451),#48,.F.);
#3258=ADVANCED_FACE('',(#452),#3122,.T.);
#3259=ADVANCED_FACE('',(#453),#3123,.T.);
#3260=ADVANCED_FACE('',(#454),#133,.T.);
#3261=ADVANCED_FACE('',(#455),#134,.T.);
#3262=ADVANCED_FACE('',(#456),#135,.T.);
#3263=ADVANCED_FACE('',(#457),#3124,.T.);
#3264=ADVANCED_FACE('',(#458),#3125,.T.);
#3265=ADVANCED_FACE('',(#459),#3126,.T.);
#3266=ADVANCED_FACE('',(#460),#49,.F.);
#3267=ADVANCED_FACE('',(#461),#50,.F.);
#3268=ADVANCED_FACE('',(#462),#136,.T.);
#3269=ADVANCED_FACE('',(#463),#137,.T.);
#3270=ADVANCED_FACE('',(#464),#3127,.T.);
#3271=ADVANCED_FACE('',(#465),#3128,.T.);
#3272=ADVANCED_FACE('',(#466),#51,.F.);
#3273=ADVANCED_FACE('',(#467),#52,.F.);
#3274=ADVANCED_FACE('',(#468),#138,.T.);
#3275=ADVANCED_FACE('',(#469),#139,.T.);
#3276=ADVANCED_FACE('',(#470),#140,.T.);
#3277=ADVANCED_FACE('',(#471),#53,.F.);
#3278=ADVANCED_FACE('',(#472),#141,.T.);
#3279=ADVANCED_FACE('',(#473),#3129,.T.);
#3280=ADVANCED_FACE('',(#474),#3130,.T.);
#3281=ADVANCED_FACE('',(#475),#3131,.T.);
#3282=ADVANCED_FACE('',(#476),#3132,.T.);
#3283=ADVANCED_FACE('',(#477),#3133,.T.);
#3284=ADVANCED_FACE('',(#478),#3134,.T.);
#3285=ADVANCED_FACE('',(#479),#97,.T.);
#3286=ADVANCED_FACE('',(#480),#98,.T.);
#3287=ADVANCED_FACE('',(#481),#99,.T.);
#3288=ADVANCED_FACE('',(#482),#100,.T.);
#3289=ADVANCED_FACE('',(#483),#101,.T.);
#3290=ADVANCED_FACE('',(#484),#142,.T.);
#3291=ADVANCED_FACE('',(#485),#102,.T.);
#3292=ADVANCED_FACE('',(#486),#103,.T.);
#3293=ADVANCED_FACE('',(#487),#104,.T.);
#3294=ADVANCED_FACE('',(#488),#143,.T.);
#3295=ADVANCED_FACE('',(#489),#144,.T.);
#3296=ADVANCED_FACE('',(#490),#145,.T.);
#3297=ADVANCED_FACE('',(#491),#146,.T.);
#3298=ADVANCED_FACE('',(#492),#147,.T.);
#3299=ADVANCED_FACE('',(#493),#148,.T.);
#3300=ADVANCED_FACE('',(#494),#149,.T.);
#3301=ADVANCED_FACE('',(#495),#150,.T.);
#3302=ADVANCED_FACE('',(#496,#336,#337,#338,#339),#3135,.F.);
#3303=ADVANCED_FACE('',(#497,#340,#341,#342,#343,#344,#345),#3136,.T.);
#3304=ADVANCED_FACE('',(#498),#3137,.T.);
#3305=ADVANCED_FACE('',(#499),#3138,.T.);
#3306=ADVANCED_FACE('',(#500),#3139,.T.);
#3307=ADVANCED_FACE('',(#501),#3140,.T.);
#3308=ADVANCED_FACE('',(#502),#3141,.F.);
#3309=ADVANCED_FACE('',(#503),#3142,.F.);
#3310=ADVANCED_FACE('',(#504),#3143,.F.);
#3311=ADVANCED_FACE('',(#505),#151,.T.);
#3312=ADVANCED_FACE('',(#506),#3144,.F.);
#3313=ADVANCED_FACE('',(#507),#152,.T.);
#3314=ADVANCED_FACE('',(#508),#153,.T.);
#3315=ADVANCED_FACE('',(#509),#154,.F.);
#3316=ADVANCED_FACE('',(#510),#155,.F.);
#3317=ADVANCED_FACE('',(#511),#156,.F.);
#3318=ADVANCED_FACE('',(#512),#157,.F.);
#3319=ADVANCED_FACE('',(#513),#158,.T.);
#3320=ADVANCED_FACE('',(#514),#3145,.F.);
#3321=ADVANCED_FACE('',(#515),#3146,.F.);
#3322=ADVANCED_FACE('',(#516),#3147,.F.);
#3323=ADVANCED_FACE('',(#517),#159,.T.);
#3324=ADVANCED_FACE('',(#518),#160,.T.);
#3325=ADVANCED_FACE('',(#519),#3148,.F.);
#3326=ADVANCED_FACE('',(#520),#3149,.T.);
#3327=ADVANCED_FACE('',(#521),#3150,.F.);
#3328=ADVANCED_FACE('',(#522),#3151,.F.);
#3329=ADVANCED_FACE('',(#523),#3152,.F.);
#3330=ADVANCED_FACE('',(#524),#3153,.F.);
#3331=ADVANCED_FACE('',(#525,#346,#347,#348,#349),#3154,.F.);
#3332=ADVANCED_FACE('',(#526),#161,.T.);
#3333=ADVANCED_FACE('',(#527),#162,.T.);
#3334=ADVANCED_FACE('',(#528),#105,.T.);
#3335=ADVANCED_FACE('',(#529),#163,.T.);
#3336=ADVANCED_FACE('',(#530),#106,.T.);
#3337=ADVANCED_FACE('',(#531),#164,.T.);
#3338=ADVANCED_FACE('',(#532),#107,.T.);
#3339=ADVANCED_FACE('',(#533),#108,.T.);
#3340=ADVANCED_FACE('',(#534),#165,.T.);
#3341=ADVANCED_FACE('',(#535),#3155,.T.);
#3342=ADVANCED_FACE('',(#536),#166,.T.);
#3343=ADVANCED_FACE('',(#537),#3156,.T.);
#3344=ADVANCED_FACE('',(#538),#167,.T.);
#3345=ADVANCED_FACE('',(#539),#109,.T.);
#3346=ADVANCED_FACE('',(#540),#110,.T.);
#3347=ADVANCED_FACE('',(#541),#168,.T.);
#3348=ADVANCED_FACE('',(#542,#350,#351,#352,#353),#3157,.T.);
#3349=ADVANCED_FACE('',(#543),#169,.T.);
#3350=ADVANCED_FACE('',(#544),#170,.T.);
#3351=ADVANCED_FACE('',(#545),#111,.T.);
#3352=ADVANCED_FACE('',(#546),#3158,.T.);
#3353=ADVANCED_FACE('',(#547),#171,.T.);
#3354=ADVANCED_FACE('',(#548),#172,.T.);
#3355=ADVANCED_FACE('',(#549),#112,.T.);
#3356=ADVANCED_FACE('',(#550),#173,.F.);
#3357=ADVANCED_FACE('',(#551),#174,.F.);
#3358=ADVANCED_FACE('',(#552),#175,.F.);
#3359=ADVANCED_FACE('',(#553),#176,.F.);
#3360=ADVANCED_FACE('',(#554),#3159,.T.);
#3361=CLOSED_SHELL('',(#3160,#3161,#3162,#3163,#3164,#3165,#3166,#3167,
#3168,#3169,#3170,#3171,#3172,#3173,#3174,#3175,#3176,#3177,#3178,#3179,
#3180,#3181,#3182,#3183,#3184,#3185,#3186,#3187,#3188,#3189,#3190,#3191,
#3192,#3193,#3194,#3195,#3196,#3197,#3198,#3199,#3200,#3201,#3202,#3203,
#3204,#3205,#3206));
#3362=CLOSED_SHELL('',(#3207,#3208,#3209,#3210,#3211,#3212,#3213,#3214,
#3215,#3216,#3217,#3218,#3219,#3220,#3221,#3222,#3223,#3224,#3225,#3226,
#3227));
#3363=CLOSED_SHELL('',(#3228,#3229,#3230,#3231,#3232,#3233,#3234,#3235,
#3236,#3237,#3238,#3239,#3240,#3241,#3242,#3243,#3244,#3245,#3246,#3247,
#3248,#3249,#3250,#3251));
#3364=CLOSED_SHELL('',(#3252,#3253,#3254,#3255,#3256,#3257,#3258,#3259,
#3260,#3261,#3262,#3263,#3264,#3265,#3266,#3267,#3268,#3269,#3270,#3271,
#3272,#3273,#3274,#3275,#3276,#3277,#3278,#3279,#3280,#3281,#3282,#3283,
#3284,#3285,#3286,#3287,#3288,#3289,#3290,#3291,#3292,#3293,#3294,#3295,
#3296,#3297,#3298,#3299,#3300,#3301,#3302,#3303,#3304,#3305,#3306,#3307,
#3308,#3309,#3310,#3311,#3312,#3313,#3314,#3315,#3316,#3317,#3318,#3319,
#3320,#3321,#3322,#3323,#3324,#3325,#3326));
#3365=CLOSED_SHELL('',(#3327,#3328,#3329,#3330,#3331,#3332,#3333,#3334,
#3335,#3336,#3337,#3338,#3339,#3340,#3341,#3342,#3343,#3344,#3345,#3346,
#3347,#3348,#3349,#3350,#3351,#3352,#3353,#3354,#3355,#3356,#3357,#3358,
#3359,#3360));
#3366=DERIVED_UNIT_ELEMENT(#3376,1.);
#3367=DERIVED_UNIT_ELEMENT(#5988,-3.);
#3368=DERIVED_UNIT_ELEMENT(#3376,1.);
#3369=DERIVED_UNIT_ELEMENT(#5988,-3.);
#3370=DERIVED_UNIT_ELEMENT(#3376,1.);
#3371=DERIVED_UNIT_ELEMENT(#5988,-3.);
#3372=DERIVED_UNIT_ELEMENT(#3376,1.);
#3373=DERIVED_UNIT_ELEMENT(#5988,-3.);
#3374=DERIVED_UNIT_ELEMENT(#3376,1.);
#3375=DERIVED_UNIT_ELEMENT(#5988,-3.);
#3376=(
MASS_UNIT()
NAMED_UNIT(*)
SI_UNIT(.KILO.,.GRAM.)
);
#3377=DERIVED_UNIT((#3366,#3367));
#3378=DERIVED_UNIT((#3368,#3369));
#3379=DERIVED_UNIT((#3370,#3371));
#3380=DERIVED_UNIT((#3372,#3373));
#3381=DERIVED_UNIT((#3374,#3375));
#3382=MEASURE_REPRESENTATION_ITEM('density measure',
POSITIVE_RATIO_MEASURE(7850.),#3377);
#3383=MEASURE_REPRESENTATION_ITEM('density measure',
POSITIVE_RATIO_MEASURE(7850.),#3378);
#3384=MEASURE_REPRESENTATION_ITEM('density measure',
POSITIVE_RATIO_MEASURE(7850.),#3379);
#3385=MEASURE_REPRESENTATION_ITEM('density measure',
POSITIVE_RATIO_MEASURE(7850.),#3380);
#3386=MEASURE_REPRESENTATION_ITEM('density measure',
POSITIVE_RATIO_MEASURE(7750.),#3381);
#3387=PROPERTY_DEFINITION_REPRESENTATION(#3412,#3397);
#3388=PROPERTY_DEFINITION_REPRESENTATION(#3413,#3398);
#3389=PROPERTY_DEFINITION_REPRESENTATION(#3414,#3399);
#3390=PROPERTY_DEFINITION_REPRESENTATION(#3415,#3400);
#3391=PROPERTY_DEFINITION_REPRESENTATION(#3416,#3401);
#3392=PROPERTY_DEFINITION_REPRESENTATION(#3417,#3402);
#3393=PROPERTY_DEFINITION_REPRESENTATION(#3418,#3403);
#3394=PROPERTY_DEFINITION_REPRESENTATION(#3419,#3404);
#3395=PROPERTY_DEFINITION_REPRESENTATION(#3420,#3405);
#3396=PROPERTY_DEFINITION_REPRESENTATION(#3421,#3406);
#3397=REPRESENTATION('material name',(#3407),#5981);
#3398=REPRESENTATION('density',(#3382),#5981);
#3399=REPRESENTATION('material name',(#3408),#5982);
#3400=REPRESENTATION('density',(#3383),#5982);
#3401=REPRESENTATION('material name',(#3409),#5983);
#3402=REPRESENTATION('density',(#3384),#5983);
#3403=REPRESENTATION('material name',(#3410),#5984);
#3404=REPRESENTATION('density',(#3385),#5984);
#3405=REPRESENTATION('material name',(#3411),#5985);
#3406=REPRESENTATION('density',(#3386),#5985);
#3407=DESCRIPTIVE_REPRESENTATION_ITEM('Steel','Steel');
#3408=DESCRIPTIVE_REPRESENTATION_ITEM('Steel','Steel');
#3409=DESCRIPTIVE_REPRESENTATION_ITEM('Steel','Steel');
#3410=DESCRIPTIVE_REPRESENTATION_ITEM('Steel','Steel');
#3411=DESCRIPTIVE_REPRESENTATION_ITEM('Steel 4.6, Plain',
'Steel 4.6, Plain');
#3412=PROPERTY_DEFINITION('material property','material name',#6020);
#3413=PROPERTY_DEFINITION('material property','density of part',#6020);
#3414=PROPERTY_DEFINITION('material property','material name',#6021);
#3415=PROPERTY_DEFINITION('material property','density of part',#6021);
#3416=PROPERTY_DEFINITION('material property','material name',#6022);
#3417=PROPERTY_DEFINITION('material property','density of part',#6022);
#3418=PROPERTY_DEFINITION('material property','material name',#6023);
#3419=PROPERTY_DEFINITION('material property','density of part',#6023);
#3420=PROPERTY_DEFINITION('material property','material name',#6024);
#3421=PROPERTY_DEFINITION('material property','density of part',#6024);
#3422=AXIS2_PLACEMENT_3D('',#4758,#3765,#3766);
#3423=AXIS2_PLACEMENT_3D('',#4759,#3767,#3768);
#3424=AXIS2_PLACEMENT_3D('',#4760,#3769,#3770);
#3425=AXIS2_PLACEMENT_3D('',#4761,#3771,#3772);
#3426=AXIS2_PLACEMENT_3D('',#4762,#3773,#3774);
#3427=AXIS2_PLACEMENT_3D('',#4763,#3775,#3776);
#3428=AXIS2_PLACEMENT_3D('',#4772,#3781,#3782);
#3429=AXIS2_PLACEMENT_3D('',#4778,#3786,#3787);
#3430=AXIS2_PLACEMENT_3D('',#4784,#3791,#3792);
#3431=AXIS2_PLACEMENT_3D('',#4787,#3795,#3796);
#3432=AXIS2_PLACEMENT_3D('',#4796,#3801,#3802);
#3433=AXIS2_PLACEMENT_3D('',#4802,#3806,#3807);
#3434=AXIS2_PLACEMENT_3D('',#4808,#3811,#3812);
#3435=AXIS2_PLACEMENT_3D('',#4811,#3815,#3816);
#3436=AXIS2_PLACEMENT_3D('',#4820,#3821,#3822);
#3437=AXIS2_PLACEMENT_3D('',#4826,#3826,#3827);
#3438=AXIS2_PLACEMENT_3D('',#4832,#3831,#3832);
#3439=AXIS2_PLACEMENT_3D('',#4835,#3835,#3836);
#3440=AXIS2_PLACEMENT_3D('',#4844,#3841,#3842);
#3441=AXIS2_PLACEMENT_3D('',#4850,#3846,#3847);
#3442=AXIS2_PLACEMENT_3D('',#4854,#3850,#3851);
#3443=AXIS2_PLACEMENT_3D('',#4858,#3854,#3855);
#3444=AXIS2_PLACEMENT_3D('',#4860,#3857,#3858);
#3445=AXIS2_PLACEMENT_3D('',#4870,#3863,#3864);
#3446=AXIS2_PLACEMENT_3D('',#4872,#3865,#3866);
#3447=AXIS2_PLACEMENT_3D('',#4874,#3867,#3868);
#3448=AXIS2_PLACEMENT_3D('',#4876,#3869,#3870);
#3449=AXIS2_PLACEMENT_3D('',#4877,#3871,#3872);
#3450=AXIS2_PLACEMENT_3D('',#4879,#3873,#3874);
#3451=AXIS2_PLACEMENT_3D('',#4882,#3876,#3877);
#3452=AXIS2_PLACEMENT_3D('',#4883,#3878,#3879);
#3453=AXIS2_PLACEMENT_3D('',#4885,#3880,#3881);
#3454=AXIS2_PLACEMENT_3D('',#4888,#3883,#3884);
#3455=AXIS2_PLACEMENT_3D('',#4889,#3885,#3886);
#3456=AXIS2_PLACEMENT_3D('',#4890,#3887,#3888);
#3457=AXIS2_PLACEMENT_3D('',#4891,#3889,#3890);
#3458=AXIS2_PLACEMENT_3D('',#4893,#3891,#3892);
#3459=AXIS2_PLACEMENT_3D('',#4896,#3894,#3895);
#3460=AXIS2_PLACEMENT_3D('',#4897,#3896,#3897);
#3461=AXIS2_PLACEMENT_3D('',#4898,#3898,#3899);
#3462=AXIS2_PLACEMENT_3D('',#4899,#3900,#3901);
#3463=AXIS2_PLACEMENT_3D('',#4901,#3902,#3903);
#3464=AXIS2_PLACEMENT_3D('',#4904,#3905,#3906);
#3465=AXIS2_PLACEMENT_3D('',#4905,#3907,#3908);
#3466=AXIS2_PLACEMENT_3D('',#4906,#3909,#3910);
#3467=AXIS2_PLACEMENT_3D('',#4907,#3911,#3912);
#3468=AXIS2_PLACEMENT_3D('',#4908,#3913,#3914);
#3469=AXIS2_PLACEMENT_3D('',#4909,#3915,#3916);
#3470=AXIS2_PLACEMENT_3D('',#4913,#3918,#3919);
#3471=AXIS2_PLACEMENT_3D('',#4915,#3921,#3922);
#3472=AXIS2_PLACEMENT_3D('',#4919,#3925,#3926);
#3473=AXIS2_PLACEMENT_3D('',#4922,#3928,#3929);
#3474=AXIS2_PLACEMENT_3D('',#4923,#3930,#3931);
#3475=AXIS2_PLACEMENT_3D('',#4927,#3934,#3935);
#3476=AXIS2_PLACEMENT_3D('',#4929,#3936,#3937);
#3477=AXIS2_PLACEMENT_3D('',#4931,#3938,#3939);
#3478=AXIS2_PLACEMENT_3D('',#4933,#3941,#3942);
#3479=AXIS2_PLACEMENT_3D('',#4934,#3943,#3944);
#3480=AXIS2_PLACEMENT_3D('',#4935,#3945,#3946);
#3481=AXIS2_PLACEMENT_3D('',#4936,#3947,#3948);
#3482=AXIS2_PLACEMENT_3D('',#4937,#3949,#3950);
#3483=AXIS2_PLACEMENT_3D('',#4941,#3952,#3953);
#3484=AXIS2_PLACEMENT_3D('',#4943,#3955,#3956);
#3485=AXIS2_PLACEMENT_3D('',#4948,#3959,#3960);
#3486=AXIS2_PLACEMENT_3D('',#4950,#3961,#3962);
#3487=AXIS2_PLACEMENT_3D('',#4952,#3963,#3964);
#3488=AXIS2_PLACEMENT_3D('',#4954,#3965,#3966);
#3489=AXIS2_PLACEMENT_3D('',#4955,#3967,#3968);
#3490=AXIS2_PLACEMENT_3D('',#4956,#3969,#3970);
#3491=AXIS2_PLACEMENT_3D('',#4957,#3971,#3972);
#3492=AXIS2_PLACEMENT_3D('',#4960,#3974,#3975);
#3493=AXIS2_PLACEMENT_3D('',#4962,#3977,#3978);
#3494=AXIS2_PLACEMENT_3D('',#4963,#3979,#3980);
#3495=AXIS2_PLACEMENT_3D('',#4964,#3981,#3982);
#3496=AXIS2_PLACEMENT_3D('',#4968,#3985,#3986);
#3497=AXIS2_PLACEMENT_3D('',#4969,#3987,#3988);
#3498=AXIS2_PLACEMENT_3D('',#4970,#3989,#3990);
#3499=AXIS2_PLACEMENT_3D('',#4971,#3991,#3992);
#3500=AXIS2_PLACEMENT_3D('',#4972,#3993,#3994);
#3501=AXIS2_PLACEMENT_3D('',#4973,#3995,#3996);
#3502=AXIS2_PLACEMENT_3D('',#4975,#3998,#3999);
#3503=AXIS2_PLACEMENT_3D('',#4977,#4001,#4002);
#3504=AXIS2_PLACEMENT_3D('',#4979,#4004,#4005);
#3505=AXIS2_PLACEMENT_3D('',#4981,#4007,#4008);
#3506=AXIS2_PLACEMENT_3D('',#4982,#4009,#4010);
#3507=AXIS2_PLACEMENT_3D('',#4983,#4011,#4012);
#3508=AXIS2_PLACEMENT_3D('',#4985,#4013,#4014);
#3509=AXIS2_PLACEMENT_3D('',#4987,#4015,#4016);
#3510=AXIS2_PLACEMENT_3D('',#4988,#4017,#4018);
#3511=AXIS2_PLACEMENT_3D('',#4989,#4019,#4020);
#3512=AXIS2_PLACEMENT_3D('',#4991,#4021,#4022);
#3513=AXIS2_PLACEMENT_3D('',#4992,#4023,#4024);
#3514=AXIS2_PLACEMENT_3D('',#4994,#4025,#4026);
#3515=AXIS2_PLACEMENT_3D('',#4996,#4028,#4029);
#3516=AXIS2_PLACEMENT_3D('',#4999,#4031,#4032);
#3517=AXIS2_PLACEMENT_3D('',#5000,#4033,#4034);
#3518=AXIS2_PLACEMENT_3D('',#5007,#4038,#4039);
#3519=AXIS2_PLACEMENT_3D('',#5011,#4042,#4043);
#3520=AXIS2_PLACEMENT_3D('',#5015,#4046,#4047);
#3521=AXIS2_PLACEMENT_3D('',#5019,#4050,#4051);
#3522=AXIS2_PLACEMENT_3D('',#5023,#4054,#4055);
#3523=AXIS2_PLACEMENT_3D('',#5025,#4057,#4058);
#3524=AXIS2_PLACEMENT_3D('',#5031,#4062,#4063);
#3525=AXIS2_PLACEMENT_3D('',#5035,#4066,#4067);
#3526=AXIS2_PLACEMENT_3D('',#5039,#4070,#4071);
#3527=AXIS2_PLACEMENT_3D('',#5043,#4074,#4075);
#3528=AXIS2_PLACEMENT_3D('',#5047,#4078,#4079);
#3529=AXIS2_PLACEMENT_3D('',#5049,#4081,#4082);
#3530=AXIS2_PLACEMENT_3D('',#5051,#4083,#4084);
#3531=AXIS2_PLACEMENT_3D('',#5053,#4085,#4086);
#3532=AXIS2_PLACEMENT_3D('',#5054,#4087,#4088);
#3533=AXIS2_PLACEMENT_3D('',#5056,#4090,#4091);
#3534=AXIS2_PLACEMENT_3D('',#5057,#4092,#4093);
#3535=AXIS2_PLACEMENT_3D('',#5059,#4094,#4095);
#3536=AXIS2_PLACEMENT_3D('',#5060,#4096,#4097);
#3537=AXIS2_PLACEMENT_3D('',#5061,#4098,#4099);
#3538=AXIS2_PLACEMENT_3D('',#5062,#4100,#4101);
#3539=AXIS2_PLACEMENT_3D('',#5071,#4106,#4107);
#3540=AXIS2_PLACEMENT_3D('',#5077,#4111,#4112);
#3541=AXIS2_PLACEMENT_3D('',#5083,#4116,#4117);
#3542=AXIS2_PLACEMENT_3D('',#5086,#4120,#4121);
#3543=AXIS2_PLACEMENT_3D('',#5095,#4126,#4127);
#3544=AXIS2_PLACEMENT_3D('',#5101,#4131,#4132);
#3545=AXIS2_PLACEMENT_3D('',#5107,#4136,#4137);
#3546=AXIS2_PLACEMENT_3D('',#5110,#4140,#4141);
#3547=AXIS2_PLACEMENT_3D('',#5119,#4146,#4147);
#3548=AXIS2_PLACEMENT_3D('',#5125,#4151,#4152);
#3549=AXIS2_PLACEMENT_3D('',#5131,#4156,#4157);
#3550=AXIS2_PLACEMENT_3D('',#5134,#4160,#4161);
#3551=AXIS2_PLACEMENT_3D('',#5139,#4163,#4164);
#3552=AXIS2_PLACEMENT_3D('',#5145,#4168,#4169);
#3553=AXIS2_PLACEMENT_3D('',#5154,#4174,#4175);
#3554=AXIS2_PLACEMENT_3D('',#5160,#4179,#4180);
#3555=AXIS2_PLACEMENT_3D('',#5164,#4183,#4184);
#3556=AXIS2_PLACEMENT_3D('',#5168,#4187,#4188);
#3557=AXIS2_PLACEMENT_3D('',#5170,#4190,#4191);
#3558=AXIS2_PLACEMENT_3D('',#5174,#4193,#4194);
#3559=AXIS2_PLACEMENT_3D('',#5176,#4196,#4197);
#3560=AXIS2_PLACEMENT_3D('',#5184,#4202,#4203);
#3561=AXIS2_PLACEMENT_3D('',#5186,#4205,#4206);
#3562=AXIS2_PLACEMENT_3D('',#5189,#4209,#4210);
#3563=AXIS2_PLACEMENT_3D('',#5190,#4211,#4212);
#3564=AXIS2_PLACEMENT_3D('',#5191,#4213,#4214);
#3565=AXIS2_PLACEMENT_3D('',#5194,#4215,#4216);
#3566=AXIS2_PLACEMENT_3D('',#5198,#4218,#4219);
#3567=AXIS2_PLACEMENT_3D('',#5211,#4220,#4221);
#3568=AXIS2_PLACEMENT_3D('',#5215,#4223,#4224);
#3569=AXIS2_PLACEMENT_3D('',#5226,#4225,#4226);
#3570=AXIS2_PLACEMENT_3D('',#5230,#4228,#4229);
#3571=AXIS2_PLACEMENT_3D('',#5236,#4233,#4234);
#3572=AXIS2_PLACEMENT_3D('',#5240,#4237,#4238);
#3573=AXIS2_PLACEMENT_3D('',#5246,#4241,#4242);
#3574=AXIS2_PLACEMENT_3D('',#5252,#4245,#4246);
#3575=AXIS2_PLACEMENT_3D('',#5255,#4248,#4249);
#3576=AXIS2_PLACEMENT_3D('',#5334,#4252,#4253);
#3577=AXIS2_PLACEMENT_3D('',#5340,#4257,#4258);
#3578=AXIS2_PLACEMENT_3D('',#5346,#4262,#4263);
#3579=AXIS2_PLACEMENT_3D('',#5348,#4264,#4265);
#3580=AXIS2_PLACEMENT_3D('',#5350,#4267,#4268);
#3581=AXIS2_PLACEMENT_3D('',#5353,#4270,#4271);
#3582=AXIS2_PLACEMENT_3D('',#5354,#4272,#4273);
#3583=AXIS2_PLACEMENT_3D('',#5357,#4274,#4275);
#3584=AXIS2_PLACEMENT_3D('',#5361,#4277,#4278);
#3585=AXIS2_PLACEMENT_3D('',#5374,#4279,#4280);
#3586=AXIS2_PLACEMENT_3D('',#5378,#4282,#4283);
#3587=AXIS2_PLACEMENT_3D('',#5389,#4284,#4285);
#3588=AXIS2_PLACEMENT_3D('',#5394,#4289,#4290);
#3589=AXIS2_PLACEMENT_3D('',#5396,#4292,#4293);
#3590=AXIS2_PLACEMENT_3D('',#5464,#4298,#4299);
#3591=AXIS2_PLACEMENT_3D('',#5468,#4301,#4302);
#3592=AXIS2_PLACEMENT_3D('',#5470,#4304,#4305);
#3593=AXIS2_PLACEMENT_3D('',#5473,#4306,#4307);
#3594=AXIS2_PLACEMENT_3D('',#5477,#4309,#4310);
#3595=AXIS2_PLACEMENT_3D('',#5490,#4311,#4312);
#3596=AXIS2_PLACEMENT_3D('',#5502,#4314,#4315);
#3597=AXIS2_PLACEMENT_3D('',#5506,#4318,#4319);
#3598=AXIS2_PLACEMENT_3D('',#5513,#4323,#4324);
#3599=AXIS2_PLACEMENT_3D('',#5578,#4327,#4328);
#3600=AXIS2_PLACEMENT_3D('',#5582,#4330,#4331);
#3601=AXIS2_PLACEMENT_3D('',#5584,#4333,#4334);
#3602=AXIS2_PLACEMENT_3D('',#5588,#4336,#4337);
#3603=AXIS2_PLACEMENT_3D('',#5590,#4339,#4340);
#3604=AXIS2_PLACEMENT_3D('',#5631,#4341,#4342);
#3605=AXIS2_PLACEMENT_3D('',#5633,#4343,#4344);
#3606=AXIS2_PLACEMENT_3D('',#5635,#4346,#4347);
#3607=AXIS2_PLACEMENT_3D('',#5639,#4350,#4351);
#3608=AXIS2_PLACEMENT_3D('',#5641,#4353,#4354);
#3609=AXIS2_PLACEMENT_3D('',#5645,#4357,#4358);
#3610=AXIS2_PLACEMENT_3D('',#5648,#4361,#4362);
#3611=AXIS2_PLACEMENT_3D('',#5650,#4364,#4365);
#3612=AXIS2_PLACEMENT_3D('',#5655,#4369,#4370);
#3613=AXIS2_PLACEMENT_3D('',#5657,#4371,#4372);
#3614=AXIS2_PLACEMENT_3D('',#5658,#4373,#4374);
#3615=AXIS2_PLACEMENT_3D('',#5659,#4375,#4376);
#3616=AXIS2_PLACEMENT_3D('',#5661,#4377,#4378);
#3617=AXIS2_PLACEMENT_3D('',#5662,#4379,#4380);
#3618=AXIS2_PLACEMENT_3D('',#5663,#4381,#4382);
#3619=AXIS2_PLACEMENT_3D('',#5664,#4383,#4384);
#3620=AXIS2_PLACEMENT_3D('',#5666,#4385,#4386);
#3621=AXIS2_PLACEMENT_3D('',#5667,#4387,#4388);
#3622=AXIS2_PLACEMENT_3D('',#5668,#4389,#4390);
#3623=AXIS2_PLACEMENT_3D('',#5670,#4391,#4392);
#3624=AXIS2_PLACEMENT_3D('',#5671,#4393,#4394);
#3625=AXIS2_PLACEMENT_3D('',#5672,#4395,#4396);
#3626=AXIS2_PLACEMENT_3D('',#5673,#4397,#4398);
#3627=AXIS2_PLACEMENT_3D('',#5675,#4399,#4400);
#3628=AXIS2_PLACEMENT_3D('',#5676,#4401,#4402);
#3629=AXIS2_PLACEMENT_3D('',#5677,#4403,#4404);
#3630=AXIS2_PLACEMENT_3D('',#5679,#4406,#4407);
#3631=AXIS2_PLACEMENT_3D('',#5681,#4408,#4409);
#3632=AXIS2_PLACEMENT_3D('',#5682,#4410,#4411);
#3633=AXIS2_PLACEMENT_3D('',#5683,#4412,#4413);
#3634=AXIS2_PLACEMENT_3D('',#5685,#4414,#4415);
#3635=AXIS2_PLACEMENT_3D('',#5686,#4416,#4417);
#3636=AXIS2_PLACEMENT_3D('',#5687,#4418,#4419);
#3637=AXIS2_PLACEMENT_3D('',#5689,#4420,#4421);
#3638=AXIS2_PLACEMENT_3D('',#5690,#4422,#4423);
#3639=AXIS2_PLACEMENT_3D('',#5691,#4424,#4425);
#3640=AXIS2_PLACEMENT_3D('',#5693,#4427,#4428);
#3641=AXIS2_PLACEMENT_3D('',#5695,#4430,#4431);
#3642=AXIS2_PLACEMENT_3D('',#5698,#4434,#4435);
#3643=AXIS2_PLACEMENT_3D('',#5700,#4437,#4438);
#3644=AXIS2_PLACEMENT_3D('',#5702,#4440,#4441);
#3645=AXIS2_PLACEMENT_3D('',#5703,#4442,#4443);
#3646=AXIS2_PLACEMENT_3D('',#5705,#4445,#4446);
#3647=AXIS2_PLACEMENT_3D('',#5707,#4448,#4449);
#3648=AXIS2_PLACEMENT_3D('',#5709,#4450,#4451);
#3649=AXIS2_PLACEMENT_3D('',#5711,#4452,#4453);
#3650=AXIS2_PLACEMENT_3D('',#5713,#4454,#4455);
#3651=AXIS2_PLACEMENT_3D('',#5715,#4456,#4457);
#3652=AXIS2_PLACEMENT_3D('',#5716,#4458,#4459);
#3653=AXIS2_PLACEMENT_3D('',#5718,#4460,#4461);
#3654=AXIS2_PLACEMENT_3D('',#5720,#4462,#4463);
#3655=AXIS2_PLACEMENT_3D('',#5722,#4464,#4465);
#3656=AXIS2_PLACEMENT_3D('',#5724,#4466,#4467);
#3657=AXIS2_PLACEMENT_3D('',#5733,#4471,#4472);
#3658=AXIS2_PLACEMENT_3D('',#5737,#4474,#4475);
#3659=AXIS2_PLACEMENT_3D('',#5741,#4477,#4478);
#3660=AXIS2_PLACEMENT_3D('',#5744,#4480,#4481);
#3661=AXIS2_PLACEMENT_3D('',#5749,#4483,#4484);
#3662=AXIS2_PLACEMENT_3D('',#5751,#4486,#4487);
#3663=AXIS2_PLACEMENT_3D('',#5757,#4490,#4491);
#3664=AXIS2_PLACEMENT_3D('',#5758,#4492,#4493);
#3665=AXIS2_PLACEMENT_3D('',#5761,#4494,#4495);
#3666=AXIS2_PLACEMENT_3D('',#5765,#4497,#4498);
#3667=AXIS2_PLACEMENT_3D('',#5773,#4502,#4503);
#3668=AXIS2_PLACEMENT_3D('',#5777,#4505,#4506);
#3669=AXIS2_PLACEMENT_3D('',#5779,#4508,#4509);
#3670=AXIS2_PLACEMENT_3D('',#5781,#4511,#4512);
#3671=AXIS2_PLACEMENT_3D('',#5782,#4513,#4514);
#3672=AXIS2_PLACEMENT_3D('',#5785,#4517,#4518);
#3673=AXIS2_PLACEMENT_3D('',#5788,#4521,#4522);
#3674=AXIS2_PLACEMENT_3D('',#5791,#4525,#4526);
#3675=AXIS2_PLACEMENT_3D('',#5793,#4528,#4529);
#3676=AXIS2_PLACEMENT_3D('',#5795,#4531,#4532);
#3677=AXIS2_PLACEMENT_3D('',#5796,#4533,#4534);
#3678=AXIS2_PLACEMENT_3D('',#5797,#4535,#4536);
#3679=AXIS2_PLACEMENT_3D('',#5799,#4538,#4539);
#3680=AXIS2_PLACEMENT_3D('',#5801,#4541,#4542);
#3681=AXIS2_PLACEMENT_3D('',#5803,#4544,#4545);
#3682=AXIS2_PLACEMENT_3D('',#5805,#4547,#4548);
#3683=AXIS2_PLACEMENT_3D('',#5807,#4550,#4551);
#3684=AXIS2_PLACEMENT_3D('',#5809,#4553,#4554);
#3685=AXIS2_PLACEMENT_3D('',#5811,#4556,#4557);
#3686=AXIS2_PLACEMENT_3D('',#5813,#4559,#4560);
#3687=AXIS2_PLACEMENT_3D('',#5814,#4561,#4562);
#3688=AXIS2_PLACEMENT_3D('',#5816,#4564,#4565);
#3689=AXIS2_PLACEMENT_3D('',#5817,#4566,#4567);
#3690=AXIS2_PLACEMENT_3D('',#5818,#4568,#4569);
#3691=AXIS2_PLACEMENT_3D('',#5827,#4574,#4575);
#3692=AXIS2_PLACEMENT_3D('',#5836,#4580,#4581);
#3693=AXIS2_PLACEMENT_3D('',#5842,#4585,#4586);
#3694=AXIS2_PLACEMENT_3D('',#5845,#4589,#4590);
#3695=AXIS2_PLACEMENT_3D('',#5855,#4595,#4596);
#3696=AXIS2_PLACEMENT_3D('',#5856,#4597,#4598);
#3697=AXIS2_PLACEMENT_3D('',#5858,#4599,#4600);
#3698=AXIS2_PLACEMENT_3D('',#5860,#4601,#4602);
#3699=AXIS2_PLACEMENT_3D('',#5861,#4603,#4604);
#3700=AXIS2_PLACEMENT_3D('',#5863,#4605,#4606);
#3701=AXIS2_PLACEMENT_3D('',#5866,#4608,#4609);
#3702=AXIS2_PLACEMENT_3D('',#5867,#4610,#4611);
#3703=AXIS2_PLACEMENT_3D('',#5869,#4612,#4613);
#3704=AXIS2_PLACEMENT_3D('',#5872,#4615,#4616);
#3705=AXIS2_PLACEMENT_3D('',#5873,#4617,#4618);
#3706=AXIS2_PLACEMENT_3D('',#5874,#4619,#4620);
#3707=AXIS2_PLACEMENT_3D('',#5875,#4621,#4622);
#3708=AXIS2_PLACEMENT_3D('',#5877,#4623,#4624);
#3709=AXIS2_PLACEMENT_3D('',#5880,#4626,#4627);
#3710=AXIS2_PLACEMENT_3D('',#5881,#4628,#4629);
#3711=AXIS2_PLACEMENT_3D('',#5882,#4630,#4631);
#3712=AXIS2_PLACEMENT_3D('',#5883,#4632,#4633);
#3713=AXIS2_PLACEMENT_3D('',#5885,#4634,#4635);
#3714=AXIS2_PLACEMENT_3D('',#5888,#4637,#4638);
#3715=AXIS2_PLACEMENT_3D('',#5889,#4639,#4640);
#3716=AXIS2_PLACEMENT_3D('',#5890,#4641,#4642);
#3717=AXIS2_PLACEMENT_3D('',#5891,#4643,#4644);
#3718=AXIS2_PLACEMENT_3D('',#5892,#4645,#4646);
#3719=AXIS2_PLACEMENT_3D('',#5893,#4647,#4648);
#3720=AXIS2_PLACEMENT_3D('',#5897,#4650,#4651);
#3721=AXIS2_PLACEMENT_3D('',#5899,#4653,#4654);
#3722=AXIS2_PLACEMENT_3D('',#5903,#4657,#4658);
#3723=AXIS2_PLACEMENT_3D('',#5906,#4660,#4661);
#3724=AXIS2_PLACEMENT_3D('',#5907,#4662,#4663);
#3725=AXIS2_PLACEMENT_3D('',#5911,#4666,#4667);
#3726=AXIS2_PLACEMENT_3D('',#5913,#4668,#4669);
#3727=AXIS2_PLACEMENT_3D('',#5915,#4670,#4671);
#3728=AXIS2_PLACEMENT_3D('',#5917,#4673,#4674);
#3729=AXIS2_PLACEMENT_3D('',#5918,#4675,#4676);
#3730=AXIS2_PLACEMENT_3D('',#5919,#4677,#4678);
#3731=AXIS2_PLACEMENT_3D('',#5920,#4679,#4680);
#3732=AXIS2_PLACEMENT_3D('',#5921,#4681,#4682);
#3733=AXIS2_PLACEMENT_3D('',#5925,#4684,#4685);
#3734=AXIS2_PLACEMENT_3D('',#5927,#4687,#4688);
#3735=AXIS2_PLACEMENT_3D('',#5931,#4691,#4692);
#3736=AXIS2_PLACEMENT_3D('',#5933,#4693,#4694);
#3737=AXIS2_PLACEMENT_3D('',#5935,#4695,#4696);
#3738=AXIS2_PLACEMENT_3D('',#5937,#4697,#4698);
#3739=AXIS2_PLACEMENT_3D('',#5938,#4699,#4700);
#3740=AXIS2_PLACEMENT_3D('',#5939,#4701,#4702);
#3741=AXIS2_PLACEMENT_3D('',#5940,#4703,#4704);
#3742=AXIS2_PLACEMENT_3D('',#5943,#4706,#4707);
#3743=AXIS2_PLACEMENT_3D('',#5945,#4709,#4710);
#3744=AXIS2_PLACEMENT_3D('',#5946,#4711,#4712);
#3745=AXIS2_PLACEMENT_3D('',#5947,#4713,#4714);
#3746=AXIS2_PLACEMENT_3D('',#5951,#4717,#4718);
#3747=AXIS2_PLACEMENT_3D('',#5952,#4719,#4720);
#3748=AXIS2_PLACEMENT_3D('',#5953,#4721,#4722);
#3749=AXIS2_PLACEMENT_3D('',#5954,#4723,#4724);
#3750=AXIS2_PLACEMENT_3D('',#5955,#4725,#4726);
#3751=AXIS2_PLACEMENT_3D('',#5956,#4727,#4728);
#3752=AXIS2_PLACEMENT_3D('',#5958,#4730,#4731);
#3753=AXIS2_PLACEMENT_3D('',#5959,#4732,#4733);
#3754=AXIS2_PLACEMENT_3D('',#5961,#4735,#4736);
#3755=AXIS2_PLACEMENT_3D('',#5963,#4738,#4739);
#3756=AXIS2_PLACEMENT_3D('',#5964,#4740,#4741);
#3757=AXIS2_PLACEMENT_3D('',#5965,#4742,#4743);
#3758=AXIS2_PLACEMENT_3D('',#5966,#4744,#4745);
#3759=AXIS2_PLACEMENT_3D('',#5967,#4746,#4747);
#3760=AXIS2_PLACEMENT_3D('',#5968,#4748,#4749);
#3761=AXIS2_PLACEMENT_3D('',#5969,#4750,#4751);
#3762=AXIS2_PLACEMENT_3D('',#5970,#4752,#4753);
#3763=AXIS2_PLACEMENT_3D('',#5971,#4754,#4755);
#3764=AXIS2_PLACEMENT_3D('',#5972,#4756,#4757);
#3765=DIRECTION('axis',(0.,0.,1.));
#3766=DIRECTION('refdir',(1.,0.,0.));
#3767=DIRECTION('axis',(0.,0.,1.));
#3768=DIRECTION('refdir',(1.,0.,0.));
#3769=DIRECTION('axis',(0.,0.,1.));
#3770=DIRECTION('refdir',(1.,0.,0.));
#3771=DIRECTION('axis',(0.,0.,1.));
#3772=DIRECTION('refdir',(1.,0.,0.));
#3773=DIRECTION('axis',(0.,0.,1.));
#3774=DIRECTION('refdir',(1.,0.,0.));
#3775=DIRECTION('center_axis',(0.,1.,0.));
#3776=DIRECTION('ref_axis',(-1.,0.,0.));
#3777=DIRECTION('',(1.,0.,0.));
#3778=DIRECTION('',(0.,0.,1.));
#3779=DIRECTION('',(-1.,0.,0.));
#3780=DIRECTION('',(0.,0.,1.));
#3781=DIRECTION('center_axis',(-1.,0.,0.));
#3782=DIRECTION('ref_axis',(0.,-1.,0.));
#3783=DIRECTION('',(0.,1.,0.));
#3784=DIRECTION('',(0.,0.,1.));
#3785=DIRECTION('',(0.,-1.,0.));
#3786=DIRECTION('center_axis',(0.,-1.,0.));
#3787=DIRECTION('ref_axis',(1.,0.,0.));
#3788=DIRECTION('',(-1.,0.,0.));
#3789=DIRECTION('',(0.,0.,1.));
#3790=DIRECTION('',(1.,0.,0.));
#3791=DIRECTION('center_axis',(1.,0.,0.));
#3792=DIRECTION('ref_axis',(0.,1.,0.));
#3793=DIRECTION('',(0.,-1.,0.));
#3794=DIRECTION('',(0.,1.,0.));
#3795=DIRECTION('center_axis',(0.,-1.,0.));
#3796=DIRECTION('ref_axis',(1.,0.,0.));
#3797=DIRECTION('',(-1.,0.,0.));
#3798=DIRECTION('',(0.,0.,1.));
#3799=DIRECTION('',(1.,0.,0.));
#3800=DIRECTION('',(0.,0.,1.));
#3801=DIRECTION('center_axis',(1.,0.,0.));
#3802=DIRECTION('ref_axis',(0.,1.,0.));
#3803=DIRECTION('',(0.,-1.,0.));
#3804=DIRECTION('',(0.,0.,1.));
#3805=DIRECTION('',(0.,1.,0.));
#3806=DIRECTION('center_axis',(0.,1.,0.));
#3807=DIRECTION('ref_axis',(-1.,0.,0.));
#3808=DIRECTION('',(1.,0.,0.));
#3809=DIRECTION('',(0.,0.,1.));
#3810=DIRECTION('',(-1.,0.,0.));
#3811=DIRECTION('center_axis',(-1.,0.,0.));
#3812=DIRECTION('ref_axis',(0.,-1.,0.));
#3813=DIRECTION('',(0.,1.,0.));
#3814=DIRECTION('',(0.,-1.,0.));
#3815=DIRECTION('center_axis',(0.,-1.,0.));
#3816=DIRECTION('ref_axis',(1.,0.,0.));
#3817=DIRECTION('',(-1.,0.,0.));
#3818=DIRECTION('',(0.,0.,1.));
#3819=DIRECTION('',(1.,0.,0.));
#3820=DIRECTION('',(0.,0.,1.));
#3821=DIRECTION('center_axis',(1.,0.,0.));
#3822=DIRECTION('ref_axis',(0.,1.,0.));
#3823=DIRECTION('',(0.,-1.,0.));
#3824=DIRECTION('',(0.,0.,1.));
#3825=DIRECTION('',(0.,1.,0.));
#3826=DIRECTION('center_axis',(0.,1.,0.));
#3827=DIRECTION('ref_axis',(-1.,0.,0.));
#3828=DIRECTION('',(1.,0.,0.));
#3829=DIRECTION('',(0.,0.,1.));
#3830=DIRECTION('',(-1.,0.,0.));
#3831=DIRECTION('center_axis',(-1.,0.,0.));
#3832=DIRECTION('ref_axis',(0.,-1.,0.));
#3833=DIRECTION('',(0.,1.,0.));
#3834=DIRECTION('',(0.,-1.,0.));
#3835=DIRECTION('center_axis',(0.,0.,1.));
#3836=DIRECTION('ref_axis',(1.,0.,0.));
#3837=DIRECTION('',(1.,0.,0.));
#3838=DIRECTION('',(0.,1.,0.));
#3839=DIRECTION('',(-1.,0.,0.));
#3840=DIRECTION('',(0.,-1.,0.));
#3841=DIRECTION('center_axis',(0.,-1.,0.));
#3842=DIRECTION('ref_axis',(1.,0.,0.));
#3843=DIRECTION('',(-1.,0.,0.));
#3844=DIRECTION('',(0.,0.,1.));
#3845=DIRECTION('',(0.,0.,1.));
#3846=DIRECTION('center_axis',(1.,0.,0.));
#3847=DIRECTION('ref_axis',(0.,1.,0.));
#3848=DIRECTION('',(0.,-1.,0.));
#3849=DIRECTION('',(0.,0.,1.));
#3850=DIRECTION('center_axis',(0.,1.,0.));
#3851=DIRECTION('ref_axis',(-1.,0.,0.));
#3852=DIRECTION('',(1.,0.,0.));
#3853=DIRECTION('',(0.,0.,1.));
#3854=DIRECTION('center_axis',(-1.,0.,0.));
#3855=DIRECTION('ref_axis',(0.,-1.,0.));
#3856=DIRECTION('',(0.,1.,0.));
#3857=DIRECTION('center_axis',(0.,0.,1.));
#3858=DIRECTION('ref_axis',(1.,0.,0.));
#3859=DIRECTION('',(0.,-1.,0.));
#3860=DIRECTION('',(-1.,0.,0.));
#3861=DIRECTION('',(0.,1.,0.));
#3862=DIRECTION('',(1.,0.,0.));
#3863=DIRECTION('center_axis',(0.,0.,-1.));
#3864=DIRECTION('ref_axis',(1.,0.,0.));
#3865=DIRECTION('center_axis',(0.,0.,-1.));
#3866=DIRECTION('ref_axis',(1.,0.,0.));
#3867=DIRECTION('center_axis',(0.,0.,-1.));
#3868=DIRECTION('ref_axis',(1.,0.,0.));
#3869=DIRECTION('center_axis',(0.,0.,-1.));
#3870=DIRECTION('ref_axis',(1.,0.,0.));
#3871=DIRECTION('center_axis',(0.,1.,0.));
#3872=DIRECTION('ref_axis',(-0.707106781186561,0.,-0.707106781186534));
#3873=DIRECTION('center_axis',(0.,1.,0.));
#3874=DIRECTION('ref_axis',(0.,0.,-1.));
#3875=DIRECTION('',(0.,1.,0.));
#3876=DIRECTION('center_axis',(0.,-1.,0.));
#3877=DIRECTION('ref_axis',(-1.,0.,0.));
#3878=DIRECTION('center_axis',(-1.,0.,0.));
#3879=DIRECTION('ref_axis',(0.,-0.707106781186561,-0.707106781186534));
#3880=DIRECTION('center_axis',(-1.,0.,0.));
#3881=DIRECTION('ref_axis',(0.,0.,-1.));
#3882=DIRECTION('',(-1.,0.,0.));
#3883=DIRECTION('center_axis',(1.,0.,0.));
#3884=DIRECTION('ref_axis',(0.,-1.,0.));
#3885=DIRECTION('center_axis',(-0.816496580927725,0.408248290463863,0.408248290463866));
#3886=DIRECTION('ref_axis',(-0.577350269189626,-0.577350269189626,-0.577350269189626));
#3887=DIRECTION('center_axis',(0.,0.,-1.));
#3888=DIRECTION('ref_axis',(-0.707106781186548,-0.707106781186548,0.));
#3889=DIRECTION('center_axis',(0.,-1.,0.));
#3890=DIRECTION('ref_axis',(0.707106781186545,0.,-0.70710678118655));
#3891=DIRECTION('center_axis',(0.,-1.,0.));
#3892=DIRECTION('ref_axis',(0.,0.,-1.));
#3893=DIRECTION('',(0.,-1.,0.));
#3894=DIRECTION('center_axis',(0.,1.,0.));
#3895=DIRECTION('ref_axis',(1.,0.,0.));
#3896=DIRECTION('center_axis',(-0.816496580927726,-0.408248290463863,-0.408248290463863));
#3897=DIRECTION('ref_axis',(0.577350269189626,-0.577350269189626,-0.577350269189626));
#3898=DIRECTION('center_axis',(0.,0.,-1.));
#3899=DIRECTION('ref_axis',(0.707106781186533,-0.707106781186562,0.));
#3900=DIRECTION('center_axis',(1.,0.,0.));
#3901=DIRECTION('ref_axis',(0.,0.70710678118655,-0.707106781186545));
#3902=DIRECTION('center_axis',(1.,0.,0.));
#3903=DIRECTION('ref_axis',(0.,0.,-1.));
#3904=DIRECTION('',(1.,0.,0.));
#3905=DIRECTION('center_axis',(-1.,0.,0.));
#3906=DIRECTION('ref_axis',(0.,1.,0.));
#3907=DIRECTION('center_axis',(-0.40824829046386,-0.40824829046386,-0.816496580927729));
#3908=DIRECTION('ref_axis',(0.577350269189626,0.577350269189626,-0.577350269189626));
#3909=DIRECTION('center_axis',(0.,0.,-1.));
#3910=DIRECTION('ref_axis',(0.707106781186551,0.707106781186544,0.));
#3911=DIRECTION('center_axis',(0.408248290463882,-0.408248290463858,-0.816496580927719));
#3912=DIRECTION('ref_axis',(-0.577350269189643,0.577350269189607,-0.577350269189628));
#3913=DIRECTION('center_axis',(0.,0.,-1.));
#3914=DIRECTION('ref_axis',(-0.707106781186562,0.707106781186533,0.));
#3915=DIRECTION('center_axis',(0.,0.,1.));
#3916=DIRECTION('ref_axis',(0.707106781186532,-0.707106781186563,0.));
#3917=DIRECTION('',(0.,0.,1.));
#3918=DIRECTION('center_axis',(0.,0.,-1.));
#3919=DIRECTION('ref_axis',(1.,0.,0.));
#3920=DIRECTION('',(0.,0.,-1.));
#3921=DIRECTION('center_axis',(1.,0.,0.));
#3922=DIRECTION('ref_axis',(0.,1.,0.));
#3923=DIRECTION('',(0.,0.,-1.));
#3924=DIRECTION('',(0.,1.,0.));
#3925=DIRECTION('center_axis',(0.,0.,1.));
#3926=DIRECTION('ref_axis',(0.707106781186547,0.707106781186547,0.));
#3927=DIRECTION('',(0.,0.,1.));
#3928=DIRECTION('center_axis',(0.,0.,-1.));
#3929=DIRECTION('ref_axis',(0.,1.,0.));
#3930=DIRECTION('center_axis',(0.,1.,0.));
#3931=DIRECTION('ref_axis',(-1.,0.,0.));
#3932=DIRECTION('',(0.,0.,-1.));
#3933=DIRECTION('',(-1.,0.,0.));
#3934=DIRECTION('center_axis',(0.,1.,0.));
#3935=DIRECTION('ref_axis',(0.707106781186545,0.,0.70710678118655));
#3936=DIRECTION('center_axis',(0.,1.,0.));
#3937=DIRECTION('ref_axis',(0.,0.,1.));
#3938=DIRECTION('center_axis',(0.,-1.,0.));
#3939=DIRECTION('ref_axis',(1.,0.,0.));
#3940=DIRECTION('',(0.,-1.,0.));
#3941=DIRECTION('center_axis',(-0.816496580927726,-0.408248290463863,0.408248290463863));
#3942=DIRECTION('ref_axis',(0.577350269189626,-0.577350269189626,0.577350269189626));
#3943=DIRECTION('center_axis',(1.,0.,0.));
#3944=DIRECTION('ref_axis',(0.,-0.70710678118656,0.707106781186535));
#3945=DIRECTION('center_axis',(0.408248290463859,-0.816496580927729,0.408248290463862));
#3946=DIRECTION('ref_axis',(0.577350269189624,0.577350269189624,0.57735026918963));
#3947=DIRECTION('center_axis',(1.,0.,0.));
#3948=DIRECTION('ref_axis',(0.,0.707106781186547,0.707106781186548));
#3949=DIRECTION('center_axis',(1.,0.,0.));
#3950=DIRECTION('ref_axis',(0.,-0.707106781186561,0.707106781186534));
#3951=DIRECTION('',(-1.,0.,0.));
#3952=DIRECTION('center_axis',(1.,0.,0.));
#3953=DIRECTION('ref_axis',(0.,0.,1.));
#3954=DIRECTION('',(1.,0.,0.));
#3955=DIRECTION('center_axis',(0.,0.,1.));
#3956=DIRECTION('ref_axis',(1.,0.,0.));
#3957=DIRECTION('',(1.,0.,0.));
#3958=DIRECTION('',(0.,1.,0.));
#3959=DIRECTION('center_axis',(0.,0.,-1.));
#3960=DIRECTION('ref_axis',(1.,0.,0.));
#3961=DIRECTION('center_axis',(0.,0.,-1.));
#3962=DIRECTION('ref_axis',(1.,0.,0.));
#3963=DIRECTION('center_axis',(0.,0.,-1.));
#3964=DIRECTION('ref_axis',(1.,0.,0.));
#3965=DIRECTION('center_axis',(0.,0.,-1.));
#3966=DIRECTION('ref_axis',(1.,0.,0.));
#3967=DIRECTION('center_axis',(-1.,0.,0.));
#3968=DIRECTION('ref_axis',(0.,0.70710678118655,0.707106781186545));
#3969=DIRECTION('center_axis',(-1.,0.,0.));
#3970=DIRECTION('ref_axis',(0.,0.707106781186547,0.707106781186548));
#3971=DIRECTION('center_axis',(0.,0.,1.));
#3972=DIRECTION('ref_axis',(-0.707106781186547,-0.707106781186547,0.));
#3973=DIRECTION('',(0.,0.,1.));
#3974=DIRECTION('center_axis',(0.,0.,-1.));
#3975=DIRECTION('ref_axis',(0.,-1.,0.));
#3976=DIRECTION('',(0.,0.,-1.));
#3977=DIRECTION('center_axis',(-0.816496580927725,0.408248290463863,-0.408248290463866));
#3978=DIRECTION('ref_axis',(-0.577350269189626,-0.577350269189626,0.577350269189626));
#3979=DIRECTION('center_axis',(0.,-1.,0.));
#3980=DIRECTION('ref_axis',(-0.70710678118656,0.,0.707106781186535));
#3981=DIRECTION('center_axis',(-1.,0.,0.));
#3982=DIRECTION('ref_axis',(0.,-1.,0.));
#3983=DIRECTION('',(0.,-1.,0.));
#3984=DIRECTION('',(0.,0.,1.));
#3985=DIRECTION('center_axis',(0.,-1.,0.));
#3986=DIRECTION('ref_axis',(-0.707106781186561,0.,0.707106781186534));
#3987=DIRECTION('center_axis',(0.,-1.,0.));
#3988=DIRECTION('ref_axis',(0.,0.,1.));
#3989=DIRECTION('center_axis',(0.,0.,1.));
#3990=DIRECTION('ref_axis',(-0.707106781186568,0.707106781186527,0.));
#3991=DIRECTION('center_axis',(0.,0.,-1.));
#3992=DIRECTION('ref_axis',(-1.,0.,0.));
#3993=DIRECTION('center_axis',(-0.816496580927721,-0.408248290463872,-0.408248290463864));
#3994=DIRECTION('ref_axis',(-0.577350269189626,0.577350269189626,0.577350269189626));
#3995=DIRECTION('center_axis',(0.,0.,1.));
#3996=DIRECTION('ref_axis',(1.,0.,0.));
#3997=DIRECTION('',(0.,0.,1.));
#3998=DIRECTION('center_axis',(0.,0.,1.));
#3999=DIRECTION('ref_axis',(1.,0.,0.));
#4000=DIRECTION('',(0.,0.,1.));
#4001=DIRECTION('center_axis',(0.,0.,1.));
#4002=DIRECTION('ref_axis',(1.,0.,0.));
#4003=DIRECTION('',(0.,0.,1.));
#4004=DIRECTION('center_axis',(0.,0.,1.));
#4005=DIRECTION('ref_axis',(1.,0.,0.));
#4006=DIRECTION('',(0.,0.,1.));
#4007=DIRECTION('center_axis',(0.,-1.,0.));
#4008=DIRECTION('ref_axis',(1.,0.,0.));
#4009=DIRECTION('axis',(0.,0.,1.));
#4010=DIRECTION('refdir',(1.,0.,0.));
#4011=DIRECTION('center_axis',(2.98951193896782E-15,0.,-1.));
#4012=DIRECTION('ref_axis',(-1.,0.,-2.99694023360154E-15));
#4013=DIRECTION('center_axis',(2.98951193896782E-15,0.,-1.));
#4014=DIRECTION('ref_axis',(-1.,0.,-2.98951193896782E-15));
#4015=DIRECTION('center_axis',(-1.22464679914735E-16,-1.,-3.66109622706973E-31));
#4016=DIRECTION('ref_axis',(1.,-1.22464679914735E-16,2.99694023360154E-15));
#4017=DIRECTION('center_axis',(-2.98951193896782E-15,0.,1.));
#4018=DIRECTION('ref_axis',(-1.,0.,-2.98701958282306E-15));
#4019=DIRECTION('center_axis',(2.98951193896782E-15,0.,-1.));
#4020=DIRECTION('ref_axis',(-1.,0.,-2.98951193896782E-15));
#4021=DIRECTION('center_axis',(2.98951193896782E-15,0.,-1.));
#4022=DIRECTION('ref_axis',(1.,0.,2.98951193896782E-15));
#4023=DIRECTION('center_axis',(2.98951193896782E-15,0.,-1.));
#4024=DIRECTION('ref_axis',(-1.,0.,-3.18390889036492E-15));
#4025=DIRECTION('center_axis',(-2.98951193896782E-15,0.,1.));
#4026=DIRECTION('ref_axis',(-1.,0.,-3.18390889036492E-15));
#4027=DIRECTION('',(-2.98951193896782E-15,0.,1.));
#4028=DIRECTION('center_axis',(-2.98951193896782E-15,0.,1.));
#4029=DIRECTION('ref_axis',(-1.,0.,-3.20932640038604E-15));
#4030=DIRECTION('',(-0.739271628119036,9.05346633076432E-17,-0.673407350611968));
#4031=DIRECTION('center_axis',(2.98951193896782E-15,0.,-1.));
#4032=DIRECTION('ref_axis',(-1.,0.,-3.20932640038604E-15));
#4033=DIRECTION('center_axis',(0.0435778713738291,-0.0754790873051733,-0.996194698091746));
#4034=DIRECTION('ref_axis',(-0.866025403784439,-0.5,0.));
#4035=DIRECTION('',(-3.1876232916583E-16,0.997141949694316,-0.0755508581011305));
#4036=DIRECTION('',(-0.866025403784439,-0.5,0.));
#4037=DIRECTION('',(-0.863550259614423,0.498570974847158,-0.0755508581011305));
#4038=DIRECTION('center_axis',(0.0871557427476581,1.0474827575487E-17,-0.996194698091746));
#4039=DIRECTION('ref_axis',(1.20185167898973E-16,-1.,0.));
#4040=DIRECTION('',(1.20185167898973E-16,-1.,0.));
#4041=DIRECTION('',(-0.863550259614423,-0.498570974847158,-0.0755508581011305));
#4042=DIRECTION('center_axis',(0.0435778713738291,0.0754790873051733,-0.996194698091746));
#4043=DIRECTION('ref_axis',(0.866025403784439,-0.5,0.));
#4044=DIRECTION('',(0.866025403784439,-0.5,0.));
#4045=DIRECTION('',(-1.59381164582915E-16,-0.997141949694316,-0.0755508581011305));
#4046=DIRECTION('center_axis',(-0.0435778713738291,0.0754790873051733,-0.996194698091746));
#4047=DIRECTION('ref_axis',(0.866025403784439,0.5,0.));
#4048=DIRECTION('',(0.866025403784439,0.5,0.));
#4049=DIRECTION('',(0.863550259614423,-0.498570974847158,-0.0755508581011305));
#4050=DIRECTION('center_axis',(-0.0871557427476581,3.14244827264609E-17,
-0.996194698091746));
#4051=DIRECTION('ref_axis',(3.60555503696918E-16,1.,0.));
#4052=DIRECTION('',(3.60555503696918E-16,1.,0.));
#4053=DIRECTION('',(0.863550259614423,0.498570974847158,-0.0755508581011305));
#4054=DIRECTION('center_axis',(-0.043577871373829,-0.0754790873051733,-0.996194698091746));
#4055=DIRECTION('ref_axis',(-0.866025403784439,0.5,0.));
#4056=DIRECTION('',(-0.866025403784439,0.5,0.));
#4057=DIRECTION('center_axis',(0.5,-0.866025403784439,0.));
#4058=DIRECTION('ref_axis',(-0.866025403784439,-0.5,0.));
#4059=DIRECTION('',(-0.866025403784439,-0.5,-2.588993284063E-15));
#4060=DIRECTION('',(0.,0.,-1.));
#4061=DIRECTION('',(0.,0.,-1.));
#4062=DIRECTION('center_axis',(1.,1.20185167898973E-16,0.));
#4063=DIRECTION('ref_axis',(1.20185167898973E-16,-1.,0.));
#4064=DIRECTION('',(1.20185167898973E-16,-1.,3.59294994320831E-31));
#4065=DIRECTION('',(0.,0.,-1.));
#4066=DIRECTION('center_axis',(0.5,0.866025403784439,0.));
#4067=DIRECTION('ref_axis',(0.866025403784439,-0.5,0.));
#4068=DIRECTION('',(0.866025403784439,-0.5,2.588993284063E-15));
#4069=DIRECTION('',(0.,0.,-1.));
#4070=DIRECTION('center_axis',(-0.5,0.866025403784439,0.));
#4071=DIRECTION('ref_axis',(0.866025403784439,0.5,0.));
#4072=DIRECTION('',(0.866025403784439,0.5,2.588993284063E-15));
#4073=DIRECTION('',(0.,0.,-1.));
#4074=DIRECTION('center_axis',(-1.,3.60555503696918E-16,0.));
#4075=DIRECTION('ref_axis',(3.60555503696918E-16,1.,0.));
#4076=DIRECTION('',(3.60555503696918E-16,1.,1.07788498296249E-30));
#4077=DIRECTION('',(0.,0.,-1.));
#4078=DIRECTION('center_axis',(-0.5,-0.866025403784439,0.));
#4079=DIRECTION('ref_axis',(-0.866025403784439,0.5,0.));
#4080=DIRECTION('',(-0.866025403784439,0.5,-2.588993284063E-15));
#4081=DIRECTION('center_axis',(-2.98951193896782E-15,0.,1.));
#4082=DIRECTION('ref_axis',(1.,0.,2.98951193896782E-15));
#4083=DIRECTION('center_axis',(2.98951193896782E-15,0.,-1.));
#4084=DIRECTION('ref_axis',(1.,0.,2.98951193896782E-15));
#4085=DIRECTION('center_axis',(2.98951193896782E-15,0.,-1.));
#4086=DIRECTION('ref_axis',(1.,0.,2.98951193896782E-15));
#4087=DIRECTION('center_axis',(2.98951193896782E-15,0.,-1.));
#4088=DIRECTION('ref_axis',(-1.,0.,-3.18390889036492E-15));
#4089=DIRECTION('',(-2.98951193896782E-15,0.,1.));
#4090=DIRECTION('center_axis',(2.98951193896782E-15,0.,-1.));
#4091=DIRECTION('ref_axis',(-1.,0.,-2.98951193896782E-15));
#4092=DIRECTION('center_axis',(-2.98951193896782E-15,0.,1.));
#4093=DIRECTION('ref_axis',(1.,0.,2.98951193896782E-15));
#4094=DIRECTION('center_axis',(2.98951193896782E-15,0.,-1.));
#4095=DIRECTION('ref_axis',(1.,0.,2.98951193896782E-15));
#4096=DIRECTION('center_axis',(6.12323399573677E-17,0.,1.));
#4097=DIRECTION('ref_axis',(1.,0.,0.));
#4098=DIRECTION('center_axis',(1.22464679914735E-16,-1.,0.));
#4099=DIRECTION('ref_axis',(-1.,-1.22464679914735E-16,0.));
#4100=DIRECTION('center_axis',(0.,1.,0.));
#4101=DIRECTION('ref_axis',(-1.,0.,0.));
#4102=DIRECTION('',(1.,0.,0.));
#4103=DIRECTION('',(0.,0.,1.));
#4104=DIRECTION('',(-1.,0.,0.));
#4105=DIRECTION('',(0.,0.,1.));
#4106=DIRECTION('center_axis',(-1.,0.,0.));
#4107=DIRECTION('ref_axis',(0.,-1.,0.));
#4108=DIRECTION('',(0.,1.,0.));
#4109=DIRECTION('',(0.,0.,1.));
#4110=DIRECTION('',(0.,-1.,0.));
#4111=DIRECTION('center_axis',(0.,-1.,0.));
#4112=DIRECTION('ref_axis',(1.,0.,0.));
#4113=DIRECTION('',(-1.,0.,0.));
#4114=DIRECTION('',(0.,0.,1.));
#4115=DIRECTION('',(1.,0.,0.));
#4116=DIRECTION('center_axis',(1.,0.,0.));
#4117=DIRECTION('ref_axis',(0.,1.,0.));
#4118=DIRECTION('',(0.,-1.,0.));
#4119=DIRECTION('',(0.,1.,0.));
#4120=DIRECTION('center_axis',(0.,-1.,0.));
#4121=DIRECTION('ref_axis',(1.,0.,0.));
#4122=DIRECTION('',(-1.,0.,0.));
#4123=DIRECTION('',(0.,0.,1.));
#4124=DIRECTION('',(1.,0.,0.));
#4125=DIRECTION('',(0.,0.,1.));
#4126=DIRECTION('center_axis',(1.,0.,0.));
#4127=DIRECTION('ref_axis',(0.,1.,0.));
#4128=DIRECTION('',(0.,-1.,0.));
#4129=DIRECTION('',(0.,0.,1.));
#4130=DIRECTION('',(0.,1.,0.));
#4131=DIRECTION('center_axis',(0.,1.,0.));
#4132=DIRECTION('ref_axis',(-1.,0.,0.));
#4133=DIRECTION('',(1.,0.,0.));
#4134=DIRECTION('',(0.,0.,1.));
#4135=DIRECTION('',(-1.,0.,0.));
#4136=DIRECTION('center_axis',(-1.,0.,0.));
#4137=DIRECTION('ref_axis',(0.,-1.,0.));
#4138=DIRECTION('',(0.,1.,0.));
#4139=DIRECTION('',(0.,-1.,0.));
#4140=DIRECTION('center_axis',(0.,-1.,0.));
#4141=DIRECTION('ref_axis',(1.,0.,0.));
#4142=DIRECTION('',(-1.,0.,0.));
#4143=DIRECTION('',(0.,0.,1.));
#4144=DIRECTION('',(1.,0.,0.));
#4145=DIRECTION('',(0.,0.,1.));
#4146=DIRECTION('center_axis',(1.,0.,0.));
#4147=DIRECTION('ref_axis',(0.,1.,0.));
#4148=DIRECTION('',(0.,-1.,0.));
#4149=DIRECTION('',(0.,0.,1.));
#4150=DIRECTION('',(0.,1.,0.));
#4151=DIRECTION('center_axis',(0.,1.,0.));
#4152=DIRECTION('ref_axis',(-1.,0.,0.));
#4153=DIRECTION('',(1.,0.,0.));
#4154=DIRECTION('',(0.,0.,1.));
#4155=DIRECTION('',(-1.,0.,0.));
#4156=DIRECTION('center_axis',(-1.,0.,0.));
#4157=DIRECTION('ref_axis',(0.,-1.,0.));
#4158=DIRECTION('',(0.,1.,0.));
#4159=DIRECTION('',(0.,-1.,0.));
#4160=DIRECTION('center_axis',(0.,0.,1.));
#4161=DIRECTION('ref_axis',(1.,0.,0.));
#4162=DIRECTION('',(0.,1.,0.));
#4163=DIRECTION('center_axis',(0.,0.,-1.));
#4164=DIRECTION('ref_axis',(1.,0.,0.));
#4165=DIRECTION('',(1.,0.,0.));
#4166=DIRECTION('',(0.,-1.,0.));
#4167=DIRECTION('',(-1.,0.,0.));
#4168=DIRECTION('center_axis',(0.,0.,1.));
#4169=DIRECTION('ref_axis',(1.,0.,0.));
#4170=DIRECTION('',(1.,0.,0.));
#4171=DIRECTION('',(0.,1.,0.));
#4172=DIRECTION('',(-1.,0.,0.));
#4173=DIRECTION('',(0.,-1.,0.));
#4174=DIRECTION('center_axis',(0.,-1.,0.));
#4175=DIRECTION('ref_axis',(1.,0.,0.));
#4176=DIRECTION('',(-1.,0.,0.));
#4177=DIRECTION('',(0.,0.,1.));
#4178=DIRECTION('',(0.,0.,1.));
#4179=DIRECTION('center_axis',(1.,0.,0.));
#4180=DIRECTION('ref_axis',(0.,1.,0.));
#4181=DIRECTION('',(0.,-1.,0.));
#4182=DIRECTION('',(0.,0.,1.));
#4183=DIRECTION('center_axis',(0.,1.,0.));
#4184=DIRECTION('ref_axis',(-1.,0.,0.));
#4185=DIRECTION('',(1.,0.,0.));
#4186=DIRECTION('',(0.,0.,1.));
#4187=DIRECTION('center_axis',(-1.,0.,0.));
#4188=DIRECTION('ref_axis',(0.,-1.,0.));
#4189=DIRECTION('',(0.,1.,0.));
#4190=DIRECTION('center_axis',(0.,0.,1.));
#4191=DIRECTION('ref_axis',(1.,0.,0.));
#4192=DIRECTION('',(0.,0.,-1.));
#4193=DIRECTION('center_axis',(0.,0.,-1.));
#4194=DIRECTION('ref_axis',(1.,0.,0.));
#4195=DIRECTION('',(0.,0.,1.));
#4196=DIRECTION('center_axis',(0.,0.,1.));
#4197=DIRECTION('ref_axis',(1.,0.,0.));
#4198=DIRECTION('',(0.,-1.,0.));
#4199=DIRECTION('',(1.,0.,0.));
#4200=DIRECTION('',(0.,1.,0.));
#4201=DIRECTION('',(-1.,0.,0.));
#4202=DIRECTION('center_axis',(1.,0.,0.));
#4203=DIRECTION('ref_axis',(0.,1.,0.));
#4204=DIRECTION('',(0.,0.,1.));
#4205=DIRECTION('center_axis',(-1.,0.,0.));
#4206=DIRECTION('ref_axis',(0.,-1.,0.));
#4207=DIRECTION('',(0.,0.,-1.));
#4208=DIRECTION('',(0.,0.,1.));
#4209=DIRECTION('center_axis',(0.,-1.,0.));
#4210=DIRECTION('ref_axis',(1.,0.,0.));
#4211=DIRECTION('center_axis',(0.,1.,0.));
#4212=DIRECTION('ref_axis',(-1.,0.,0.));
#4213=DIRECTION('center_axis',(0.,0.,1.));
#4214=DIRECTION('ref_axis',(-0.70710678118655,-0.707106781186545,0.));
#4215=DIRECTION('center_axis',(0.,0.,-1.));
#4216=DIRECTION('ref_axis',(-0.70710678118655,-0.707106781186545,0.));
#4217=DIRECTION('',(0.,0.,-1.));
#4218=DIRECTION('center_axis',(0.,0.,1.));
#4219=DIRECTION('ref_axis',(-0.70710678118655,-0.707106781186545,0.));
#4220=DIRECTION('center_axis',(0.,0.,1.));
#4221=DIRECTION('ref_axis',(-0.70710678118655,-0.707106781186545,0.));
#4222=DIRECTION('',(0.,0.,1.));
#4223=DIRECTION('center_axis',(0.,0.,-1.));
#4224=DIRECTION('ref_axis',(-0.70710678118655,-0.707106781186545,0.));
#4225=DIRECTION('center_axis',(0.,0.,1.));
#4226=DIRECTION('ref_axis',(-1.,0.,0.));
#4227=DIRECTION('',(-1.,0.,0.));
#4228=DIRECTION('center_axis',(0.,0.,-1.));
#4229=DIRECTION('ref_axis',(0.70710678118655,-0.707106781186545,0.));
#4230=DIRECTION('',(0.,-1.,0.));
#4231=DIRECTION('',(1.,0.,0.));
#4232=DIRECTION('',(0.,-1.,0.));
#4233=DIRECTION('center_axis',(0.,-1.,0.));
#4234=DIRECTION('ref_axis',(0.,0.,-1.));
#4235=DIRECTION('',(1.,0.,0.));
#4236=DIRECTION('',(0.,0.,-1.));
#4237=DIRECTION('center_axis',(0.,0.,-1.));
#4238=DIRECTION('ref_axis',(0.,1.,0.));
#4239=DIRECTION('',(0.,-1.,0.));
#4240=DIRECTION('',(-1.,0.,0.));
#4241=DIRECTION('center_axis',(0.,0.,-1.));
#4242=DIRECTION('ref_axis',(0.707106781186541,-0.707106781186554,0.));
#4243=DIRECTION('',(0.,-1.,0.));
#4244=DIRECTION('',(1.,0.,0.));
#4245=DIRECTION('center_axis',(0.,0.,1.));
#4246=DIRECTION('ref_axis',(0.707106781186541,0.707106781186554,0.));
#4247=DIRECTION('',(0.,1.,0.));
#4248=DIRECTION('center_axis',(0.,0.,1.));
#4249=DIRECTION('ref_axis',(0.70710678118655,-0.707106781186545,0.));
#4250=DIRECTION('',(-1.,0.,0.));
#4251=DIRECTION('',(-1.,0.,0.));
#4252=DIRECTION('center_axis',(0.,-1.,0.));
#4253=DIRECTION('ref_axis',(1.,0.,0.));
#4254=DIRECTION('',(0.,0.,-1.));
#4255=DIRECTION('',(1.,0.,0.));
#4256=DIRECTION('',(0.,0.,1.));
#4257=DIRECTION('center_axis',(0.,-1.,0.));
#4258=DIRECTION('ref_axis',(1.,0.,0.));
#4259=DIRECTION('',(0.,0.,1.));
#4260=DIRECTION('',(-1.,0.,0.));
#4261=DIRECTION('',(0.,0.,-1.));
#4262=DIRECTION('center_axis',(0.,0.,1.));
#4263=DIRECTION('ref_axis',(-0.707106781186541,-0.707106781186554,0.));
#4264=DIRECTION('center_axis',(0.,0.,1.));
#4265=DIRECTION('ref_axis',(0.,-1.,0.));
#4266=DIRECTION('',(0.,0.,-1.));
#4267=DIRECTION('center_axis',(0.,0.,1.));
#4268=DIRECTION('ref_axis',(-0.707106781186541,-0.707106781186554,0.));
#4269=DIRECTION('',(0.,0.,-1.));
#4270=DIRECTION('center_axis',(0.,0.,-1.));
#4271=DIRECTION('ref_axis',(-1.,0.,0.));
#4272=DIRECTION('center_axis',(0.,0.,1.));
#4273=DIRECTION('ref_axis',(-0.707106781186541,0.707106781186554,0.));
#4274=DIRECTION('center_axis',(0.,0.,-1.));
#4275=DIRECTION('ref_axis',(-0.707106781186541,0.707106781186554,0.));
#4276=DIRECTION('',(0.,0.,-1.));
#4277=DIRECTION('center_axis',(0.,0.,1.));
#4278=DIRECTION('ref_axis',(-0.707106781186541,0.707106781186554,0.));
#4279=DIRECTION('center_axis',(0.,0.,1.));
#4280=DIRECTION('ref_axis',(-0.707106781186541,0.707106781186554,0.));
#4281=DIRECTION('',(0.,0.,1.));
#4282=DIRECTION('center_axis',(0.,0.,-1.));
#4283=DIRECTION('ref_axis',(-0.707106781186541,0.707106781186554,0.));
#4284=DIRECTION('center_axis',(0.,0.,1.));
#4285=DIRECTION('ref_axis',(0.,1.,0.));
#4286=DIRECTION('',(0.,-1.,0.));
#4287=DIRECTION('',(-1.,0.,0.));
#4288=DIRECTION('',(0.,1.,0.));
#4289=DIRECTION('center_axis',(-1.,0.,0.));
#4290=DIRECTION('ref_axis',(0.,0.,1.));
#4291=DIRECTION('',(0.,-1.,0.));
#4292=DIRECTION('center_axis',(0.,0.,-1.));
#4293=DIRECTION('ref_axis',(0.,-1.,0.));
#4294=DIRECTION('',(-1.,0.,0.));
#4295=DIRECTION('',(0.,1.,0.));
#4296=DIRECTION('',(0.,1.,0.));
#4297=DIRECTION('',(0.,1.,0.));
#4298=DIRECTION('center_axis',(0.,0.,1.));
#4299=DIRECTION('ref_axis',(-0.707106781186541,0.707106781186554,0.));
#4300=DIRECTION('',(0.,0.,-1.));
#4301=DIRECTION('center_axis',(0.,0.,-1.));
#4302=DIRECTION('ref_axis',(0.,1.,0.));
#4303=DIRECTION('',(0.,0.,1.));
#4304=DIRECTION('center_axis',(0.,0.,-1.));
#4305=DIRECTION('ref_axis',(0.707106781186541,0.707106781186554,0.));
#4306=DIRECTION('center_axis',(0.,0.,1.));
#4307=DIRECTION('ref_axis',(0.707106781186541,0.707106781186554,0.));
#4308=DIRECTION('',(0.,0.,1.));
#4309=DIRECTION('center_axis',(0.,0.,-1.));
#4310=DIRECTION('ref_axis',(0.707106781186541,0.707106781186554,0.));
#4311=DIRECTION('center_axis',(0.,0.,-1.));
#4312=DIRECTION('ref_axis',(0.707106781186541,0.707106781186554,0.));
#4313=DIRECTION('',(0.,0.,-1.));
#4314=DIRECTION('center_axis',(1.,0.,0.));
#4315=DIRECTION('ref_axis',(0.,0.,-1.));
#4316=DIRECTION('',(0.,-1.,0.));
#4317=DIRECTION('',(0.,0.,1.));
#4318=DIRECTION('center_axis',(0.,0.,1.));
#4319=DIRECTION('ref_axis',(0.,-1.,0.));
#4320=DIRECTION('',(1.,0.,0.));
#4321=DIRECTION('',(0.,-1.,0.));
#4322=DIRECTION('',(1.,0.,0.));
#4323=DIRECTION('center_axis',(0.,0.,-1.));
#4324=DIRECTION('ref_axis',(0.70710678118655,-0.707106781186545,0.));
#4325=DIRECTION('',(0.,1.,0.));
#4326=DIRECTION('',(0.,1.,0.));
#4327=DIRECTION('center_axis',(0.,0.,1.));
#4328=DIRECTION('ref_axis',(0.707106781186554,0.707106781186541,0.));
#4329=DIRECTION('',(0.,0.,-1.));
#4330=DIRECTION('center_axis',(0.,0.,-1.));
#4331=DIRECTION('ref_axis',(1.,0.,0.));
#4332=DIRECTION('',(0.,0.,1.));
#4333=DIRECTION('center_axis',(0.,0.,1.));
#4334=DIRECTION('ref_axis',(0.707106781186554,0.707106781186541,0.));
#4335=DIRECTION('',(0.,0.,1.));
#4336=DIRECTION('center_axis',(0.,0.,1.));
#4337=DIRECTION('ref_axis',(0.,1.,0.));
#4338=DIRECTION('',(0.,0.,-1.));
#4339=DIRECTION('center_axis',(0.,0.,1.));
#4340=DIRECTION('ref_axis',(0.70710678118655,-0.707106781186545,0.));
#4341=DIRECTION('center_axis',(0.,0.,1.));
#4342=DIRECTION('ref_axis',(0.707106781186541,-0.707106781186554,0.));
#4343=DIRECTION('center_axis',(0.,0.,-1.));
#4344=DIRECTION('ref_axis',(0.,-1.,0.));
#4345=DIRECTION('',(0.,0.,1.));
#4346=DIRECTION('center_axis',(-1.,0.,0.));
#4347=DIRECTION('ref_axis',(0.,-1.,0.));
#4348=DIRECTION('',(0.,-1.,0.));
#4349=DIRECTION('',(0.,0.,1.));
#4350=DIRECTION('center_axis',(-1.,0.,0.));
#4351=DIRECTION('ref_axis',(0.,-1.,0.));
#4352=DIRECTION('',(0.,1.,0.));
#4353=DIRECTION('center_axis',(1.,0.,0.));
#4354=DIRECTION('ref_axis',(0.,1.,0.));
#4355=DIRECTION('',(0.,1.,0.));
#4356=DIRECTION('',(0.,0.,1.));
#4357=DIRECTION('center_axis',(0.,0.,-1.));
#4358=DIRECTION('ref_axis',(-1.,0.,0.));
#4359=DIRECTION('',(-1.,0.,0.));
#4360=DIRECTION('',(1.,0.,0.));
#4361=DIRECTION('center_axis',(0.,1.,0.));
#4362=DIRECTION('ref_axis',(-1.,0.,0.));
#4363=DIRECTION('',(1.,0.,0.));
#4364=DIRECTION('center_axis',(0.,1.,0.));
#4365=DIRECTION('ref_axis',(-1.,0.,0.));
#4366=DIRECTION('',(1.,0.,0.));
#4367=DIRECTION('',(0.,0.,-1.));
#4368=DIRECTION('',(-1.,0.,0.));
#4369=DIRECTION('center_axis',(0.408248290463862,-0.816496580927725,0.408248290463866));
#4370=DIRECTION('ref_axis',(0.577350269189625,0.577350269189625,0.577350269189628));
#4371=DIRECTION('center_axis',(0.,1.,0.));
#4372=DIRECTION('ref_axis',(1.,0.,0.));
#4373=DIRECTION('center_axis',(1.,0.,0.));
#4374=DIRECTION('ref_axis',(0.,0.,1.));
#4375=DIRECTION('center_axis',(-0.816496580927732,-0.408248290463862,-0.408248290463852));
#4376=DIRECTION('ref_axis',(-0.577350269189618,0.577350269189639,0.577350269189621));
#4377=DIRECTION('center_axis',(-1.,0.,0.));
#4378=DIRECTION('ref_axis',(0.,1.,0.));
#4379=DIRECTION('center_axis',(0.,0.,1.));
#4380=DIRECTION('ref_axis',(-1.,0.,0.));
#4381=DIRECTION('center_axis',(-1.77635683940026E-14,1.,0.));
#4382=DIRECTION('ref_axis',(0.,0.,1.));
#4383=DIRECTION('center_axis',(0.408248290463853,-0.816496580927735,-0.408248290463854));
#4384=DIRECTION('ref_axis',(0.577350269189632,0.57735026918961,-0.577350269189636));
#4385=DIRECTION('center_axis',(1.77635683940026E-14,1.,0.));
#4386=DIRECTION('ref_axis',(0.,0.,-1.));
#4387=DIRECTION('center_axis',(1.,0.,0.));
#4388=DIRECTION('ref_axis',(0.,1.,0.));
#4389=DIRECTION('center_axis',(-0.81649658092773,-0.408248290463861,0.408248290463858));
#4390=DIRECTION('ref_axis',(0.577350269189626,-0.577350269189626,0.577350269189626));
#4391=DIRECTION('center_axis',(1.,0.,0.));
#4392=DIRECTION('ref_axis',(0.,-1.,0.));
#4393=DIRECTION('center_axis',(0.,0.,1.));
#4394=DIRECTION('ref_axis',(1.,0.,0.));
#4395=DIRECTION('center_axis',(0.,-1.,0.));
#4396=DIRECTION('ref_axis',(0.,0.,1.));
#4397=DIRECTION('center_axis',(-0.408248290463843,-0.816496580927744,-0.408248290463847));
#4398=DIRECTION('ref_axis',(-0.577350269189635,0.577350269189607,-0.577350269189636));
#4399=DIRECTION('center_axis',(-1.,0.,0.));
#4400=DIRECTION('ref_axis',(0.,0.,-1.));
#4401=DIRECTION('center_axis',(0.,1.,3.5527136788005E-14));
#4402=DIRECTION('ref_axis',(-1.,0.,0.));
#4403=DIRECTION('center_axis',(-1.,0.,0.));
#4404=DIRECTION('ref_axis',(0.,0.70710678118654,-0.707106781186555));
#4405=DIRECTION('',(-1.,0.,0.));
#4406=DIRECTION('center_axis',(-0.816496580927732,0.408248290463855,-0.408248290463859));
#4407=DIRECTION('ref_axis',(-0.577350269189618,-0.577350269189639,0.577350269189621));
#4408=DIRECTION('center_axis',(0.,-1.,0.));
#4409=DIRECTION('ref_axis',(-1.,0.,0.));
#4410=DIRECTION('center_axis',(-1.,0.,0.));
#4411=DIRECTION('ref_axis',(0.,0.,1.));
#4412=DIRECTION('center_axis',(-0.816496580927729,-0.408248290463861,-0.408248290463858));
#4413=DIRECTION('ref_axis',(0.577350269189626,-0.577350269189626,-0.577350269189626));
#4414=DIRECTION('center_axis',(1.,0.,0.));
#4415=DIRECTION('ref_axis',(0.,0.,-1.));
#4416=DIRECTION('center_axis',(0.,-1.,0.));
#4417=DIRECTION('ref_axis',(1.,0.,0.));
#4418=DIRECTION('center_axis',(-0.816496580927732,0.408248290463855,0.408248290463859));
#4419=DIRECTION('ref_axis',(-0.577350269189618,-0.577350269189639,-0.57735026918962));
#4420=DIRECTION('center_axis',(0.,-1.,0.));
#4421=DIRECTION('ref_axis',(0.,0.,-1.));
#4422=DIRECTION('center_axis',(-1.,0.,0.));
#4423=DIRECTION('ref_axis',(0.,-1.,0.));
#4424=DIRECTION('center_axis',(1.,0.,0.));
#4425=DIRECTION('ref_axis',(0.,-0.707106781186553,-0.707106781186542));
#4426=DIRECTION('',(1.,0.,0.));
#4427=DIRECTION('center_axis',(0.,-1.,0.));
#4428=DIRECTION('ref_axis',(-0.707106781186546,0.,-0.707106781186549));
#4429=DIRECTION('',(0.,-1.,0.));
#4430=DIRECTION('center_axis',(0.,1.,0.));
#4431=DIRECTION('ref_axis',(0.707106781186546,0.,-0.707106781186549));
#4432=DIRECTION('',(0.,-1.,0.));
#4433=DIRECTION('',(0.,1.,0.));
#4434=DIRECTION('center_axis',(1.,0.,0.));
#4435=DIRECTION('ref_axis',(0.,-0.707106781186551,0.707106781186544));
#4436=DIRECTION('',(-1.,0.,0.));
#4437=DIRECTION('center_axis',(0.,-1.,0.));
#4438=DIRECTION('ref_axis',(-0.707106781186544,0.,0.707106781186551));
#4439=DIRECTION('',(0.,1.,0.));
#4440=DIRECTION('center_axis',(0.,0.,1.));
#4441=DIRECTION('ref_axis',(-0.707106781186541,0.707106781186554,0.));
#4442=DIRECTION('center_axis',(0.,1.,0.));
#4443=DIRECTION('ref_axis',(0.707106781186544,0.,0.707106781186551));
#4444=DIRECTION('',(0.,-1.,0.));
#4445=DIRECTION('center_axis',(-1.,0.,0.));
#4446=DIRECTION('ref_axis',(0.,0.707106781186538,0.707106781186557));
#4447=DIRECTION('',(1.,0.,0.));
#4448=DIRECTION('center_axis',(0.,0.,1.));
#4449=DIRECTION('ref_axis',(-1.,0.,0.));
#4450=DIRECTION('center_axis',(0.,0.,1.));
#4451=DIRECTION('ref_axis',(-1.,0.,0.));
#4452=DIRECTION('center_axis',(0.,0.,1.));
#4453=DIRECTION('ref_axis',(-1.,0.,0.));
#4454=DIRECTION('center_axis',(0.,0.,1.));
#4455=DIRECTION('ref_axis',(-1.,0.,0.));
#4456=DIRECTION('center_axis',(0.,0.,1.));
#4457=DIRECTION('ref_axis',(-1.,0.,0.));
#4458=DIRECTION('center_axis',(0.,0.,1.));
#4459=DIRECTION('ref_axis',(-1.,0.,0.));
#4460=DIRECTION('center_axis',(0.,0.,1.));
#4461=DIRECTION('ref_axis',(-1.,0.,0.));
#4462=DIRECTION('center_axis',(0.,0.,1.));
#4463=DIRECTION('ref_axis',(-1.,0.,0.));
#4464=DIRECTION('center_axis',(0.,0.,1.));
#4465=DIRECTION('ref_axis',(-1.,0.,0.));
#4466=DIRECTION('center_axis',(0.,0.,1.));
#4467=DIRECTION('ref_axis',(-1.,0.,0.));
#4468=DIRECTION('',(0.,-1.,0.));
#4469=DIRECTION('',(-1.,0.,0.));
#4470=DIRECTION('',(0.,1.,0.));
#4471=DIRECTION('center_axis',(0.,0.,1.));
#4472=DIRECTION('ref_axis',(-1.,0.,0.));
#4473=DIRECTION('',(0.,1.,0.));
#4474=DIRECTION('center_axis',(0.,0.,1.));
#4475=DIRECTION('ref_axis',(-1.,0.,0.));
#4476=DIRECTION('',(1.,0.,0.));
#4477=DIRECTION('center_axis',(0.,0.,1.));
#4478=DIRECTION('ref_axis',(-1.,0.,0.));
#4479=DIRECTION('',(0.,-1.,0.));
#4480=DIRECTION('center_axis',(0.,0.,1.));
#4481=DIRECTION('ref_axis',(-1.,0.,0.));
#4482=DIRECTION('',(0.,-1.,0.));
#4483=DIRECTION('center_axis',(0.,0.,1.));
#4484=DIRECTION('ref_axis',(-1.,0.,0.));
#4485=DIRECTION('',(1.,0.,0.));
#4486=DIRECTION('center_axis',(0.,0.,1.));
#4487=DIRECTION('ref_axis',(-1.,0.,0.));
#4488=DIRECTION('',(0.,-1.,0.));
#4489=DIRECTION('',(1.,0.,0.));
#4490=DIRECTION('center_axis',(0.,0.,1.));
#4491=DIRECTION('ref_axis',(-1.,0.,0.));
#4492=DIRECTION('center_axis',(0.,0.,1.));
#4493=DIRECTION('ref_axis',(-1.,0.,0.));
#4494=DIRECTION('center_axis',(0.,0.,1.));
#4495=DIRECTION('ref_axis',(-1.,0.,0.));
#4496=DIRECTION('',(0.,1.,0.));
#4497=DIRECTION('center_axis',(0.,0.,1.));
#4498=DIRECTION('ref_axis',(-1.,0.,0.));
#4499=DIRECTION('',(0.,1.,0.));
#4500=DIRECTION('',(-1.,0.,0.));
#4501=DIRECTION('',(0.,-1.,0.));
#4502=DIRECTION('center_axis',(0.,0.,1.));
#4503=DIRECTION('ref_axis',(-1.,0.,0.));
#4504=DIRECTION('',(0.,-1.,0.));
#4505=DIRECTION('center_axis',(0.,0.,1.));
#4506=DIRECTION('ref_axis',(-1.,0.,0.));
#4507=DIRECTION('',(1.,0.,0.));
#4508=DIRECTION('center_axis',(0.,0.,1.));
#4509=DIRECTION('ref_axis',(1.,0.,0.));
#4510=DIRECTION('',(1.,0.,0.));
#4511=DIRECTION('center_axis',(0.,1.,0.));
#4512=DIRECTION('ref_axis',(0.,0.,1.));
#4513=DIRECTION('center_axis',(0.,1.,0.));
#4514=DIRECTION('ref_axis',(-1.,0.,0.));
#4515=DIRECTION('',(0.,0.,-1.));
#4516=DIRECTION('',(0.,0.,-1.));
#4517=DIRECTION('center_axis',(1.,0.,0.));
#4518=DIRECTION('ref_axis',(0.,1.,0.));
#4519=DIRECTION('',(0.,0.,1.));
#4520=DIRECTION('',(0.,0.,-1.));
#4521=DIRECTION('center_axis',(-1.,0.,0.));
#4522=DIRECTION('ref_axis',(0.,-1.,0.));
#4523=DIRECTION('',(0.,0.,1.));
#4524=DIRECTION('',(0.,0.,-1.));
#4525=DIRECTION('center_axis',(0.,0.,1.));
#4526=DIRECTION('ref_axis',(0.882638657147281,-0.470052125736332,0.));
#4527=DIRECTION('',(0.,0.,-1.));
#4528=DIRECTION('center_axis',(0.,1.,0.));
#4529=DIRECTION('ref_axis',(-1.,0.,0.));
#4530=DIRECTION('',(0.,0.,1.));
#4531=DIRECTION('center_axis',(0.,0.,1.));
#4532=DIRECTION('ref_axis',(-1.,0.,0.));
#4533=DIRECTION('center_axis',(0.,0.,1.));
#4534=DIRECTION('ref_axis',(0.707106781186541,-0.707106781186554,0.));
#4535=DIRECTION('center_axis',(0.,0.,1.));
#4536=DIRECTION('ref_axis',(-1.,0.,0.));
#4537=DIRECTION('',(0.,0.,-1.));
#4538=DIRECTION('center_axis',(0.,0.,1.));
#4539=DIRECTION('ref_axis',(-1.,0.,0.));
#4540=DIRECTION('',(0.,0.,-1.));
#4541=DIRECTION('center_axis',(0.,0.,1.));
#4542=DIRECTION('ref_axis',(-1.,0.,0.));
#4543=DIRECTION('',(0.,0.,-1.));
#4544=DIRECTION('center_axis',(0.,0.,1.));
#4545=DIRECTION('ref_axis',(-1.,0.,0.));
#4546=DIRECTION('',(0.,0.,-1.));
#4547=DIRECTION('center_axis',(0.,0.,1.));
#4548=DIRECTION('ref_axis',(1.,1.22464679914735E-16,0.));
#4549=DIRECTION('',(0.,0.,1.));
#4550=DIRECTION('center_axis',(-1.,0.,0.));
#4551=DIRECTION('ref_axis',(0.,-1.,0.));
#4552=DIRECTION('',(0.,0.,1.));
#4553=DIRECTION('center_axis',(0.,-1.,0.));
#4554=DIRECTION('ref_axis',(1.,0.,0.));
#4555=DIRECTION('',(0.,0.,-1.));
#4556=DIRECTION('center_axis',(1.,0.,0.));
#4557=DIRECTION('ref_axis',(0.,1.,0.));
#4558=DIRECTION('',(0.,0.,-1.));
#4559=DIRECTION('center_axis',(0.,0.,1.));
#4560=DIRECTION('ref_axis',(-1.,0.,0.));
#4561=DIRECTION('center_axis',(0.,0.,1.));
#4562=DIRECTION('ref_axis',(-1.,0.,0.));
#4563=DIRECTION('',(0.,0.,1.));
#4564=DIRECTION('center_axis',(1.,0.,0.));
#4565=DIRECTION('ref_axis',(0.,1.,0.));
#4566=DIRECTION('center_axis',(1.,0.,0.));
#4567=DIRECTION('ref_axis',(0.,1.,0.));
#4568=DIRECTION('center_axis',(1.,0.,0.));
#4569=DIRECTION('ref_axis',(0.,1.,0.));
#4570=DIRECTION('',(0.,1.,0.));
#4571=DIRECTION('',(0.,0.,-1.));
#4572=DIRECTION('',(0.,-1.,0.));
#4573=DIRECTION('',(0.,0.,1.));
#4574=DIRECTION('center_axis',(-1.,0.,0.));
#4575=DIRECTION('ref_axis',(0.,-1.,0.));
#4576=DIRECTION('',(0.,-1.,0.));
#4577=DIRECTION('',(0.,0.,1.));
#4578=DIRECTION('',(0.,1.,0.));
#4579=DIRECTION('',(0.,0.,-1.));
#4580=DIRECTION('center_axis',(0.,-1.,0.));
#4581=DIRECTION('ref_axis',(1.,0.,0.));
#4582=DIRECTION('',(1.,0.,0.));
#4583=DIRECTION('',(-1.,0.,0.));
#4584=DIRECTION('',(0.,0.,1.));
#4585=DIRECTION('center_axis',(0.,1.,0.));
#4586=DIRECTION('ref_axis',(-1.,0.,0.));
#4587=DIRECTION('',(-1.,0.,0.));
#4588=DIRECTION('',(1.,0.,0.));
#4589=DIRECTION('center_axis',(0.,0.,1.));
#4590=DIRECTION('ref_axis',(1.,0.,0.));
#4591=DIRECTION('',(0.,-1.,0.));
#4592=DIRECTION('',(-1.,0.,0.));
#4593=DIRECTION('',(0.,1.,0.));
#4594=DIRECTION('',(1.,0.,0.));
#4595=DIRECTION('center_axis',(0.,0.,-1.));
#4596=DIRECTION('ref_axis',(1.,0.,0.));
#4597=DIRECTION('center_axis',(0.,0.,-1.));
#4598=DIRECTION('ref_axis',(1.,0.,0.));
#4599=DIRECTION('center_axis',(0.,0.,-1.));
#4600=DIRECTION('ref_axis',(1.,0.,0.));
#4601=DIRECTION('center_axis',(0.,0.,-1.));
#4602=DIRECTION('ref_axis',(1.,0.,0.));
#4603=DIRECTION('center_axis',(0.,1.,0.));
#4604=DIRECTION('ref_axis',(-0.707106781186561,0.,-0.707106781186534));
#4605=DIRECTION('center_axis',(0.,1.,0.));
#4606=DIRECTION('ref_axis',(0.,0.,-1.));
#4607=DIRECTION('',(0.,1.,0.));
#4608=DIRECTION('center_axis',(0.,-1.,0.));
#4609=DIRECTION('ref_axis',(-1.,0.,0.));
#4610=DIRECTION('center_axis',(-1.,0.,0.));
#4611=DIRECTION('ref_axis',(0.,-0.707106781186561,-0.707106781186534));
#4612=DIRECTION('center_axis',(-1.,0.,0.));
#4613=DIRECTION('ref_axis',(0.,0.,-1.));
#4614=DIRECTION('',(-1.,0.,0.));
#4615=DIRECTION('center_axis',(1.,0.,0.));
#4616=DIRECTION('ref_axis',(0.,-1.,0.));
#4617=DIRECTION('center_axis',(-0.816496580927725,0.408248290463863,0.408248290463866));
#4618=DIRECTION('ref_axis',(-0.577350269189626,-0.577350269189626,-0.577350269189626));
#4619=DIRECTION('center_axis',(0.,0.,-1.));
#4620=DIRECTION('ref_axis',(-0.707106781186548,-0.707106781186548,0.));
#4621=DIRECTION('center_axis',(0.,-1.,0.));
#4622=DIRECTION('ref_axis',(0.707106781186545,0.,-0.70710678118655));
#4623=DIRECTION('center_axis',(0.,-1.,0.));
#4624=DIRECTION('ref_axis',(0.,0.,-1.));
#4625=DIRECTION('',(0.,-1.,0.));
#4626=DIRECTION('center_axis',(0.,1.,0.));
#4627=DIRECTION('ref_axis',(1.,0.,0.));
#4628=DIRECTION('center_axis',(-0.816496580927726,-0.408248290463863,-0.408248290463863));
#4629=DIRECTION('ref_axis',(0.577350269189626,-0.577350269189626,-0.577350269189626));
#4630=DIRECTION('center_axis',(0.,0.,-1.));
#4631=DIRECTION('ref_axis',(0.707106781186533,-0.707106781186562,0.));
#4632=DIRECTION('center_axis',(1.,0.,0.));
#4633=DIRECTION('ref_axis',(0.,0.70710678118655,-0.707106781186545));
#4634=DIRECTION('center_axis',(1.,0.,0.));
#4635=DIRECTION('ref_axis',(0.,0.,-1.));
#4636=DIRECTION('',(1.,0.,0.));
#4637=DIRECTION('center_axis',(-1.,0.,0.));
#4638=DIRECTION('ref_axis',(0.,1.,0.));
#4639=DIRECTION('center_axis',(-0.40824829046386,-0.40824829046386,-0.816496580927729));
#4640=DIRECTION('ref_axis',(0.577350269189626,0.577350269189626,-0.577350269189626));
#4641=DIRECTION('center_axis',(0.,0.,-1.));
#4642=DIRECTION('ref_axis',(0.707106781186551,0.707106781186544,0.));
#4643=DIRECTION('center_axis',(0.408248290463882,-0.408248290463858,-0.816496580927719));
#4644=DIRECTION('ref_axis',(-0.577350269189643,0.577350269189607,-0.577350269189628));
#4645=DIRECTION('center_axis',(0.,0.,-1.));
#4646=DIRECTION('ref_axis',(-0.707106781186562,0.707106781186533,0.));
#4647=DIRECTION('center_axis',(0.,0.,1.));
#4648=DIRECTION('ref_axis',(0.707106781186532,-0.707106781186563,0.));
#4649=DIRECTION('',(0.,0.,1.));
#4650=DIRECTION('center_axis',(0.,0.,-1.));
#4651=DIRECTION('ref_axis',(1.,0.,0.));
#4652=DIRECTION('',(0.,0.,-1.));
#4653=DIRECTION('center_axis',(1.,0.,0.));
#4654=DIRECTION('ref_axis',(0.,1.,0.));
#4655=DIRECTION('',(0.,0.,-1.));
#4656=DIRECTION('',(0.,1.,0.));
#4657=DIRECTION('center_axis',(0.,0.,1.));
#4658=DIRECTION('ref_axis',(0.707106781186547,0.707106781186547,0.));
#4659=DIRECTION('',(0.,0.,1.));
#4660=DIRECTION('center_axis',(0.,0.,-1.));
#4661=DIRECTION('ref_axis',(0.,1.,0.));
#4662=DIRECTION('center_axis',(0.,1.,0.));
#4663=DIRECTION('ref_axis',(-1.,0.,0.));
#4664=DIRECTION('',(0.,0.,-1.));
#4665=DIRECTION('',(-1.,0.,0.));
#4666=DIRECTION('center_axis',(0.,1.,0.));
#4667=DIRECTION('ref_axis',(0.707106781186545,0.,0.70710678118655));
#4668=DIRECTION('center_axis',(0.,1.,0.));
#4669=DIRECTION('ref_axis',(0.,0.,1.));
#4670=DIRECTION('center_axis',(0.,-1.,0.));
#4671=DIRECTION('ref_axis',(1.,0.,0.));
#4672=DIRECTION('',(0.,-1.,0.));
#4673=DIRECTION('center_axis',(-0.816496580927726,-0.408248290463863,0.408248290463863));
#4674=DIRECTION('ref_axis',(0.577350269189626,-0.577350269189626,0.577350269189626));
#4675=DIRECTION('center_axis',(1.,0.,0.));
#4676=DIRECTION('ref_axis',(0.,-0.70710678118656,0.707106781186535));
#4677=DIRECTION('center_axis',(0.408248290463859,-0.816496580927729,0.408248290463862));
#4678=DIRECTION('ref_axis',(0.577350269189624,0.577350269189624,0.57735026918963));
#4679=DIRECTION('center_axis',(1.,0.,0.));
#4680=DIRECTION('ref_axis',(0.,0.707106781186547,0.707106781186548));
#4681=DIRECTION('center_axis',(1.,0.,0.));
#4682=DIRECTION('ref_axis',(0.,-0.707106781186561,0.707106781186534));
#4683=DIRECTION('',(-1.,0.,0.));
#4684=DIRECTION('center_axis',(1.,0.,0.));
#4685=DIRECTION('ref_axis',(0.,0.,1.));
#4686=DIRECTION('',(1.,0.,0.));
#4687=DIRECTION('center_axis',(0.,0.,1.));
#4688=DIRECTION('ref_axis',(1.,0.,0.));
#4689=DIRECTION('',(1.,0.,0.));
#4690=DIRECTION('',(0.,1.,0.));
#4691=DIRECTION('center_axis',(0.,0.,-1.));
#4692=DIRECTION('ref_axis',(1.,0.,0.));
#4693=DIRECTION('center_axis',(0.,0.,-1.));
#4694=DIRECTION('ref_axis',(1.,0.,0.));
#4695=DIRECTION('center_axis',(0.,0.,-1.));
#4696=DIRECTION('ref_axis',(1.,0.,0.));
#4697=DIRECTION('center_axis',(0.,0.,-1.));
#4698=DIRECTION('ref_axis',(1.,0.,0.));
#4699=DIRECTION('center_axis',(-1.,0.,0.));
#4700=DIRECTION('ref_axis',(0.,0.70710678118655,0.707106781186545));
#4701=DIRECTION('center_axis',(-1.,0.,0.));
#4702=DIRECTION('ref_axis',(0.,0.707106781186547,0.707106781186548));
#4703=DIRECTION('center_axis',(0.,0.,1.));
#4704=DIRECTION('ref_axis',(-0.707106781186547,-0.707106781186547,0.));
#4705=DIRECTION('',(0.,0.,1.));
#4706=DIRECTION('center_axis',(0.,0.,-1.));
#4707=DIRECTION('ref_axis',(0.,-1.,0.));
#4708=DIRECTION('',(0.,0.,-1.));
#4709=DIRECTION('center_axis',(-0.816496580927725,0.408248290463863,-0.408248290463866));
#4710=DIRECTION('ref_axis',(-0.577350269189626,-0.577350269189626,0.577350269189626));
#4711=DIRECTION('center_axis',(0.,-1.,0.));
#4712=DIRECTION('ref_axis',(-0.70710678118656,0.,0.707106781186535));
#4713=DIRECTION('center_axis',(-1.,0.,0.));
#4714=DIRECTION('ref_axis',(0.,-1.,0.));
#4715=DIRECTION('',(0.,-1.,0.));
#4716=DIRECTION('',(0.,0.,1.));
#4717=DIRECTION('center_axis',(0.,-1.,0.));
#4718=DIRECTION('ref_axis',(-0.707106781186561,0.,0.707106781186534));
#4719=DIRECTION('center_axis',(0.,-1.,0.));
#4720=DIRECTION('ref_axis',(0.,0.,1.));
#4721=DIRECTION('center_axis',(0.,0.,1.));
#4722=DIRECTION('ref_axis',(-0.707106781186568,0.707106781186527,0.));
#4723=DIRECTION('center_axis',(0.,0.,-1.));
#4724=DIRECTION('ref_axis',(-1.,0.,0.));
#4725=DIRECTION('center_axis',(-0.816496580927721,-0.408248290463872,-0.408248290463864));
#4726=DIRECTION('ref_axis',(-0.577350269189626,0.577350269189626,0.577350269189626));
#4727=DIRECTION('center_axis',(0.,0.,1.));
#4728=DIRECTION('ref_axis',(1.,0.,0.));
#4729=DIRECTION('',(0.,0.,1.));
#4730=DIRECTION('center_axis',(0.,0.,1.));
#4731=DIRECTION('ref_axis',(0.821171952476432,-0.570680842911381,0.));
#4732=DIRECTION('center_axis',(0.,0.,1.));
#4733=DIRECTION('ref_axis',(1.,0.,0.));
#4734=DIRECTION('',(0.,0.,1.));
#4735=DIRECTION('center_axis',(0.,0.,1.));
#4736=DIRECTION('ref_axis',(1.,0.,0.));
#4737=DIRECTION('',(0.,0.,1.));
#4738=DIRECTION('center_axis',(0.,-1.,0.));
#4739=DIRECTION('ref_axis',(1.,0.,0.));
#4740=DIRECTION('',(0.,0.,1.));
#4741=DIRECTION('',(-1.,1.224646799147E-16,0.));
#4742=DIRECTION('',(0.,0.,1.));
#4743=DIRECTION('',(1.,0.,0.));
#4744=DIRECTION('',(0.,0.,1.));
#4745=DIRECTION('',(1.,0.,0.));
#4746=DIRECTION('',(0.,0.,1.));
#4747=DIRECTION('',(1.,0.,0.));
#4748=DIRECTION('',(0.,0.,1.));
#4749=DIRECTION('',(1.,0.,0.));
#4750=DIRECTION('',(0.,0.,1.));
#4751=DIRECTION('',(1.,0.,0.));
#4752=DIRECTION('',(0.,0.,1.));
#4753=DIRECTION('',(1.,0.,0.));
#4754=DIRECTION('',(0.,0.,1.));
#4755=DIRECTION('',(1.,0.,0.));
#4756=DIRECTION('',(0.,0.,1.));
#4757=DIRECTION('',(1.,0.,0.));
#4758=CARTESIAN_POINT('',(0.,0.,0.));
#4759=CARTESIAN_POINT('',(0.,0.,0.));
#4760=CARTESIAN_POINT('',(0.,0.,0.));
#4761=CARTESIAN_POINT('',(0.,0.,0.));
#4762=CARTESIAN_POINT('',(0.,0.,0.));
#4763=CARTESIAN_POINT('Origin',(-172.999997437,-93.0000007897615,20.));
#4764=CARTESIAN_POINT('',(-190.999997705221,-93.0000007897615,23.));
#4765=CARTESIAN_POINT('',(-172.999997437,-93.0000007897615,23.));
#4766=CARTESIAN_POINT('',(-181.129995019874,-93.0000007897615,23.));
#4767=CARTESIAN_POINT('',(-190.999997705221,-93.0000007897615,20.));
#4768=CARTESIAN_POINT('',(-190.999997705221,-93.0000007897615,20.));
#4769=CARTESIAN_POINT('',(-172.999997437,-93.0000007897615,20.));
#4770=CARTESIAN_POINT('',(-181.129995019874,-93.0000007897615,20.));
#4771=CARTESIAN_POINT('',(-172.999997437,-93.0000007897615,20.));
#4772=CARTESIAN_POINT('Origin',(-190.999997705221,-93.0000007897615,20.));
#4773=CARTESIAN_POINT('',(-190.999997705221,-108.000001013279,23.));
#4774=CARTESIAN_POINT('',(-190.999997705221,-111.385002526804,23.));
#4775=CARTESIAN_POINT('',(-190.999997705221,-108.000001013279,20.));
#4776=CARTESIAN_POINT('',(-190.999997705221,-108.000001013279,20.));
#4777=CARTESIAN_POINT('',(-190.999997705221,-111.385002526804,20.));
#4778=CARTESIAN_POINT('Origin',(-190.999997705221,-108.000001013279,20.));
#4779=CARTESIAN_POINT('',(-172.999997437,-108.000001013279,23.));
#4780=CARTESIAN_POINT('',(-190.129995153984,-108.000001013279,23.));
#4781=CARTESIAN_POINT('',(-172.999997437,-108.000001013279,20.));
#4782=CARTESIAN_POINT('',(-172.999997437,-108.000001013279,20.));
#4783=CARTESIAN_POINT('',(-190.129995153984,-108.000001013279,20.));
#4784=CARTESIAN_POINT('Origin',(-172.999997437,-108.000001013279,20.));
#4785=CARTESIAN_POINT('',(-172.999997437,-118.885002638563,23.));
#4786=CARTESIAN_POINT('',(-172.999997437,-118.885002638563,20.));
#4787=CARTESIAN_POINT('Origin',(-231.999998316169,-105.000000968575,20.));
#4788=CARTESIAN_POINT('',(-192.999997735023,-105.000000968575,23.));
#4789=CARTESIAN_POINT('',(-231.999998316169,-105.000000968575,23.));
#4790=CARTESIAN_POINT('',(-210.629995459458,-105.000000968575,23.));
#4791=CARTESIAN_POINT('',(-192.999997735023,-105.000000968575,20.));
#4792=CARTESIAN_POINT('',(-192.999997735023,-105.000000968575,20.));
#4793=CARTESIAN_POINT('',(-231.999998316169,-105.000000968575,20.));
#4794=CARTESIAN_POINT('',(-210.629995459458,-105.000000968575,20.));
#4795=CARTESIAN_POINT('',(-231.999998316169,-105.000000968575,20.));
#4796=CARTESIAN_POINT('Origin',(-192.999997735023,-105.000000968575,20.));
#4797=CARTESIAN_POINT('',(-192.999997735023,-95.0000008195639,23.));
#4798=CARTESIAN_POINT('',(-192.999997735023,-117.385002616211,23.));
#4799=CARTESIAN_POINT('',(-192.999997735023,-95.0000008195639,20.));
#4800=CARTESIAN_POINT('',(-192.999997735023,-95.0000008195639,20.));
#4801=CARTESIAN_POINT('',(-192.999997735023,-117.385002616211,20.));
#4802=CARTESIAN_POINT('Origin',(-192.999997735023,-95.0000008195639,20.));
#4803=CARTESIAN_POINT('',(-231.999998316169,-95.0000008195639,23.));
#4804=CARTESIAN_POINT('',(-191.129995168885,-95.0000008195639,23.));
#4805=CARTESIAN_POINT('',(-231.999998316169,-95.0000008195639,20.));
#4806=CARTESIAN_POINT('',(-231.999998316169,-95.0000008195639,20.));
#4807=CARTESIAN_POINT('',(-191.129995168885,-95.0000008195639,20.));
#4808=CARTESIAN_POINT('Origin',(-231.999998316169,-95.0000008195639,20.));
#4809=CARTESIAN_POINT('',(-231.999998316169,-112.385002541705,23.));
#4810=CARTESIAN_POINT('',(-231.999998316169,-112.385002541705,20.));
#4811=CARTESIAN_POINT('Origin',(-229.592005151646,-160.800057756497,20.));
#4812=CARTESIAN_POINT('',(-173.489285538905,-160.800057756497,23.));
#4813=CARTESIAN_POINT('',(-229.592005151646,-160.800057756497,23.));
#4814=CARTESIAN_POINT('',(-209.425998877196,-160.800057756497,23.));
#4815=CARTESIAN_POINT('',(-173.489285538905,-160.800057756497,20.));
#4816=CARTESIAN_POINT('',(-173.489285538905,-160.800057756497,20.));
#4817=CARTESIAN_POINT('',(-229.592005151646,-160.800057756497,20.));
#4818=CARTESIAN_POINT('',(-209.425998877196,-160.800057756497,20.));
#4819=CARTESIAN_POINT('',(-229.592005151646,-160.800057756497,20.));
#4820=CARTESIAN_POINT('Origin',(-173.489285538905,-160.800057756497,20.));
#4821=CARTESIAN_POINT('',(-173.489285538905,-111.285219569273,23.));
#4822=CARTESIAN_POINT('',(-173.489285538905,-145.285031010171,23.));
#4823=CARTESIAN_POINT('',(-173.489285538905,-111.285219569273,20.));
#4824=CARTESIAN_POINT('',(-173.489285538905,-111.285219569273,20.));
#4825=CARTESIAN_POINT('',(-173.489285538905,-145.285031010171,20.));
#4826=CARTESIAN_POINT('Origin',(-173.489285538905,-111.285219569273,20.));
#4827=CARTESIAN_POINT('',(-229.592005151646,-111.285219569273,23.));
#4828=CARTESIAN_POINT('',(-181.374639070826,-111.285219569273,23.));
#4829=CARTESIAN_POINT('',(-229.592005151646,-111.285219569273,20.));
#4830=CARTESIAN_POINT('',(-229.592005151646,-111.285219569273,20.));
#4831=CARTESIAN_POINT('',(-181.374639070826,-111.285219569273,20.));
#4832=CARTESIAN_POINT('Origin',(-229.592005151646,-111.285219569273,20.));
#4833=CARTESIAN_POINT('',(-229.592005151646,-120.52761191656,23.));
#4834=CARTESIAN_POINT('',(-229.592005151646,-120.52761191656,20.));
#4835=CARTESIAN_POINT('Origin',(-213.500003181398,-92.0000013709068,24.));
#4836=CARTESIAN_POINT('',(-227.000003382564,-94.0000014007092,24.));
#4837=CARTESIAN_POINT('',(-200.000002980232,-94.0000014007092,24.));
#4838=CARTESIAN_POINT('',(-200.000002980232,-94.0000014007092,24.));
#4839=CARTESIAN_POINT('',(-200.000002980232,-90.0000013411045,24.));
#4840=CARTESIAN_POINT('',(-200.000002980232,-90.0000013411045,24.));
#4841=CARTESIAN_POINT('',(-227.000003382564,-90.0000013411045,24.));
#4842=CARTESIAN_POINT('',(-227.000003382564,-90.0000013411045,24.));
#4843=CARTESIAN_POINT('',(-227.000003382564,-94.0000014007092,24.));
#4844=CARTESIAN_POINT('Origin',(-227.000003382564,-94.0000014007092,23.));
#4845=CARTESIAN_POINT('',(-200.000002980232,-94.0000014007092,23.));
#4846=CARTESIAN_POINT('',(-227.000003382564,-94.0000014007092,23.));
#4847=CARTESIAN_POINT('',(-208.129997992655,-94.0000014007092,23.));
#4848=CARTESIAN_POINT('',(-200.000002980232,-94.0000014007092,23.));
#4849=CARTESIAN_POINT('',(-227.000003382564,-94.0000014007092,23.));
#4850=CARTESIAN_POINT('Origin',(-200.000002980232,-94.0000014007092,23.));
#4851=CARTESIAN_POINT('',(-200.000002980232,-90.0000013411045,23.));
#4852=CARTESIAN_POINT('',(-200.000002980232,-111.885002832278,23.));
#4853=CARTESIAN_POINT('',(-200.000002980232,-90.0000013411045,23.));
#4854=CARTESIAN_POINT('Origin',(-200.000002980232,-90.0000013411045,23.));
#4855=CARTESIAN_POINT('',(-227.000003382564,-90.0000013411045,23.));
#4856=CARTESIAN_POINT('',(-194.62999779149,-90.0000013411045,23.));
#4857=CARTESIAN_POINT('',(-227.000003382564,-90.0000013411045,23.));
#4858=CARTESIAN_POINT('Origin',(-227.000003382564,-90.0000013411045,23.));
#4859=CARTESIAN_POINT('',(-227.000003382564,-109.885002802475,23.));
#4860=CARTESIAN_POINT('Origin',(-189.259992602747,-129.770004263846,20.));
#4861=CARTESIAN_POINT('',(-240.828905028145,-85.8810922032285,20.));
#4862=CARTESIAN_POINT('',(-240.828905028145,-173.658916324464,20.));
#4863=CARTESIAN_POINT('',(-240.828905028145,-107.225548233537,20.));
#4864=CARTESIAN_POINT('',(-137.691080177349,-85.8810922032285,20.));
#4865=CARTESIAN_POINT('',(-162.875536390048,-85.8810922032285,20.));
#4866=CARTESIAN_POINT('',(-137.691080177349,-173.658916324464,20.));
#4867=CARTESIAN_POINT('',(-137.691080177349,-152.314460294155,20.));
#4868=CARTESIAN_POINT('',(-215.644448815446,-173.658916324464,20.));
#4869=CARTESIAN_POINT('',(-240.684607779534,-170.81107309181,20.));
#4870=CARTESIAN_POINT('Origin',(-239.746907779534,-170.81107309181,20.));
#4871=CARTESIAN_POINT('',(-141.226417735525,-170.81107309181,20.));
#4872=CARTESIAN_POINT('Origin',(-140.288717735525,-170.81107309181,20.));
#4873=CARTESIAN_POINT('',(-141.333309243221,-88.1185545551776,20.));
#4874=CARTESIAN_POINT('Origin',(-140.395609243221,-88.1185545551776,20.));
#4875=CARTESIAN_POINT('',(-240.684607779534,-88.1185545551776,20.));
#4876=CARTESIAN_POINT('Origin',(-239.746907779534,-88.1185545551776,20.));
#4877=CARTESIAN_POINT('Origin',(-240.828905028145,-107.225548233537,21.2));
#4878=CARTESIAN_POINT('',(-242.028905028145,-173.658916324464,21.2));
#4879=CARTESIAN_POINT('Origin',(-240.828905028145,-173.658916324464,21.2));
#4880=CARTESIAN_POINT('',(-242.028905028145,-85.8810922032285,21.2));
#4881=CARTESIAN_POINT('',(-242.028905028145,-107.225548233537,21.2));
#4882=CARTESIAN_POINT('Origin',(-240.828905028145,-85.8810922032285,21.2));
#4883=CARTESIAN_POINT('Origin',(-215.644448815446,-173.658916324464,21.2));
#4884=CARTESIAN_POINT('',(-137.691080177349,-174.858916324464,21.2));
#4885=CARTESIAN_POINT('Origin',(-137.691080177349,-173.658916324464,21.2));
#4886=CARTESIAN_POINT('',(-240.828905028145,-174.858916324464,21.2));
#4887=CARTESIAN_POINT('',(-215.644448815446,-174.858916324464,21.2));
#4888=CARTESIAN_POINT('Origin',(-240.828905028145,-173.658916324464,21.2));
#4889=CARTESIAN_POINT('Origin',(-240.828905028145,-173.658916324464,21.2));
#4890=CARTESIAN_POINT('Origin',(-240.828905028145,-173.658916324464,21.2));
#4891=CARTESIAN_POINT('Origin',(-137.691080177349,-152.314460294155,21.2));
#4892=CARTESIAN_POINT('',(-136.491080177349,-85.8810922032285,21.2));
#4893=CARTESIAN_POINT('Origin',(-137.691080177349,-85.8810922032285,21.2));
#4894=CARTESIAN_POINT('',(-136.491080177349,-173.658916324464,21.2));
#4895=CARTESIAN_POINT('',(-136.491080177349,-152.314460294155,21.2));
#4896=CARTESIAN_POINT('Origin',(-137.691080177349,-173.658916324464,21.2));
#4897=CARTESIAN_POINT('Origin',(-137.691080177349,-173.658916324464,21.2));
#4898=CARTESIAN_POINT('Origin',(-137.691080177349,-173.658916324464,21.2));
#4899=CARTESIAN_POINT('Origin',(-162.875536390048,-85.8810922032285,21.2));
#4900=CARTESIAN_POINT('',(-240.828905028145,-84.6810922032286,21.2));
#4901=CARTESIAN_POINT('Origin',(-240.828905028145,-85.8810922032285,21.2));
#4902=CARTESIAN_POINT('',(-137.691080177349,-84.6810922032286,21.2));
#4903=CARTESIAN_POINT('',(-162.875536390048,-84.6810922032286,21.2));
#4904=CARTESIAN_POINT('Origin',(-137.691080177349,-85.8810922032285,21.2));
#4905=CARTESIAN_POINT('Origin',(-137.691080177349,-85.8810922032285,21.2));
#4906=CARTESIAN_POINT('Origin',(-137.691080177349,-85.8810922032285,21.2));
#4907=CARTESIAN_POINT('Origin',(-240.828905028145,-85.8810922032285,21.2));
#4908=CARTESIAN_POINT('Origin',(-240.828905028145,-85.8810922032285,21.2));
#4909=CARTESIAN_POINT('Origin',(-137.691080177349,-173.658916324464,20.));
#4910=CARTESIAN_POINT('',(-136.491080177349,-173.658916324464,21.8));
#4911=CARTESIAN_POINT('',(-136.491080177349,-173.658916324464,20.));
#4912=CARTESIAN_POINT('',(-137.691080177349,-174.858916324464,21.8));
#4913=CARTESIAN_POINT('Origin',(-137.691080177349,-173.658916324464,21.8));
#4914=CARTESIAN_POINT('',(-137.691080177349,-174.858916324464,20.));
#4915=CARTESIAN_POINT('Origin',(-136.491080177349,-174.858916324464,20.));
#4916=CARTESIAN_POINT('',(-136.491080177349,-85.8810922032285,21.8));
#4917=CARTESIAN_POINT('',(-136.491080177349,-85.8810922032285,20.));
#4918=CARTESIAN_POINT('',(-136.491080177349,-152.314460294155,21.8));
#4919=CARTESIAN_POINT('Origin',(-137.691080177349,-85.8810922032285,20.));
#4920=CARTESIAN_POINT('',(-137.691080177349,-84.6810922032286,21.8));
#4921=CARTESIAN_POINT('',(-137.691080177349,-84.6810922032286,20.));
#4922=CARTESIAN_POINT('Origin',(-137.691080177349,-85.8810922032285,21.8));
#4923=CARTESIAN_POINT('Origin',(-136.491080177349,-84.6810922032286,20.));
#4924=CARTESIAN_POINT('',(-240.828905028145,-84.6810922032286,21.8));
#4925=CARTESIAN_POINT('',(-240.828905028145,-84.6810922032286,20.));
#4926=CARTESIAN_POINT('',(-162.875536390048,-84.6810922032286,21.8));
#4927=CARTESIAN_POINT('Origin',(-137.691080177349,-152.314460294155,21.8));
#4928=CARTESIAN_POINT('',(-137.691080177349,-173.658916324464,23.));
#4929=CARTESIAN_POINT('Origin',(-137.691080177349,-173.658916324464,21.8));
#4930=CARTESIAN_POINT('',(-137.691080177349,-85.8810922032285,23.));
#4931=CARTESIAN_POINT('Origin',(-137.691080177349,-85.8810922032285,21.8));
#4932=CARTESIAN_POINT('',(-137.691080177349,-152.314460294155,23.));
#4933=CARTESIAN_POINT('Origin',(-137.691080177349,-173.658916324464,21.8));
#4934=CARTESIAN_POINT('Origin',(-137.691080177349,-173.658916324464,21.8));
#4935=CARTESIAN_POINT('Origin',(-137.691080177349,-85.8810922032285,21.8));
#4936=CARTESIAN_POINT('Origin',(-137.691080177349,-85.8810922032285,21.8));
#4937=CARTESIAN_POINT('Origin',(-215.644448815446,-173.658916324464,21.8));
#4938=CARTESIAN_POINT('',(-240.828905028145,-173.658916324464,23.));
#4939=CARTESIAN_POINT('',(-215.644448815446,-173.658916324464,23.));
#4940=CARTESIAN_POINT('',(-240.828905028145,-174.858916324464,21.8));
#4941=CARTESIAN_POINT('Origin',(-240.828905028145,-173.658916324464,21.8));
#4942=CARTESIAN_POINT('',(-215.644448815446,-174.858916324464,21.8));
#4943=CARTESIAN_POINT('Origin',(-189.259992602747,-129.770004263846,23.));
#4944=CARTESIAN_POINT('',(-240.828905028145,-85.8810922032285,23.));
#4945=CARTESIAN_POINT('',(-162.875536390048,-85.8810922032285,23.));
#4946=CARTESIAN_POINT('',(-240.828905028145,-107.225548233537,23.));
#4947=CARTESIAN_POINT('',(-141.226417735525,-170.81107309181,23.));
#4948=CARTESIAN_POINT('Origin',(-140.288717735525,-170.81107309181,23.));
#4949=CARTESIAN_POINT('',(-240.684607779534,-88.1185545551776,23.));
#4950=CARTESIAN_POINT('Origin',(-239.746907779534,-88.1185545551776,23.));
#4951=CARTESIAN_POINT('',(-141.333309243221,-88.1185545551776,23.));
#4952=CARTESIAN_POINT('Origin',(-140.395609243221,-88.1185545551776,23.));
#4953=CARTESIAN_POINT('',(-240.684607779534,-170.81107309181,23.));
#4954=CARTESIAN_POINT('Origin',(-239.746907779534,-170.81107309181,23.));
#4955=CARTESIAN_POINT('Origin',(-162.875536390048,-85.8810922032285,21.8));
#4956=CARTESIAN_POINT('Origin',(-240.828905028145,-85.8810922032285,21.8));
#4957=CARTESIAN_POINT('Origin',(-240.828905028145,-173.658916324464,20.));
#4958=CARTESIAN_POINT('',(-240.828905028145,-174.858916324464,20.));
#4959=CARTESIAN_POINT('',(-242.028905028145,-173.658916324464,21.8));
#4960=CARTESIAN_POINT('Origin',(-240.828905028145,-173.658916324464,21.8));
#4961=CARTESIAN_POINT('',(-242.028905028145,-173.658916324464,20.));
#4962=CARTESIAN_POINT('Origin',(-240.828905028145,-173.658916324464,21.8));
#4963=CARTESIAN_POINT('Origin',(-240.828905028145,-173.658916324464,21.8));
#4964=CARTESIAN_POINT('Origin',(-242.028905028145,-84.6810922032286,20.));
#4965=CARTESIAN_POINT('',(-242.028905028145,-85.8810922032285,21.8));
#4966=CARTESIAN_POINT('',(-242.028905028145,-107.225548233537,21.8));
#4967=CARTESIAN_POINT('',(-242.028905028145,-85.8810922032285,20.));
#4968=CARTESIAN_POINT('Origin',(-240.828905028145,-107.225548233537,21.8));
#4969=CARTESIAN_POINT('Origin',(-240.828905028145,-85.8810922032285,21.8));
#4970=CARTESIAN_POINT('Origin',(-240.828905028145,-85.8810922032285,20.));
#4971=CARTESIAN_POINT('Origin',(-240.828905028145,-85.8810922032285,21.8));
#4972=CARTESIAN_POINT('Origin',(-240.828905028145,-85.8810922032285,21.8));
#4973=CARTESIAN_POINT('Origin',(-239.746907779534,-170.81107309181,20.));
#4974=CARTESIAN_POINT('',(-240.684607779534,-170.81107309181,20.));
#4975=CARTESIAN_POINT('Origin',(-140.288717735525,-170.81107309181,20.));
#4976=CARTESIAN_POINT('',(-141.226417735525,-170.81107309181,20.));
#4977=CARTESIAN_POINT('Origin',(-140.395609243221,-88.1185545551776,20.));
#4978=CARTESIAN_POINT('',(-141.333309243221,-88.1185545551776,20.));
#4979=CARTESIAN_POINT('Origin',(-239.746907779534,-88.1185545551776,20.));
#4980=CARTESIAN_POINT('',(-240.684607779534,-88.1185545551776,20.));
#4981=CARTESIAN_POINT('Origin',(-242.028905028145,-174.858916324464,20.));
#4982=CARTESIAN_POINT('',(0.,0.,0.));
#4983=CARTESIAN_POINT('Origin',(9.96342544845256E-16,0.,-0.333300000000246));
#4984=CARTESIAN_POINT('',(1.7968,-2.20044536870796E-16,-2.40334678085418E-13));
#4985=CARTESIAN_POINT('Origin',(-6.17844127191073E-20,0.,-2.45706233137355E-13));
#4986=CARTESIAN_POINT('',(1.4635,1.79227059055215E-16,-0.333300000000242));
#4987=CARTESIAN_POINT('Origin',(1.7968,-2.20044536870796E-16,-0.333300000000241));
#4988=CARTESIAN_POINT('Origin',(9.96342544845256E-16,0.,-0.333300000000246));
#4989=CARTESIAN_POINT('Origin',(-1.50000000000009,0.,-2.50227189396306E-13));
#4990=CARTESIAN_POINT('',(3.44999999999993,-4.22503145705829E-16,-5.54695178678344E-13));
#4991=CARTESIAN_POINT('Origin',(-6.17844117606413E-20,0.,-5.65242297412283E-13));
#4992=CARTESIAN_POINT('Origin',(2.98950576052651E-14,0.,-10.0000000000001));
#4993=CARTESIAN_POINT('',(1.46350000000006,1.79227059055215E-16,-19.7538502839854));
#4994=CARTESIAN_POINT('Origin',(5.90543094801438E-14,0.,-19.7538502839854));
#4995=CARTESIAN_POINT('',(1.46350000000003,-1.79227059055215E-16,-10.0000000000001));
#4996=CARTESIAN_POINT('Origin',(5.93316979702029E-14,0.,-19.8466375));
#4997=CARTESIAN_POINT('',(1.19327500000006,-1.46134040925255E-16,-20.));
#4998=CARTESIAN_POINT('',(1.36163750000006,-1.667525005974E-16,-19.8466375));
#4999=CARTESIAN_POINT('Origin',(5.97901769949429E-14,0.,-20.));
#5000=CARTESIAN_POINT('Origin',(1.38777878078145E-16,-1.15470053837925,
0.61));
#5001=CARTESIAN_POINT('',(1.38777878078145E-16,-1.15470053837925,0.61));
#5002=CARTESIAN_POINT('',(-2.77374261248925E-16,0.,0.522511336474076));
#5003=CARTESIAN_POINT('',(0.,-0.867673141868932,0.588252678957559));
#5004=CARTESIAN_POINT('',(1.,-0.577350269189626,0.61));
#5005=CARTESIAN_POINT('',(1.29579104005476E-16,-1.15470053837925,0.61));
#5006=CARTESIAN_POINT('',(0.751426983039954,-0.433836570934466,0.588252678957559));
#5007=CARTESIAN_POINT('Origin',(1.,-0.577350269189626,0.61));
#5008=CARTESIAN_POINT('',(1.,0.577350269189626,0.61));
#5009=CARTESIAN_POINT('',(1.,-0.577350269189626,0.61));
#5010=CARTESIAN_POINT('',(0.751426983039954,0.433836570934466,0.588252678957559));
#5011=CARTESIAN_POINT('Origin',(1.,0.577350269189626,0.61));
#5012=CARTESIAN_POINT('',(0.,1.15470053837925,0.61));
#5013=CARTESIAN_POINT('',(1.,0.577350269189626,0.61));
#5014=CARTESIAN_POINT('',(1.38777878078145E-16,0.867673141868932,0.588252678957559));
#5015=CARTESIAN_POINT('Origin',(0.,1.15470053837925,0.61));
#5016=CARTESIAN_POINT('',(-1.,0.577350269189626,0.61));
#5017=CARTESIAN_POINT('',(0.,1.15470053837925,0.61));
#5018=CARTESIAN_POINT('',(-0.751426983039954,0.433836570934466,0.588252678957559));
#5019=CARTESIAN_POINT('Origin',(-1.,0.577350269189626,0.61));
#5020=CARTESIAN_POINT('',(-1.,-0.577350269189626,0.61));
#5021=CARTESIAN_POINT('',(-1.,0.577350269189626,0.61));
#5022=CARTESIAN_POINT('',(-0.751426983039954,-0.433836570934466,0.588252678957559));
#5023=CARTESIAN_POINT('Origin',(-1.,-0.577350269189626,0.61));
#5024=CARTESIAN_POINT('',(-1.,-0.577350269189626,0.61));
#5025=CARTESIAN_POINT('Origin',(1.,-0.577350269189626,1.65));
#5026=CARTESIAN_POINT('',(1.,-0.577350269189626,1.65));
#5027=CARTESIAN_POINT('',(1.38777878078145E-16,-1.15470053837925,1.65));
#5028=CARTESIAN_POINT('',(0.262500000000024,-1.00314609271696,1.64999999999967));
#5029=CARTESIAN_POINT('',(1.,-0.577350269189626,1.65));
#5030=CARTESIAN_POINT('',(1.38777878078145E-16,-1.15470053837925,1.65));
#5031=CARTESIAN_POINT('Origin',(1.,0.577350269189626,1.65));
#5032=CARTESIAN_POINT('',(1.,0.577350269189626,1.65));
#5033=CARTESIAN_POINT('',(1.,0.288675134594813,1.64999999999967));
#5034=CARTESIAN_POINT('',(1.,0.577350269189626,1.65));
#5035=CARTESIAN_POINT('Origin',(0.,1.15470053837925,1.65));
#5036=CARTESIAN_POINT('',(0.,1.15470053837925,1.65));
#5037=CARTESIAN_POINT('',(-0.237499999999976,1.29182122731177,1.64999999999967));
#5038=CARTESIAN_POINT('',(0.,1.15470053837925,1.65));
#5039=CARTESIAN_POINT('Origin',(-1.,0.577350269189626,1.65));
#5040=CARTESIAN_POINT('',(-1.,0.577350269189626,1.65));
#5041=CARTESIAN_POINT('',(-1.23749999999998,0.440229580257104,1.64999999999967));
#5042=CARTESIAN_POINT('',(-1.,0.577350269189626,1.65));
#5043=CARTESIAN_POINT('Origin',(-1.,-0.577350269189626,1.65));
#5044=CARTESIAN_POINT('',(-1.,-0.577350269189626,1.65));
#5045=CARTESIAN_POINT('',(-1.,-0.288675134594813,1.64999999999967));
#5046=CARTESIAN_POINT('',(-1.,-0.577350269189626,1.65));
#5047=CARTESIAN_POINT('Origin',(1.38777878078145E-16,-1.15470053837925,
1.65));
#5048=CARTESIAN_POINT('',(-0.737499999999976,-0.728904714851917,1.64999999999967));
#5049=CARTESIAN_POINT('Origin',(-3.44999999999994,0.,0.699999999999667));
#5050=CARTESIAN_POINT('',(3.44999999999993,-4.22503145705829E-16,0.699999999999689));
#5051=CARTESIAN_POINT('Origin',(-2.09272014168996E-15,0.,0.699999999999677));
#5052=CARTESIAN_POINT('',(-2.59999999999994,0.,0.699999999999667));
#5053=CARTESIAN_POINT('Origin',(-2.09272014168995E-15,0.,0.699999999999675));
#5054=CARTESIAN_POINT('Origin',(-1.04639096305086E-15,0.,0.349999999999556));
#5055=CARTESIAN_POINT('',(3.44999999999993,-4.22503145705829E-16,0.349999999999567));
#5056=CARTESIAN_POINT('Origin',(5.96744875736022E-14,0.,-20.));
#5057=CARTESIAN_POINT('Origin',(-1.29999999999994,0.,1.64999999999967));
#5058=CARTESIAN_POINT('',(-1.29999999999994,0.,1.64999999999967));
#5059=CARTESIAN_POINT('Origin',(-4.93275648370937E-15,0.,1.64999999999967));
#5060=CARTESIAN_POINT('Origin',(6.38378239159465E-15,0.,-1.49342105263184));
#5061=CARTESIAN_POINT('Origin',(6.38378239159465E-15,0.,-1.49342105263184));
#5062=CARTESIAN_POINT('Origin',(-172.999997437,-93.0000007897615,20.));
#5063=CARTESIAN_POINT('',(-190.999997705221,-93.0000007897615,23.));
#5064=CARTESIAN_POINT('',(-172.999997437,-93.0000007897615,23.));
#5065=CARTESIAN_POINT('',(-181.129995019874,-93.0000007897615,23.));
#5066=CARTESIAN_POINT('',(-190.999997705221,-93.0000007897615,20.));
#5067=CARTESIAN_POINT('',(-190.999997705221,-93.0000007897615,20.));
#5068=CARTESIAN_POINT('',(-172.999997437,-93.0000007897615,20.));
#5069=CARTESIAN_POINT('',(-181.129995019874,-93.0000007897615,20.));
#5070=CARTESIAN_POINT('',(-172.999997437,-93.0000007897615,20.));
#5071=CARTESIAN_POINT('Origin',(-190.999997705221,-93.0000007897615,20.));
#5072=CARTESIAN_POINT('',(-190.999997705221,-108.000001013279,23.));
#5073=CARTESIAN_POINT('',(-190.999997705221,-111.385002526804,23.));
#5074=CARTESIAN_POINT('',(-190.999997705221,-108.000001013279,20.));
#5075=CARTESIAN_POINT('',(-190.999997705221,-108.000001013279,20.));
#5076=CARTESIAN_POINT('',(-190.999997705221,-111.385002526804,20.));
#5077=CARTESIAN_POINT('Origin',(-190.999997705221,-108.000001013279,20.));
#5078=CARTESIAN_POINT('',(-172.999997437,-108.000001013279,23.));
#5079=CARTESIAN_POINT('',(-190.129995153984,-108.000001013279,23.));
#5080=CARTESIAN_POINT('',(-172.999997437,-108.000001013279,20.));
#5081=CARTESIAN_POINT('',(-172.999997437,-108.000001013279,20.));
#5082=CARTESIAN_POINT('',(-190.129995153984,-108.000001013279,20.));
#5083=CARTESIAN_POINT('Origin',(-172.999997437,-108.000001013279,20.));
#5084=CARTESIAN_POINT('',(-172.999997437,-118.885002638563,23.));
#5085=CARTESIAN_POINT('',(-172.999997437,-118.885002638563,20.));
#5086=CARTESIAN_POINT('Origin',(-231.999998316169,-105.000000968575,20.));
#5087=CARTESIAN_POINT('',(-192.999997735023,-105.000000968575,23.));
#5088=CARTESIAN_POINT('',(-231.999998316169,-105.000000968575,23.));
#5089=CARTESIAN_POINT('',(-210.629995459458,-105.000000968575,23.));
#5090=CARTESIAN_POINT('',(-192.999997735023,-105.000000968575,20.));
#5091=CARTESIAN_POINT('',(-192.999997735023,-105.000000968575,20.));
#5092=CARTESIAN_POINT('',(-231.999998316169,-105.000000968575,20.));
#5093=CARTESIAN_POINT('',(-210.629995459458,-105.000000968575,20.));
#5094=CARTESIAN_POINT('',(-231.999998316169,-105.000000968575,20.));
#5095=CARTESIAN_POINT('Origin',(-192.999997735023,-105.000000968575,20.));
#5096=CARTESIAN_POINT('',(-192.999997735023,-95.0000008195639,23.));
#5097=CARTESIAN_POINT('',(-192.999997735023,-117.385002616211,23.));
#5098=CARTESIAN_POINT('',(-192.999997735023,-95.0000008195639,20.));
#5099=CARTESIAN_POINT('',(-192.999997735023,-95.0000008195639,20.));
#5100=CARTESIAN_POINT('',(-192.999997735023,-117.385002616211,20.));
#5101=CARTESIAN_POINT('Origin',(-192.999997735023,-95.0000008195639,20.));
#5102=CARTESIAN_POINT('',(-231.999998316169,-95.0000008195639,23.));
#5103=CARTESIAN_POINT('',(-191.129995168885,-95.0000008195639,23.));
#5104=CARTESIAN_POINT('',(-231.999998316169,-95.0000008195639,20.));
#5105=CARTESIAN_POINT('',(-231.999998316169,-95.0000008195639,20.));
#5106=CARTESIAN_POINT('',(-191.129995168885,-95.0000008195639,20.));
#5107=CARTESIAN_POINT('Origin',(-231.999998316169,-95.0000008195639,20.));
#5108=CARTESIAN_POINT('',(-231.999998316169,-112.385002541705,23.));
#5109=CARTESIAN_POINT('',(-231.999998316169,-112.385002541705,20.));
#5110=CARTESIAN_POINT('Origin',(-229.592005151646,-160.800057756497,20.));
#5111=CARTESIAN_POINT('',(-173.489285538905,-160.800057756497,23.));
#5112=CARTESIAN_POINT('',(-229.592005151646,-160.800057756497,23.));
#5113=CARTESIAN_POINT('',(-209.425998877196,-160.800057756497,23.));
#5114=CARTESIAN_POINT('',(-173.489285538905,-160.800057756497,20.));
#5115=CARTESIAN_POINT('',(-173.489285538905,-160.800057756497,20.));
#5116=CARTESIAN_POINT('',(-229.592005151646,-160.800057756497,20.));
#5117=CARTESIAN_POINT('',(-209.425998877196,-160.800057756497,20.));
#5118=CARTESIAN_POINT('',(-229.592005151646,-160.800057756497,20.));
#5119=CARTESIAN_POINT('Origin',(-173.489285538905,-160.800057756497,20.));
#5120=CARTESIAN_POINT('',(-173.489285538905,-111.285219569273,23.));
#5121=CARTESIAN_POINT('',(-173.489285538905,-145.285031010171,23.));
#5122=CARTESIAN_POINT('',(-173.489285538905,-111.285219569273,20.));
#5123=CARTESIAN_POINT('',(-173.489285538905,-111.285219569273,20.));
#5124=CARTESIAN_POINT('',(-173.489285538905,-145.285031010171,20.));
#5125=CARTESIAN_POINT('Origin',(-173.489285538905,-111.285219569273,20.));
#5126=CARTESIAN_POINT('',(-229.592005151646,-111.285219569273,23.));
#5127=CARTESIAN_POINT('',(-181.374639070826,-111.285219569273,23.));
#5128=CARTESIAN_POINT('',(-229.592005151646,-111.285219569273,20.));
#5129=CARTESIAN_POINT('',(-229.592005151646,-111.285219569273,20.));
#5130=CARTESIAN_POINT('',(-181.374639070826,-111.285219569273,20.));
#5131=CARTESIAN_POINT('Origin',(-229.592005151646,-111.285219569273,20.));
#5132=CARTESIAN_POINT('',(-229.592005151646,-120.52761191656,23.));
#5133=CARTESIAN_POINT('',(-229.592005151646,-120.52761191656,20.));
#5134=CARTESIAN_POINT('Origin',(-189.259992602747,-129.770004263846,20.));
#5135=CARTESIAN_POINT('',(-141.020850440487,-170.22518659058,20.));
#5136=CARTESIAN_POINT('',(-141.020850440487,-89.2108624663667,20.));
#5137=CARTESIAN_POINT('',(-141.020850440487,-150.049575162586,20.));
#5138=CARTESIAN_POINT('',(-141.093098010823,-170.329146061326,20.));
#5139=CARTESIAN_POINT('Origin',(-140.288717735525,-170.81107309181,20.));
#5140=CARTESIAN_POINT('',(-237.499134765007,-170.329146061326,20.));
#5141=CARTESIAN_POINT('',(-213.379563683877,-170.329146061326,20.));
#5142=CARTESIAN_POINT('',(-237.499134765007,-89.2108624663667,20.));
#5143=CARTESIAN_POINT('',(-237.499134765007,-109.490433365106,20.));
#5144=CARTESIAN_POINT('',(-165.140421521617,-89.2108624663668,20.));
#5145=CARTESIAN_POINT('Origin',(-213.500003181398,-92.0000013709068,24.));
#5146=CARTESIAN_POINT('',(-227.000003382564,-94.0000014007092,24.));
#5147=CARTESIAN_POINT('',(-200.000002980232,-94.0000014007092,24.));
#5148=CARTESIAN_POINT('',(-200.000002980232,-94.0000014007092,24.));
#5149=CARTESIAN_POINT('',(-200.000002980232,-90.0000013411045,24.));
#5150=CARTESIAN_POINT('',(-200.000002980232,-90.0000013411045,24.));
#5151=CARTESIAN_POINT('',(-227.000003382564,-90.0000013411045,24.));
#5152=CARTESIAN_POINT('',(-227.000003382564,-90.0000013411045,24.));
#5153=CARTESIAN_POINT('',(-227.000003382564,-94.0000014007092,24.));
#5154=CARTESIAN_POINT('Origin',(-227.000003382564,-94.0000014007092,23.));
#5155=CARTESIAN_POINT('',(-200.000002980232,-94.0000014007092,23.));
#5156=CARTESIAN_POINT('',(-227.000003382564,-94.0000014007092,23.));
#5157=CARTESIAN_POINT('',(-208.129997992655,-94.0000014007092,23.));
#5158=CARTESIAN_POINT('',(-200.000002980232,-94.0000014007092,23.));
#5159=CARTESIAN_POINT('',(-227.000003382564,-94.0000014007092,23.));
#5160=CARTESIAN_POINT('Origin',(-200.000002980232,-94.0000014007092,23.));
#5161=CARTESIAN_POINT('',(-200.000002980232,-90.0000013411045,23.));
#5162=CARTESIAN_POINT('',(-200.000002980232,-111.885002832278,23.));
#5163=CARTESIAN_POINT('',(-200.000002980232,-90.0000013411045,23.));
#5164=CARTESIAN_POINT('Origin',(-200.000002980232,-90.0000013411045,23.));
#5165=CARTESIAN_POINT('',(-227.000003382564,-90.0000013411045,23.));
#5166=CARTESIAN_POINT('',(-194.62999779149,-90.0000013411045,23.));
#5167=CARTESIAN_POINT('',(-227.000003382564,-90.0000013411045,23.));
#5168=CARTESIAN_POINT('Origin',(-227.000003382564,-90.0000013411045,23.));
#5169=CARTESIAN_POINT('',(-227.000003382564,-109.885002802475,23.));
#5170=CARTESIAN_POINT('Origin',(-140.288717735525,-170.81107309181,20.));
#5171=CARTESIAN_POINT('',(-141.020850440487,-170.22518659058,23.));
#5172=CARTESIAN_POINT('',(-141.020850440487,-170.22518659058,20.));
#5173=CARTESIAN_POINT('',(-141.093098010823,-170.329146061326,23.));
#5174=CARTESIAN_POINT('Origin',(-140.288717735525,-170.81107309181,23.));
#5175=CARTESIAN_POINT('',(-141.093098010823,-170.329146061326,20.));
#5176=CARTESIAN_POINT('Origin',(-189.259992602747,-129.770004263846,23.));
#5177=CARTESIAN_POINT('',(-141.020850440487,-89.2108624663667,23.));
#5178=CARTESIAN_POINT('',(-141.020850440487,-150.049575162586,23.));
#5179=CARTESIAN_POINT('',(-237.499134765007,-89.2108624663667,23.));
#5180=CARTESIAN_POINT('',(-165.140421521617,-89.2108624663668,23.));
#5181=CARTESIAN_POINT('',(-237.499134765007,-170.329146061326,23.));
#5182=CARTESIAN_POINT('',(-237.499134765007,-109.490433365106,23.));
#5183=CARTESIAN_POINT('',(-213.379563683877,-170.329146061326,23.));
#5184=CARTESIAN_POINT('Origin',(-141.020850440487,-170.329146061326,23.));
#5185=CARTESIAN_POINT('',(-141.020850440487,-89.2108624663667,23.));
#5186=CARTESIAN_POINT('Origin',(-237.499134765007,-89.2108624663667,23.));
#5187=CARTESIAN_POINT('',(-237.499134765007,-170.329146061326,23.));
#5188=CARTESIAN_POINT('',(-237.499134765007,-89.2108624663667,23.));
#5189=CARTESIAN_POINT('Origin',(-237.499134765007,-170.329146061326,23.));
#5190=CARTESIAN_POINT('Origin',(-141.020850440487,-89.2108624663667,23.));
#5191=CARTESIAN_POINT('Origin',(-55.028905028145,-172.858916324464,3.));
#5192=CARTESIAN_POINT('',(-57.8573321528912,-173.858916324464,14.8525007054559));
#5193=CARTESIAN_POINT('',(-58.028905028145,-172.858916324464,14.8525007054559));
#5194=CARTESIAN_POINT('Origin',(-55.028905028145,-172.858916324464,14.8525007054559));
#5195=CARTESIAN_POINT('',(-58.028905028145,-172.858916324464,10.9795007054559));
#5196=CARTESIAN_POINT('',(-58.028905028145,-172.858916324464,3.));
#5197=CARTESIAN_POINT('',(-57.8573321528912,-173.858916324464,10.9795007054559));
#5198=CARTESIAN_POINT('Origin',(-55.028905028145,-172.858916324464,10.9795007054559));
#5199=CARTESIAN_POINT('',(-56.000000834465,-175.69739706862,11.0000001639128));
#5200=CARTESIAN_POINT('Ctrl Pts',(-57.8573321528912,-173.858916324464,10.9795007054559));
#5201=CARTESIAN_POINT('Ctrl Pts',(-57.8392109305239,-173.910170881341,10.9800753472588));
#5202=CARTESIAN_POINT('Ctrl Pts',(-57.8196996855983,-173.960923889111,10.9806126311411));
#5203=CARTESIAN_POINT('Ctrl Pts',(-57.653656492517,-174.36009463147,10.9846635223428));
#5204=CARTESIAN_POINT('Ctrl Pts',(-57.4438368218701,-174.678525596339,10.9869962271057));
#5205=CARTESIAN_POINT('Ctrl Pts',(-56.9689227372407,-175.167256352367,10.9913491513352));
#5206=CARTESIAN_POINT('Ctrl Pts',(-56.7256201653947,-175.351556962618,10.9932286806745));
#5207=CARTESIAN_POINT('Ctrl Pts',(-56.3117633774515,-175.575948210313,10.9968465354132));
#5208=CARTESIAN_POINT('Ctrl Pts',(-56.1582833219247,-175.643245755422,10.9982625975383));
#5209=CARTESIAN_POINT('Ctrl Pts',(-56.000000834465,-175.69739706862,11.0000001639128));
#5210=CARTESIAN_POINT('',(-55.028905028145,-175.858916324464,11.0000001639128));
#5211=CARTESIAN_POINT('Origin',(-55.028905028145,-172.858916324464,11.0000001639128));
#5212=CARTESIAN_POINT('',(-55.028905028145,-175.858916324464,14.8524862330282));
#5213=CARTESIAN_POINT('',(-55.028905028145,-175.858916324464,3.));
#5214=CARTESIAN_POINT('',(-56.000000834465,-175.69739706862,14.8524862330282));
#5215=CARTESIAN_POINT('Origin',(-55.028905028145,-172.858916324464,14.8524862330282));
#5216=CARTESIAN_POINT('Ctrl Pts',(-56.000000834465,-175.69739706862,14.8524862330282));
#5217=CARTESIAN_POINT('Ctrl Pts',(-56.0535261946695,-175.679085070932,14.8524866478553));
#5218=CARTESIAN_POINT('Ctrl Pts',(-56.106522914694,-175.659262730106,14.8524870358559));
#5219=CARTESIAN_POINT('Ctrl Pts',(-56.5082686398726,-175.495903414926,14.8524898567502));
#5220=CARTESIAN_POINT('Ctrl Pts',(-56.8277129340251,-175.289247110328,14.8524915019266));
#5221=CARTESIAN_POINT('Ctrl Pts',(-57.321033495773,-174.818283986162,14.8524945764691));
#5222=CARTESIAN_POINT('Ctrl Pts',(-57.5081981580381,-174.575331228233,14.852495910715));
#5223=CARTESIAN_POINT('Ctrl Pts',(-57.7349987967719,-174.164335067589,14.8524984831967));
#5224=CARTESIAN_POINT('Ctrl Pts',(-57.8024975605892,-174.014011972705,14.8524994778376));
#5225=CARTESIAN_POINT('Ctrl Pts',(-57.8573321528912,-173.858916324464,14.8525007054559));
#5226=CARTESIAN_POINT('Origin',(47.5089198226511,-174.858916324464,14.8524862330282));
#5227=CARTESIAN_POINT('',(46.5089198226511,-175.858916324464,14.8524862330282));
#5228=CARTESIAN_POINT('',(-56.514452931305,-175.858916324464,14.8524862330282));
#5229=CARTESIAN_POINT('',(47.5089198226511,-175.68734344921,14.8524862330282));
#5230=CARTESIAN_POINT('Origin',(46.5089198226511,-172.858916324464,14.8524862330282));
#5231=CARTESIAN_POINT('',(47.5089198226511,-174.858916324464,14.8524862330282));
#5232=CARTESIAN_POINT('',(47.5089198226511,-174.858916324464,14.8524862330282));
#5233=CARTESIAN_POINT('',(-56.000000834465,-174.858916324464,14.8524862330282));
#5234=CARTESIAN_POINT('',(-4.75999260274695,-174.858916324464,14.8524862330282));
#5235=CARTESIAN_POINT('',(-56.000000834465,-174.858916324464,14.8524862330282));
#5236=CARTESIAN_POINT('Origin',(-57.028905028145,-175.858916324464,3.));
#5237=CARTESIAN_POINT('',(46.5089198226511,-175.858916324464,11.0000001639128));
#5238=CARTESIAN_POINT('',(-4.75999260274695,-175.858916324464,11.0000001639128));
#5239=CARTESIAN_POINT('',(46.5089198226511,-175.858916324464,3.));
#5240=CARTESIAN_POINT('Origin',(48.5089198226511,-173.858916324464,11.0000001639128));
#5241=CARTESIAN_POINT('',(-56.000000834465,-174.858916324464,11.0000001639128));
#5242=CARTESIAN_POINT('',(-56.000000834465,-174.858916324464,11.0000001639128));
#5243=CARTESIAN_POINT('',(47.5089198226511,-174.858916324464,11.0000001639128));
#5244=CARTESIAN_POINT('',(-56.514452931305,-174.858916324464,11.0000001639128));
#5245=CARTESIAN_POINT('',(48.5089198226511,-173.858916324464,11.0000001639128));
#5246=CARTESIAN_POINT('Origin',(47.5089198226511,-173.858916324464,11.0000001639128));
#5247=CARTESIAN_POINT('',(48.5089198226511,-85.6810922032285,11.0000001639128));
#5248=CARTESIAN_POINT('',(48.5089198226511,-174.358916324464,11.0000001639128));
#5249=CARTESIAN_POINT('',(49.3373469473973,-85.6810922032285,11.0000001639128));
#5250=CARTESIAN_POINT('',(48.5089198226511,-85.6810922032285,11.0000001639128));
#5251=CARTESIAN_POINT('',(49.5089198226511,-86.6810922032286,11.0000001639128));
#5252=CARTESIAN_POINT('Origin',(46.5089198226511,-86.6810922032286,11.0000001639128));
#5253=CARTESIAN_POINT('',(49.5089198226511,-172.858916324464,11.0000001639128));
#5254=CARTESIAN_POINT('',(49.5089198226511,-174.358916324464,11.0000001639128));
#5255=CARTESIAN_POINT('Origin',(46.5089198226511,-172.858916324464,11.0000001639128));
#5256=CARTESIAN_POINT('Ctrl Pts',(-57.028905028145,-173.858916324464,10.9795007054559));
#5257=CARTESIAN_POINT('Ctrl Pts',(-56.685936963585,-174.192249657797,10.9863338582749));
#5258=CARTESIAN_POINT('Ctrl Pts',(-56.342968899025,-174.525582991131,10.9931670110938));
#5259=CARTESIAN_POINT('Ctrl Pts',(-56.000000834465,-174.858916324464,11.0000001639128));
#5260=CARTESIAN_POINT('Ctrl Pts',(-57.4505930351392,-173.858916324464,10.9795007054559));
#5261=CARTESIAN_POINT('Ctrl Pts',(-56.9670623015811,-174.332812326795,10.9863338582749));
#5262=CARTESIAN_POINT('Ctrl Pts',(-56.4835315680231,-174.806708329127,10.9931670110938));
#5263=CARTESIAN_POINT('Ctrl Pts',(-56.000000834465,-175.280604331458,11.0000001639128));
#5264=CARTESIAN_POINT('Ctrl Pts',(-57.8722810421334,-173.858916324464,10.9795007054559));
#5265=CARTESIAN_POINT('Ctrl Pts',(-57.2481876395773,-174.473374995793,10.9863338582749));
#5266=CARTESIAN_POINT('Ctrl Pts',(-56.6240942370212,-175.087833667123,10.9931670110938));
#5267=CARTESIAN_POINT('Ctrl Pts',(-56.000000834465,-175.702292338452,11.0000001639128));
#5268=CARTESIAN_POINT('Ctrl Pts',(-58.2939690491276,-173.858916324464,10.9795007054559));
#5269=CARTESIAN_POINT('Ctrl Pts',(-57.5293129775734,-174.613937664791,10.9863338582749));
#5270=CARTESIAN_POINT('Ctrl Pts',(-56.7646569060192,-175.368959005119,10.9931670110938));
#5271=CARTESIAN_POINT('Ctrl Pts',(-56.000000834465,-176.123980345446,11.0000001639128));
#5272=CARTESIAN_POINT('',(-57.028905028145,-173.858916324464,10.9795007054559));
#5273=CARTESIAN_POINT('',(-57.028905028145,-173.858916324464,10.9795007054559));
#5274=CARTESIAN_POINT('',(-56.028905028145,-174.858916324464,10.9994396055146));
#5275=CARTESIAN_POINT('Ctrl Pts',(-56.028905028145,-174.858916324464,10.9994396055146));
#5276=CARTESIAN_POINT('Ctrl Pts',(-56.1250526809789,-174.858916324464,10.997624581543));
#5277=CARTESIAN_POINT('Ctrl Pts',(-56.2207609411199,-174.845049015893,10.9962598092194));
#5278=CARTESIAN_POINT('Ctrl Pts',(-56.4097142743414,-174.789049622862,10.9937620893351));
#5279=CARTESIAN_POINT('Ctrl Pts',(-56.5014898175418,-174.745949514422,10.9926746986346));
#5280=CARTESIAN_POINT('Ctrl Pts',(-56.6294317190639,-174.660285810069,10.9910786094671));
#5281=CARTESIAN_POINT('Ctrl Pts',(-56.6711716933517,-174.627238462986,10.9905437509748));
#5282=CARTESIAN_POINT('Ctrl Pts',(-56.7453956321923,-174.558178236234,10.9895250175064));
#5283=CARTESIAN_POINT('Ctrl Pts',(-56.778281664784,-174.522814401207,10.9890424830485));
#5284=CARTESIAN_POINT('Ctrl Pts',(-56.8578535535806,-174.423767875253,10.9877471433954));
#5285=CARTESIAN_POINT('Ctrl Pts',(-56.8997816059553,-174.35669814243,10.98692521841));
#5286=CARTESIAN_POINT('Ctrl Pts',(-56.9697044262151,-174.208406569374,10.9850512803511));
#5287=CARTESIAN_POINT('Ctrl Pts',(-56.9960296934662,-174.127087902255,10.9839996350978));
#5288=CARTESIAN_POINT('Ctrl Pts',(-57.0231579532173,-173.982582796643,10.9818036593949));
#5289=CARTESIAN_POINT('Ctrl Pts',(-57.028905028145,-173.920813529014,10.9807695646292));
#5290=CARTESIAN_POINT('Ctrl Pts',(-57.028905028145,-173.858916324464,10.9795007054559));
#5291=CARTESIAN_POINT('Ctrl Pts',(-56.000000834465,-174.858916324464,11.0000001639128));
#5292=CARTESIAN_POINT('Ctrl Pts',(-56.0095705466917,-174.858916324464,10.9998095009536));
#5293=CARTESIAN_POINT('Ctrl Pts',(-56.0192101182328,-174.858911486969,10.9996226182719));
#5294=CARTESIAN_POINT('Ctrl Pts',(-56.0289050281361,-174.858916324473,10.9994396055148));
#5295=CARTESIAN_POINT('Ctrl Pts',(-58.2926419111501,-173.858916324464,14.8525007054559));
#5296=CARTESIAN_POINT('Ctrl Pts',(-57.5284282189217,-174.613495285465,14.8524958813133));
#5297=CARTESIAN_POINT('Ctrl Pts',(-56.7642145266934,-175.368074246467,14.8524910571708));
#5298=CARTESIAN_POINT('Ctrl Pts',(-56.000000834465,-176.122653207469,14.8524862330282));
#5299=CARTESIAN_POINT('Ctrl Pts',(-57.8713962834817,-173.858916324464,14.8525007054559));
#5300=CARTESIAN_POINT('Ctrl Pts',(-57.2475978004762,-174.473080076243,14.8524958813133));
#5301=CARTESIAN_POINT('Ctrl Pts',(-56.6237993174706,-175.087243828022,14.8524910571708));
#5302=CARTESIAN_POINT('Ctrl Pts',(-56.000000834465,-175.701407579801,14.8524862330282));
#5303=CARTESIAN_POINT('Ctrl Pts',(-57.4501506558134,-173.858916324464,14.8525007054559));
#5304=CARTESIAN_POINT('Ctrl Pts',(-56.9667673820306,-174.33266486702,14.8524958813133));
#5305=CARTESIAN_POINT('Ctrl Pts',(-56.4833841082478,-174.806413409576,14.8524910571708));
#5306=CARTESIAN_POINT('Ctrl Pts',(-56.000000834465,-175.280161952132,14.8524862330282));
#5307=CARTESIAN_POINT('Ctrl Pts',(-57.028905028145,-173.858916324464,14.8525007054559));
#5308=CARTESIAN_POINT('Ctrl Pts',(-56.685936963585,-174.192249657797,14.8524958813133));
#5309=CARTESIAN_POINT('Ctrl Pts',(-56.342968899025,-174.52558299113,14.8524910571708));
#5310=CARTESIAN_POINT('Ctrl Pts',(-56.000000834465,-174.858916324464,14.8524862330282));
#5311=CARTESIAN_POINT('',(-56.028905028145,-174.858916324464,14.8524866287772));
#5312=CARTESIAN_POINT('Ctrl Pts',(-56.0289050281361,-174.858916324473,14.8524866287772));
#5313=CARTESIAN_POINT('Ctrl Pts',(-56.0192101317159,-174.858911484497,14.8524864995721));
#5314=CARTESIAN_POINT('Ctrl Pts',(-56.0095705579254,-174.858916324464,14.8524863676346));
#5315=CARTESIAN_POINT('Ctrl Pts',(-56.000000834465,-174.858916324464,14.8524862330282));
#5316=CARTESIAN_POINT('',(-57.028905028145,-173.858916324464,14.8525007054559));
#5317=CARTESIAN_POINT('Ctrl Pts',(-57.028905028145,-173.858916324464,14.8525007054559));
#5318=CARTESIAN_POINT('Ctrl Pts',(-57.028905028145,-173.962606158274,14.8524992048123));
#5319=CARTESIAN_POINT('Ctrl Pts',(-57.0127776556912,-174.065667949375,14.852498148902));
#5320=CARTESIAN_POINT('Ctrl Pts',(-56.9505158851111,-174.259738078902,14.8524963025697));
#5321=CARTESIAN_POINT('Ctrl Pts',(-56.9057843316621,-174.34994314407,14.8524955353671));
#5322=CARTESIAN_POINT('Ctrl Pts',(-56.8179983088173,-174.475477094588,14.8524944098988));
#5323=CARTESIAN_POINT('Ctrl Pts',(-56.784178015051,-174.516470964101,14.8524940321661));
#5324=CARTESIAN_POINT('Ctrl Pts',(-56.7136882731436,-174.589259747895,14.8524933129673));
#5325=CARTESIAN_POINT('Ctrl Pts',(-56.677644766917,-174.621455739916,14.852492972353));
#5326=CARTESIAN_POINT('Ctrl Pts',(-56.5767449539572,-174.699233670014,14.8524920576197));
#5327=CARTESIAN_POINT('Ctrl Pts',(-56.5085586995806,-174.739935155718,14.8524914777614));
#5328=CARTESIAN_POINT('Ctrl Pts',(-56.3575630809477,-174.807291437073,14.8524901545745));
#5329=CARTESIAN_POINT('Ctrl Pts',(-56.2746231860477,-174.832083348548,14.8524894105024));
#5330=CARTESIAN_POINT('Ctrl Pts',(-56.1364141289384,-174.854576175218,14.8524879594779));
#5331=CARTESIAN_POINT('Ctrl Pts',(-56.0826955427291,-174.858916324464,14.8524873456604));
#5332=CARTESIAN_POINT('Ctrl Pts',(-56.028905028145,-174.858916324464,14.8524866287772));
#5333=CARTESIAN_POINT('',(-57.028905028145,-173.858916324464,14.8525007054559));
#5334=CARTESIAN_POINT('Origin',(-57.028905028145,-174.858916324464,3.));
#5335=CARTESIAN_POINT('',(47.5089198226511,-174.858916324464,22.));
#5336=CARTESIAN_POINT('',(47.5089198226511,-174.858916324464,3.));
#5337=CARTESIAN_POINT('',(-56.028905028145,-174.858916324464,22.));
#5338=CARTESIAN_POINT('',(-30.644448815446,-174.858916324464,22.));
#5339=CARTESIAN_POINT('',(-56.028905028145,-174.858916324464,3.));
#5340=CARTESIAN_POINT('Origin',(-57.028905028145,-174.858916324464,3.));
#5341=CARTESIAN_POINT('',(-56.028905028145,-174.858916324464,4.));
#5342=CARTESIAN_POINT('',(-56.028905028145,-174.858916324464,3.));
#5343=CARTESIAN_POINT('',(47.5089198226511,-174.858916324464,4.));
#5344=CARTESIAN_POINT('',(-30.644448815446,-174.858916324464,4.));
#5345=CARTESIAN_POINT('',(47.5089198226511,-174.858916324464,3.));
#5346=CARTESIAN_POINT('Origin',(-56.028905028145,-173.858916324464,3.));
#5347=CARTESIAN_POINT('',(-57.028905028145,-173.858916324464,22.));
#5348=CARTESIAN_POINT('Origin',(-56.028905028145,-173.858916324464,22.));
#5349=CARTESIAN_POINT('',(-57.028905028145,-173.858916324464,3.));
#5350=CARTESIAN_POINT('Origin',(-56.028905028145,-173.858916324464,3.));
#5351=CARTESIAN_POINT('',(-57.028905028145,-173.858916324464,4.));
#5352=CARTESIAN_POINT('',(-57.028905028145,-173.858916324464,3.));
#5353=CARTESIAN_POINT('Origin',(-56.028905028145,-173.858916324464,4.));
#5354=CARTESIAN_POINT('Origin',(-55.028905028145,-86.6810922032286,3.));
#5355=CARTESIAN_POINT('',(-56.028905028145,-83.8526650784824,14.8524862330282));
#5356=CARTESIAN_POINT('',(-55.028905028145,-83.6810922032286,14.8524862330282));
#5357=CARTESIAN_POINT('Origin',(-55.028905028145,-86.6810922032286,14.8524862330282));
#5358=CARTESIAN_POINT('',(-55.028905028145,-83.6810922032286,10.9795653658303));
#5359=CARTESIAN_POINT('',(-55.028905028145,-83.6810922032286,3.));
#5360=CARTESIAN_POINT('',(-56.028905028145,-83.8526650784824,10.9795653658303));
#5361=CARTESIAN_POINT('Origin',(-55.028905028145,-86.6810922032286,10.9795653658303));
#5362=CARTESIAN_POINT('',(-57.8573321528912,-85.6810922032286,10.9795007054559));
#5363=CARTESIAN_POINT('Ctrl Pts',(-56.028905028145,-83.8526650784824,10.9795653658303));
#5364=CARTESIAN_POINT('Ctrl Pts',(-56.0568046238516,-83.8625290751406,10.9795643791909));
#5365=CARTESIAN_POINT('Ctrl Pts',(-56.0845567534889,-83.8728053372332,10.9795634268882));
#5366=CARTESIAN_POINT('Ctrl Pts',(-56.4794645168909,-84.0257158667152,10.979550218857));
#5367=CARTESIAN_POINT('Ctrl Pts',(-56.8151960526908,-84.2388983749736,10.9795425043773));
#5368=CARTESIAN_POINT('Ctrl Pts',(-57.3204334509967,-84.7210848554026,10.9795282475264));
#5369=CARTESIAN_POINT('Ctrl Pts',(-57.5074369929861,-84.963649157448,10.9795222374389));
#5370=CARTESIAN_POINT('Ctrl Pts',(-57.7345421411456,-85.3746570466088,10.9795106835991));
#5371=CARTESIAN_POINT('Ctrl Pts',(-57.8023119930094,-85.5254716906109,10.9795062088093));
#5372=CARTESIAN_POINT('Ctrl Pts',(-57.8573321528912,-85.6810922032286,10.9795007054559));
#5373=CARTESIAN_POINT('',(-58.028905028145,-86.6810922032286,10.9795007054559));
#5374=CARTESIAN_POINT('Origin',(-55.028905028145,-86.6810922032286,10.9795007054559));
#5375=CARTESIAN_POINT('',(-58.028905028145,-86.6810922032286,14.8525007054559));
#5376=CARTESIAN_POINT('',(-58.028905028145,-86.6810922032286,3.));
#5377=CARTESIAN_POINT('',(-57.8573321528912,-85.6810922032286,14.8525007054559));
#5378=CARTESIAN_POINT('Origin',(-55.028905028145,-86.6810922032286,14.8525007054559));
#5379=CARTESIAN_POINT('Ctrl Pts',(-57.8573321528912,-85.6810922032286,14.8525007054559));
#5380=CARTESIAN_POINT('Ctrl Pts',(-57.8474681562228,-85.6531926074933,14.8525004846241));
#5381=CARTESIAN_POINT('Ctrl Pts',(-57.8371918941197,-85.6254404778288,14.8525002714776));
#5382=CARTESIAN_POINT('Ctrl Pts',(-57.6842813645738,-85.2305327142957,14.8524973152269));
#5383=CARTESIAN_POINT('Ctrl Pts',(-57.4710988562811,-84.8948011785562,14.852495588555));
#5384=CARTESIAN_POINT('Ctrl Pts',(-56.9889123759789,-84.3895637803867,14.8524923975552));
#5385=CARTESIAN_POINT('Ctrl Pts',(-56.7463480739361,-84.2025602383918,14.8524910523642));
#5386=CARTESIAN_POINT('Ctrl Pts',(-56.3353401847808,-83.9754550902377,14.8524884663582));
#5387=CARTESIAN_POINT('Ctrl Pts',(-56.1845255407915,-83.9076852383744,14.8524874648009));
#5388=CARTESIAN_POINT('Ctrl Pts',(-56.028905028145,-83.8526650784824,14.8524862330282));
#5389=CARTESIAN_POINT('Origin',(-57.028905028145,-173.858916324464,14.8525007054559));
#5390=CARTESIAN_POINT('',(-57.028905028145,-85.6810922032286,14.8525007054559));
#5391=CARTESIAN_POINT('',(-57.028905028145,-129.270004263846,14.8525007054559));
#5392=CARTESIAN_POINT('',(-57.028905028145,-85.6810922032286,14.8525007054559));
#5393=CARTESIAN_POINT('',(-58.028905028145,-129.270043660266,14.8525007054559));
#5394=CARTESIAN_POINT('Origin',(-58.028905028145,-84.6810922032286,3.));
#5395=CARTESIAN_POINT('',(-58.028905028145,-85.1810922032286,10.9795007054559));
#5396=CARTESIAN_POINT('Origin',(-57.028905028145,-85.6810922032286,10.9795007054559));
#5397=CARTESIAN_POINT('',(-57.028905028145,-85.6810922032286,10.9795007054559));
#5398=CARTESIAN_POINT('',(-57.028905028145,-85.6810922032286,10.9795007054559));
#5399=CARTESIAN_POINT('',(-57.028905028145,-85.1810922032286,10.9795007054559));
#5400=CARTESIAN_POINT('Ctrl Pts',(-56.028905028145,-84.6810922032286,10.9795653658303));
#5401=CARTESIAN_POINT('Ctrl Pts',(-56.3622383614783,-85.0144255365619,10.9795438123722));
#5402=CARTESIAN_POINT('Ctrl Pts',(-56.6955716948117,-85.3477588698952,10.979522258914));
#5403=CARTESIAN_POINT('Ctrl Pts',(-57.028905028145,-85.6810922032286,10.9795007054559));
#5404=CARTESIAN_POINT('Ctrl Pts',(-56.028905028145,-84.2639136130027,10.9795653658303));
#5405=CARTESIAN_POINT('Ctrl Pts',(-56.5012978915536,-84.7363064764113,10.9795438123722));
#5406=CARTESIAN_POINT('Ctrl Pts',(-56.9736907549623,-85.2086993398199,10.979522258914));
#5407=CARTESIAN_POINT('Ctrl Pts',(-57.4460836183709,-85.6810922032286,10.9795007054559));
#5408=CARTESIAN_POINT('Ctrl Pts',(-56.028905028145,-83.8467350227768,10.9795653658303));
#5409=CARTESIAN_POINT('Ctrl Pts',(-56.6403574216289,-84.4581874162607,10.9795438123722));
#5410=CARTESIAN_POINT('Ctrl Pts',(-57.2518098151129,-85.0696398097446,10.979522258914));
#5411=CARTESIAN_POINT('Ctrl Pts',(-57.8632622085968,-85.6810922032286,10.9795007054559));
#5412=CARTESIAN_POINT('Ctrl Pts',(-56.028905028145,-83.4295564325509,10.9795653658303));
#5413=CARTESIAN_POINT('Ctrl Pts',(-56.7794169517042,-84.1800683561101,10.9795438123722));
#5414=CARTESIAN_POINT('Ctrl Pts',(-57.5299288752635,-84.9305802796693,10.979522258914));
#5415=CARTESIAN_POINT('Ctrl Pts',(-58.2804407988227,-85.6810922032286,10.9795007054559));
#5416=CARTESIAN_POINT('',(-56.028905028145,-84.6810922032286,10.9795653658303));
#5417=CARTESIAN_POINT('',(-56.028905028145,-84.6810922032286,10.9795653658303));
#5418=CARTESIAN_POINT('Ctrl Pts',(-57.028905028145,-85.6810922032285,10.9795007054559));
#5419=CARTESIAN_POINT('Ctrl Pts',(-57.028905028145,-85.5777051312275,10.9795073905027));
#5420=CARTESIAN_POINT('Ctrl Pts',(-57.012871698153,-85.4749406109125,10.9795121439642));
#5421=CARTESIAN_POINT('Ctrl Pts',(-56.9513058017846,-85.2824421911804,10.9795204133869));
#5422=CARTESIAN_POINT('Ctrl Pts',(-56.9074764579652,-85.1933860806227,10.9795238470102));
#5423=CARTESIAN_POINT('Ctrl Pts',(-56.8208966472474,-85.0682229878565,10.9795289307198));
#5424=CARTESIAN_POINT('Ctrl Pts',(-56.786997618926,-85.0267566442971,10.9795306625093));
#5425=CARTESIAN_POINT('Ctrl Pts',(-56.7155243102944,-84.9523796780745,10.9795339987595));
#5426=CARTESIAN_POINT('Ctrl Pts',(-56.6784807920382,-84.9191740252736,10.9795355983772));
#5427=CARTESIAN_POINT('Ctrl Pts',(-56.570091531932,-84.8356870570027,10.9795400961309));
#5428=CARTESIAN_POINT('Ctrl Pts',(-56.4944048001003,-84.7917651230984,10.9795430355057));
#5429=CARTESIAN_POINT('Ctrl Pts',(-56.291989500879,-84.7073049078259,10.9795513252875));
#5430=CARTESIAN_POINT('Ctrl Pts',(-56.1610985846823,-84.6810922032286,10.9795568181454));
#5431=CARTESIAN_POINT('Ctrl Pts',(-56.028905028145,-84.6810922032286,10.9795653658303));
#5432=CARTESIAN_POINT('Ctrl Pts',(-56.028905028145,-83.4295564325528,14.8524862330282));
#5433=CARTESIAN_POINT('Ctrl Pts',(-56.7794169517036,-84.1800683561114,14.8524910571708));
#5434=CARTESIAN_POINT('Ctrl Pts',(-57.5299288752622,-84.93058027967,14.8524958813133));
#5435=CARTESIAN_POINT('Ctrl Pts',(-58.2804407988208,-85.6810922032286,14.8525007054559));
#5436=CARTESIAN_POINT('Ctrl Pts',(-56.028905028145,-83.846735022778,14.8524862330282));
#5437=CARTESIAN_POINT('Ctrl Pts',(-56.6403574216285,-84.4581874162615,14.8524910571708));
#5438=CARTESIAN_POINT('Ctrl Pts',(-57.251809815112,-85.0696398097451,14.8524958813133));
#5439=CARTESIAN_POINT('Ctrl Pts',(-57.8632622085955,-85.6810922032286,14.8525007054559));
#5440=CARTESIAN_POINT('Ctrl Pts',(-56.028905028145,-84.2639136130033,14.8524862330282));
#5441=CARTESIAN_POINT('Ctrl Pts',(-56.5012978915534,-84.7363064764117,14.8524910571708));
#5442=CARTESIAN_POINT('Ctrl Pts',(-56.9736907549618,-85.2086993398201,14.8524958813133));
#5443=CARTESIAN_POINT('Ctrl Pts',(-57.4460836183702,-85.6810922032286,14.8525007054559));
#5444=CARTESIAN_POINT('Ctrl Pts',(-56.028905028145,-84.6810922032286,14.8524862330282));
#5445=CARTESIAN_POINT('Ctrl Pts',(-56.3622383614783,-85.0144255365619,14.8524910571708));
#5446=CARTESIAN_POINT('Ctrl Pts',(-56.6955716948117,-85.3477588698952,14.8524958813133));
#5447=CARTESIAN_POINT('Ctrl Pts',(-57.028905028145,-85.6810922032286,14.8525007054559));
#5448=CARTESIAN_POINT('',(-56.028905028145,-84.6810922032286,14.8524862330282));
#5449=CARTESIAN_POINT('Ctrl Pts',(-56.028905028145,-84.6810922032286,14.8524862330282));
#5450=CARTESIAN_POINT('Ctrl Pts',(-56.1322921002568,-84.6810922032286,14.8524877292901));
#5451=CARTESIAN_POINT('Ctrl Pts',(-56.2350566205491,-84.6971255332487,14.8524887932204));
#5452=CARTESIAN_POINT('Ctrl Pts',(-56.4275550402085,-84.7586914295939,14.8524906441008));
#5453=CARTESIAN_POINT('Ctrl Pts',(-56.5166111507631,-84.8025207734169,14.8524914126219));
#5454=CARTESIAN_POINT('Ctrl Pts',(-56.6417742435173,-84.8891005841263,14.852492550469));
#5455=CARTESIAN_POINT('Ctrl Pts',(-56.6832405870767,-84.9229996124478,14.852492938082));
#5456=CARTESIAN_POINT('Ctrl Pts',(-56.7576175532984,-84.9944729210786,14.8524936848089));
#5457=CARTESIAN_POINT('Ctrl Pts',(-56.7908232060993,-85.0315164393346,14.8524940428388));
#5458=CARTESIAN_POINT('Ctrl Pts',(-56.8743101743653,-85.1399056994343,14.852495049536));
#5459=CARTESIAN_POINT('Ctrl Pts',(-56.9182321082712,-85.2155924312643,14.8524957074334));
#5460=CARTESIAN_POINT('Ctrl Pts',(-57.0026923234891,-85.4180077303535,14.8524975628706));
#5461=CARTESIAN_POINT('Ctrl Pts',(-57.028905028145,-85.5488986465139,14.8524987922942));
#5462=CARTESIAN_POINT('Ctrl Pts',(-57.028905028145,-85.6810922032286,14.8525007054559));
#5463=CARTESIAN_POINT('',(-56.028905028145,-84.6810922032286,14.8524862330282));
#5464=CARTESIAN_POINT('Origin',(-56.028905028145,-85.6810922032286,3.));
#5465=CARTESIAN_POINT('',(-56.028905028145,-84.6810922032286,4.));
#5466=CARTESIAN_POINT('',(-56.028905028145,-84.6810922032286,3.));
#5467=CARTESIAN_POINT('',(-57.028905028145,-85.6810922032286,4.));
#5468=CARTESIAN_POINT('Origin',(-56.028905028145,-85.6810922032286,4.));
#5469=CARTESIAN_POINT('',(-57.028905028145,-85.6810922032286,3.));
#5470=CARTESIAN_POINT('Origin',(46.5089198226511,-86.6810922032286,3.));
#5471=CARTESIAN_POINT('',(47.5089198226511,-83.8526650784824,10.9795653658303));
#5472=CARTESIAN_POINT('',(46.5089198226511,-83.6810922032286,10.9795653658303));
#5473=CARTESIAN_POINT('Origin',(46.5089198226511,-86.6810922032286,10.9795653658303));
#5474=CARTESIAN_POINT('',(46.5089198226511,-83.6810922032286,14.8524862330282));
#5475=CARTESIAN_POINT('',(46.5089198226511,-83.6810922032286,3.));
#5476=CARTESIAN_POINT('',(47.5089198226511,-83.8526650784824,14.8524862330282));
#5477=CARTESIAN_POINT('Origin',(46.5089198226511,-86.6810922032286,14.8524862330282));
#5478=CARTESIAN_POINT('',(49.3373469473973,-85.6810922032286,14.8525007054559));
#5479=CARTESIAN_POINT('Ctrl Pts',(47.5089198226511,-83.8526650784824,14.8524862330282));
#5480=CARTESIAN_POINT('Ctrl Pts',(47.536819112162,-83.8625289668841,14.8524864538576));
#5481=CARTESIAN_POINT('Ctrl Pts',(47.5645709389152,-83.8728051116974,14.8524866670018));
#5482=CARTESIAN_POINT('Ctrl Pts',(47.9594784993831,-84.0257154151552,14.8524896232527));
#5483=CARTESIAN_POINT('Ctrl Pts',(48.2952101453036,-84.2388978529585,14.852491349925));
#5484=CARTESIAN_POINT('Ctrl Pts',(48.8004471515751,-84.7210836970762,14.8524945409217));
#5485=CARTESIAN_POINT('Ctrl Pts',(48.9874503707964,-84.9636472506014,14.8524958861094));
#5486=CARTESIAN_POINT('Ctrl Pts',(49.2145560773253,-85.3746551370939,14.8524984721131));
#5487=CARTESIAN_POINT('Ctrl Pts',(49.2823264386823,-85.5254707039618,14.8524994736754));
#5488=CARTESIAN_POINT('Ctrl Pts',(49.3373469473973,-85.6810922032286,14.8525007054559));
#5489=CARTESIAN_POINT('',(49.5089198226511,-86.6810922032286,14.8525007054559));
#5490=CARTESIAN_POINT('Origin',(46.5089198226511,-86.6810922032286,14.8525007054559));
#5491=CARTESIAN_POINT('',(49.5089198226511,-86.6810922032286,3.));
#5492=CARTESIAN_POINT('Ctrl Pts',(49.3373469473973,-85.6810922032285,11.0000001639128));
#5493=CARTESIAN_POINT('Ctrl Pts',(49.3274827754169,-85.6531921116362,10.9996883479643));
#5494=CARTESIAN_POINT('Ctrl Pts',(49.3172062796757,-85.6254393692753,10.9993873826031));
#5495=CARTESIAN_POINT('Ctrl Pts',(49.1643009294014,-85.2305457315644,10.9952133657684));
#5496=CARTESIAN_POINT('Ctrl Pts',(48.9511231860351,-84.8948111630953,10.9927752843654));
#5497=CARTESIAN_POINT('Ctrl Pts',(48.4689266022332,-84.3895631900265,10.9882695577411));
#5498=CARTESIAN_POINT('Ctrl Pts',(48.226363354374,-84.2025610823573,10.9863701794604));
#5499=CARTESIAN_POINT('Ctrl Pts',(47.8153555181357,-83.9754550760547,10.982718792734));
#5500=CARTESIAN_POINT('Ctrl Pts',(47.664538456037,-83.9076845739555,10.9813045849154));
#5501=CARTESIAN_POINT('Ctrl Pts',(47.5089198226511,-83.8526650784824,10.9795653658303));
#5502=CARTESIAN_POINT('Origin',(49.5089198226511,-174.858916324464,3.));
#5503=CARTESIAN_POINT('',(49.5089198226511,-172.858916324464,14.8525007054559));
#5504=CARTESIAN_POINT('',(49.5089198226511,-130.270004263846,14.8525007054559));
#5505=CARTESIAN_POINT('',(49.5089198226511,-172.858916324464,3.));
#5506=CARTESIAN_POINT('Origin',(48.5089198226511,-85.6810922032285,14.8525007054559));
#5507=CARTESIAN_POINT('',(48.5089198226511,-85.6810922032285,14.8525007054559));
#5508=CARTESIAN_POINT('',(-57.028905028145,-85.6810922032286,14.8525007054559));
#5509=CARTESIAN_POINT('',(48.5089198226511,-173.858916324464,14.8525007054559));
#5510=CARTESIAN_POINT('',(48.5089198226511,-130.270004263846,14.8525007054559));
#5511=CARTESIAN_POINT('',(49.3373469473973,-173.858916324464,14.8525007054559));
#5512=CARTESIAN_POINT('',(48.5089198226511,-173.858916324464,14.8525007054559));
#5513=CARTESIAN_POINT('Origin',(46.5089198226511,-172.858916324464,14.8525007054559));
#5514=CARTESIAN_POINT('Ctrl Pts',(47.5089198226511,-84.6810922032286,14.8524862330282));
#5515=CARTESIAN_POINT('Ctrl Pts',(47.8422531559844,-85.0144255365619,14.8524910571708));
#5516=CARTESIAN_POINT('Ctrl Pts',(48.1755864893178,-85.3477588698952,14.8524958813133));
#5517=CARTESIAN_POINT('Ctrl Pts',(48.5089198226511,-85.6810922032286,14.8525007054559));
#5518=CARTESIAN_POINT('Ctrl Pts',(47.5089198226511,-84.2639135915364,14.8524862330282));
#5519=CARTESIAN_POINT('Ctrl Pts',(47.9813126932151,-84.7363064621005,14.8524910571708));
#5520=CARTESIAN_POINT('Ctrl Pts',(48.4537055637792,-85.2086993326645,14.8524958813133));
#5521=CARTESIAN_POINT('Ctrl Pts',(48.9260984343432,-85.6810922032286,14.8525007054559));
#5522=CARTESIAN_POINT('Ctrl Pts',(47.5089198226511,-83.8467349798444,14.8524862330282));
#5523=CARTESIAN_POINT('Ctrl Pts',(48.1203722304458,-84.4581873876391,14.8524910571708));
#5524=CARTESIAN_POINT('Ctrl Pts',(48.7318246382406,-85.0696397954338,14.8524958813133));
#5525=CARTESIAN_POINT('Ctrl Pts',(49.3432770460353,-85.6810922032286,14.8525007054559));
#5526=CARTESIAN_POINT('Ctrl Pts',(47.5089198226511,-83.4295563681522,14.8524862330282));
#5527=CARTESIAN_POINT('Ctrl Pts',(48.2594317676766,-84.1800683131777,14.8524910571708));
#5528=CARTESIAN_POINT('Ctrl Pts',(49.009943712702,-84.9305802582031,14.8524958813133));
#5529=CARTESIAN_POINT('Ctrl Pts',(49.7604556577274,-85.6810922032286,14.8525007054559));
#5530=CARTESIAN_POINT('',(47.5089198226511,-84.6810922032286,14.8524862330282));
#5531=CARTESIAN_POINT('',(47.5089198226511,-84.6810922032286,14.8524862330282));
#5532=CARTESIAN_POINT('Ctrl Pts',(48.5089198226511,-85.6810922032285,14.8525007054559));
#5533=CARTESIAN_POINT('Ctrl Pts',(48.5089198226511,-85.5777051311169,14.852499209194));
#5534=CARTESIAN_POINT('Ctrl Pts',(48.4928864926311,-85.4749406108247,14.8524981452637));
#5535=CARTESIAN_POINT('Ctrl Pts',(48.4313205962858,-85.2824421911651,14.8524962943833));
#5536=CARTESIAN_POINT('Ctrl Pts',(48.3874912524628,-85.1933860806105,14.8524955258621));
#5537=CARTESIAN_POINT('Ctrl Pts',(48.3009114417533,-85.0682229878563,14.852494388015));
#5538=CARTESIAN_POINT('Ctrl Pts',(48.2670124134319,-85.0267566442969,14.8524940004021));
#5539=CARTESIAN_POINT('Ctrl Pts',(48.1955391048011,-84.9523796780751,14.8524932536752));
#5540=CARTESIAN_POINT('Ctrl Pts',(48.1584955865451,-84.9191740252742,14.8524928956452));
#5541=CARTESIAN_POINT('Ctrl Pts',(48.0501063264453,-84.8356870570082,14.8524918889481));
#5542=CARTESIAN_POINT('Ctrl Pts',(47.9744195946154,-84.7917651231023,14.8524912310507));
#5543=CARTESIAN_POINT('Ctrl Pts',(47.7720042955261,-84.7073049078844,14.8524893756135));
#5544=CARTESIAN_POINT('Ctrl Pts',(47.6411133793658,-84.6810922032286,14.8524881461899));
#5545=CARTESIAN_POINT('Ctrl Pts',(47.5089198226511,-84.6810922032286,14.8524862330282));
#5546=CARTESIAN_POINT('Ctrl Pts',(47.5089198226511,-83.4295564104444,10.9795653658303));
#5547=CARTESIAN_POINT('Ctrl Pts',(48.2594317535792,-84.1800683413725,10.9863769651911));
#5548=CARTESIAN_POINT('Ctrl Pts',(49.0099436845072,-84.9305802723006,10.9931885645519));
#5549=CARTESIAN_POINT('Ctrl Pts',(49.7604556154353,-85.6810922032286,11.0000001639128));
#5550=CARTESIAN_POINT('Ctrl Pts',(47.5089198226511,-83.8467350080391,10.9795653658303));
#5551=CARTESIAN_POINT('Ctrl Pts',(48.1203722210476,-84.4581874064356,10.9863769651911));
#5552=CARTESIAN_POINT('Ctrl Pts',(48.7318246194441,-85.0696398048321,10.9931885645519));
#5553=CARTESIAN_POINT('Ctrl Pts',(49.3432770178406,-85.6810922032286,11.0000001639128));
#5554=CARTESIAN_POINT('Ctrl Pts',(47.5089198226511,-84.2639136056339,10.9795653658303));
#5555=CARTESIAN_POINT('Ctrl Pts',(47.981312688516,-84.7363064714988,10.9863769651911));
#5556=CARTESIAN_POINT('Ctrl Pts',(48.4537055543809,-85.2086993373637,10.9931885645519));
#5557=CARTESIAN_POINT('Ctrl Pts',(48.9260984202458,-85.6810922032286,11.0000001639128));
#5558=CARTESIAN_POINT('Ctrl Pts',(47.5089198226511,-84.6810922032286,10.9795653658303));
#5559=CARTESIAN_POINT('Ctrl Pts',(47.8422531559844,-85.0144255365619,10.9863769651911));
#5560=CARTESIAN_POINT('Ctrl Pts',(48.1755864893178,-85.3477588698952,10.9931885645519));
#5561=CARTESIAN_POINT('Ctrl Pts',(48.5089198226511,-85.6810922032286,11.0000001639128));
#5562=CARTESIAN_POINT('',(47.5089198226511,-84.6810922032286,10.9795653658303));
#5563=CARTESIAN_POINT('Ctrl Pts',(47.5089198226511,-84.6810922032286,10.9795653658303));
#5564=CARTESIAN_POINT('Ctrl Pts',(47.6122952792185,-84.6810922032286,10.9816778224119));
#5565=CARTESIAN_POINT('Ctrl Pts',(47.7150621961199,-84.6971225847984,10.983180184303));
#5566=CARTESIAN_POINT('Ctrl Pts',(47.9075682535974,-84.7586909239123,10.9857936966554));
#5567=CARTESIAN_POINT('Ctrl Pts',(47.9966247054588,-84.8025199074428,10.9868788397036));
#5568=CARTESIAN_POINT('Ctrl Pts',(48.1217890085145,-84.8891005682384,10.9884854741595));
#5569=CARTESIAN_POINT('Ctrl Pts',(48.1632553553385,-84.9229995835141,10.9890327763964));
#5570=CARTESIAN_POINT('Ctrl Pts',(48.2376324162863,-84.9944729903372,10.9900871422403));
#5571=CARTESIAN_POINT('Ctrl Pts',(48.2708380643521,-85.0315165172369,10.9905926738984));
#5572=CARTESIAN_POINT('Ctrl Pts',(48.3543255253019,-85.1399064303575,10.9920141200337));
#5573=CARTESIAN_POINT('Ctrl Pts',(48.3982473023886,-85.2155933491841,10.9929430610977));
#5574=CARTESIAN_POINT('Ctrl Pts',(48.4827132736738,-85.4180225432593,10.9955630839298));
#5575=CARTESIAN_POINT('Ctrl Pts',(48.5089198226511,-85.5489172719718,10.997299195881));
#5576=CARTESIAN_POINT('Ctrl Pts',(48.5089198226511,-85.6810922032286,11.0000001639128));
#5577=CARTESIAN_POINT('',(47.5089198226511,-84.6810922032286,10.9795653658303));
#5578=CARTESIAN_POINT('Origin',(47.5089198226511,-85.6810922032285,3.));
#5579=CARTESIAN_POINT('',(48.5089198226511,-85.6810922032285,4.));
#5580=CARTESIAN_POINT('',(48.5089198226511,-85.6810922032285,3.));
#5581=CARTESIAN_POINT('',(47.5089198226511,-84.6810922032286,4.));
#5582=CARTESIAN_POINT('Origin',(47.5089198226511,-85.6810922032285,4.));
#5583=CARTESIAN_POINT('',(47.5089198226511,-84.6810922032286,3.));
#5584=CARTESIAN_POINT('Origin',(47.5089198226511,-85.6810922032285,3.));
#5585=CARTESIAN_POINT('',(47.5089198226511,-84.6810922032286,22.));
#5586=CARTESIAN_POINT('',(47.5089198226511,-84.6810922032286,3.));
#5587=CARTESIAN_POINT('',(48.5089198226511,-85.6810922032285,22.));
#5588=CARTESIAN_POINT('Origin',(47.5089198226511,-85.6810922032285,22.));
#5589=CARTESIAN_POINT('',(48.5089198226511,-85.6810922032285,3.));
#5590=CARTESIAN_POINT('Origin',(46.5089198226511,-172.858916324464,3.));
#5591=CARTESIAN_POINT('Ctrl Pts',(49.3373469473973,-173.858916324464,14.8525007054559));
#5592=CARTESIAN_POINT('Ctrl Pts',(49.3160238985933,-173.919227014083,14.8525002280827));
#5593=CARTESIAN_POINT('Ctrl Pts',(49.2927651858581,-173.978874523693,14.8524997861713));
#5594=CARTESIAN_POINT('Ctrl Pts',(49.1527547272518,-174.306519696657,14.8524974681891));
#5595=CARTESIAN_POINT('Ctrl Pts',(48.9992497411668,-174.557055135904,14.8524960656145));
#5596=CARTESIAN_POINT('Ctrl Pts',(48.5913415377439,-175.045703024731,14.8524931056287));
#5597=CARTESIAN_POINT('Ctrl Pts',(48.3268725238206,-175.270049719418,14.8524916439318));
#5598=CARTESIAN_POINT('Ctrl Pts',(47.8642981768681,-175.542193901816,14.8524887901303));
#5599=CARTESIAN_POINT('Ctrl Pts',(47.6897260534206,-175.623418793281,14.8524876641517));
#5600=CARTESIAN_POINT('Ctrl Pts',(47.5089198226511,-175.68734344921,14.8524862330282));
#5601=CARTESIAN_POINT('Ctrl Pts',(47.5089198198209,-176.128124742654,14.8524862330282));
#5602=CARTESIAN_POINT('Ctrl Pts',(48.2653226258896,-175.371721936585,14.8524910571707));
#5603=CARTESIAN_POINT('Ctrl Pts',(49.0217254319582,-174.615319130517,14.8524958813133));
#5604=CARTESIAN_POINT('Ctrl Pts',(49.7781282380268,-173.858916324448,14.8525007054559));
#5605=CARTESIAN_POINT('Ctrl Pts',(47.5089198203486,-175.70505527034,14.8524862330282));
#5606=CARTESIAN_POINT('Ctrl Pts',(48.1242994689781,-175.08967562171,14.8524910571707));
#5607=CARTESIAN_POINT('Ctrl Pts',(48.7396791176077,-174.47429597308,14.8524958813133));
#5608=CARTESIAN_POINT('Ctrl Pts',(49.3550587662372,-173.858916324451,14.8525007054559));
#5609=CARTESIAN_POINT('Ctrl Pts',(47.5089198208762,-175.281985798025,14.8524862330282));
#5610=CARTESIAN_POINT('Ctrl Pts',(47.9832763120667,-174.807629306835,14.8524910571707));
#5611=CARTESIAN_POINT('Ctrl Pts',(48.4576328032572,-174.333272815644,14.8524958813133));
#5612=CARTESIAN_POINT('Ctrl Pts',(48.9319892944477,-173.858916324454,14.8525007054559));
#5613=CARTESIAN_POINT('Ctrl Pts',(47.5089198214039,-174.858916325711,14.8524862330282));
#5614=CARTESIAN_POINT('Ctrl Pts',(47.8422531551553,-174.52558299196,14.8524910571707));
#5615=CARTESIAN_POINT('Ctrl Pts',(48.1755864889067,-174.192249658208,14.8524958813133));
#5616=CARTESIAN_POINT('Ctrl Pts',(48.5089198226581,-173.858916324457,14.8525007054559));
#5617=CARTESIAN_POINT('Ctrl Pts',(47.5089198226511,-174.858916324464,14.8524862330282));
#5618=CARTESIAN_POINT('Ctrl Pts',(47.6123068947629,-174.858916324464,14.8524877292901));
#5619=CARTESIAN_POINT('Ctrl Pts',(47.7150714150552,-174.842882994444,14.8524887932204));
#5620=CARTESIAN_POINT('Ctrl Pts',(47.9075698347146,-174.781317098098,14.8524906441008));
#5621=CARTESIAN_POINT('Ctrl Pts',(47.9966259452692,-174.737487754276,14.852491412622));
#5622=CARTESIAN_POINT('Ctrl Pts',(48.1217890380234,-174.650907943566,14.852492550469));
#5623=CARTESIAN_POINT('Ctrl Pts',(48.1632553815828,-174.617008915245,14.852492938082));
#5624=CARTESIAN_POINT('Ctrl Pts',(48.2376323478045,-174.545535606614,14.8524936848089));
#5625=CARTESIAN_POINT('Ctrl Pts',(48.2708380006054,-174.508492088358,14.8524940428388));
#5626=CARTESIAN_POINT('Ctrl Pts',(48.3543249688714,-174.400102828258,14.852495049536));
#5627=CARTESIAN_POINT('Ctrl Pts',(48.3982469027774,-174.324416096428,14.8524957074334));
#5628=CARTESIAN_POINT('Ctrl Pts',(48.4827071179952,-174.122000797339,14.8524975628706));
#5629=CARTESIAN_POINT('Ctrl Pts',(48.5089198226511,-173.991109881178,14.8524987922942));
#5630=CARTESIAN_POINT('Ctrl Pts',(48.5089198226511,-173.858916324464,14.8525007054559));
#5631=CARTESIAN_POINT('Origin',(47.5089198226511,-173.858916324464,3.));
#5632=CARTESIAN_POINT('',(48.5089198226511,-173.858916324464,4.));
#5633=CARTESIAN_POINT('Origin',(47.5089198226511,-173.858916324464,4.));
#5634=CARTESIAN_POINT('',(48.5089198226511,-173.858916324464,3.));
#5635=CARTESIAN_POINT('Origin',(-57.028905028145,-84.6810922032286,3.));
#5636=CARTESIAN_POINT('',(-57.028905028145,-85.6810922032286,22.));
#5637=CARTESIAN_POINT('',(-57.028905028145,-107.225548233537,22.));
#5638=CARTESIAN_POINT('',(-57.028905028145,-85.6810922032286,3.));
#5639=CARTESIAN_POINT('Origin',(-57.028905028145,-84.6810922032286,3.));
#5640=CARTESIAN_POINT('',(-57.028905028145,-107.225548233537,4.));
#5641=CARTESIAN_POINT('Origin',(48.5089198226511,-174.858916324464,3.));
#5642=CARTESIAN_POINT('',(48.5089198226511,-173.858916324464,22.));
#5643=CARTESIAN_POINT('',(48.5089198226511,-152.314460294155,22.));
#5644=CARTESIAN_POINT('',(48.5089198226511,-173.858916324464,3.));
#5645=CARTESIAN_POINT('Origin',(47.5089198226511,-84.6810922032286,10.9795653658303));
#5646=CARTESIAN_POINT('',(48.0089198226511,-83.6810922032286,10.9795653658303));
#5647=CARTESIAN_POINT('',(48.0089198226511,-84.6810922032286,10.9795653658303));
#5648=CARTESIAN_POINT('Origin',(48.5089198226511,-84.6810922032286,3.));
#5649=CARTESIAN_POINT('',(22.1244636099521,-84.6810922032286,4.));
#5650=CARTESIAN_POINT('Origin',(48.5089198226511,-84.6810922032286,3.));
#5651=CARTESIAN_POINT('',(-3.75999260274695,-84.6810922032286,14.8524862330282));
#5652=CARTESIAN_POINT('',(-56.028905028145,-84.6810922032286,22.));
#5653=CARTESIAN_POINT('',(-56.028905028145,-84.6810922032286,3.));
#5654=CARTESIAN_POINT('',(22.1244636099521,-84.6810922032286,22.));
#5655=CARTESIAN_POINT('Origin',(47.5089198226511,-85.6810922032285,22.));
#5656=CARTESIAN_POINT('',(47.5089198226511,-85.6810922032285,23.));
#5657=CARTESIAN_POINT('Origin',(47.5089198226511,-85.6810922032285,22.));
#5658=CARTESIAN_POINT('Origin',(47.5089198226511,-85.6810922032285,22.));
#5659=CARTESIAN_POINT('Origin',(-56.028905028145,-85.6810922032286,22.));
#5660=CARTESIAN_POINT('',(-56.028905028145,-85.6810922032285,23.));
#5661=CARTESIAN_POINT('Origin',(-56.028905028145,-85.6810922032285,22.));
#5662=CARTESIAN_POINT('Origin',(-56.028905028145,-85.6810922032286,22.));
#5663=CARTESIAN_POINT('Origin',(-56.028905028145,-85.6810922032285,22.));
#5664=CARTESIAN_POINT('Origin',(47.5089198226511,-85.6810922032285,4.));
#5665=CARTESIAN_POINT('',(47.5089198226511,-85.6810922032285,3.));
#5666=CARTESIAN_POINT('Origin',(47.5089198226511,-85.6810922032285,4.));
#5667=CARTESIAN_POINT('Origin',(47.5089198226511,-85.6810922032285,4.));
#5668=CARTESIAN_POINT('Origin',(47.5089198226511,-173.858916324464,22.));
#5669=CARTESIAN_POINT('',(47.5089198226511,-173.858916324464,23.));
#5670=CARTESIAN_POINT('Origin',(47.5089198226511,-173.858916324464,22.));
#5671=CARTESIAN_POINT('Origin',(47.5089198226511,-173.858916324464,22.));
#5672=CARTESIAN_POINT('Origin',(47.5089198226511,-173.858916324464,22.));
#5673=CARTESIAN_POINT('Origin',(-56.028905028145,-85.6810922032285,4.));
#5674=CARTESIAN_POINT('',(-56.028905028145,-85.6810922032285,3.));
#5675=CARTESIAN_POINT('Origin',(-56.028905028145,-85.6810922032285,4.));
#5676=CARTESIAN_POINT('Origin',(-56.028905028145,-85.6810922032286,4.));
#5677=CARTESIAN_POINT('Origin',(22.1244636099521,-85.6810922032285,4.));
#5678=CARTESIAN_POINT('',(22.1244636099521,-85.6810922032285,3.));
#5679=CARTESIAN_POINT('Origin',(-56.028905028145,-173.858916324464,22.));
#5680=CARTESIAN_POINT('',(-56.028905028145,-173.858916324464,23.));
#5681=CARTESIAN_POINT('Origin',(-56.028905028145,-173.858916324464,22.));
#5682=CARTESIAN_POINT('Origin',(-56.028905028145,-173.858916324464,22.));
#5683=CARTESIAN_POINT('Origin',(47.5089198226511,-173.858916324464,4.));
#5684=CARTESIAN_POINT('',(47.5089198226511,-173.858916324464,3.));
#5685=CARTESIAN_POINT('Origin',(47.5089198226511,-173.858916324464,4.));
#5686=CARTESIAN_POINT('Origin',(47.5089198226511,-173.858916324464,4.));
#5687=CARTESIAN_POINT('Origin',(-56.028905028145,-173.858916324464,4.));
#5688=CARTESIAN_POINT('',(-56.028905028145,-173.858916324464,3.));
#5689=CARTESIAN_POINT('Origin',(-56.028905028145,-173.858916324464,4.));
#5690=CARTESIAN_POINT('Origin',(-56.028905028145,-173.858916324464,4.));
#5691=CARTESIAN_POINT('Origin',(-30.644448815446,-173.858916324464,4.));
#5692=CARTESIAN_POINT('',(-30.644448815446,-173.858916324464,3.));
#5693=CARTESIAN_POINT('Origin',(-56.028905028145,-107.225548233537,4.));
#5694=CARTESIAN_POINT('',(-56.028905028145,-107.225548233537,3.));
#5695=CARTESIAN_POINT('Origin',(47.5089198226511,-152.314460294155,4.));
#5696=CARTESIAN_POINT('',(48.5089198226511,-152.314460294155,4.));
#5697=CARTESIAN_POINT('',(47.5089198226511,-152.314460294155,3.));
#5698=CARTESIAN_POINT('Origin',(-30.644448815446,-173.858916324464,22.));
#5699=CARTESIAN_POINT('',(-30.644448815446,-173.858916324464,23.));
#5700=CARTESIAN_POINT('Origin',(-56.028905028145,-107.225548233537,22.));
#5701=CARTESIAN_POINT('',(-56.028905028145,-107.225548233537,23.));
#5702=CARTESIAN_POINT('Origin',(-56.028905028145,-85.6810922032286,3.));
#5703=CARTESIAN_POINT('Origin',(47.5089198226511,-152.314460294155,22.));
#5704=CARTESIAN_POINT('',(47.5089198226511,-152.314460294155,23.));
#5705=CARTESIAN_POINT('Origin',(22.1244636099521,-85.6810922032285,22.));
#5706=CARTESIAN_POINT('',(22.1244636099521,-85.6810922032285,23.));
#5707=CARTESIAN_POINT('Origin',(-4.25999260274695,-129.770004263846,3.));
#5708=CARTESIAN_POINT('',(-54.0113577795344,-88.1185545551776,3.));
#5709=CARTESIAN_POINT('Origin',(-54.7469077795344,-88.1185545551776,3.));
#5710=CARTESIAN_POINT('',(45.4468322644754,-170.81107309181,3.));
#5711=CARTESIAN_POINT('Origin',(44.7112822644754,-170.81107309181,3.));
#5712=CARTESIAN_POINT('',(45.3399407567786,-88.1185545551776,3.));
#5713=CARTESIAN_POINT('Origin',(44.6043907567786,-88.1185545551776,3.));
#5714=CARTESIAN_POINT('',(-54.0113577795344,-170.81107309181,3.));
#5715=CARTESIAN_POINT('Origin',(-54.7469077795344,-170.81107309181,3.));
#5716=CARTESIAN_POINT('Origin',(-4.25999260274695,-129.770004263846,23.));
#5717=CARTESIAN_POINT('',(-54.0113577795344,-88.1185545551776,23.));
#5718=CARTESIAN_POINT('Origin',(-54.7469077795344,-88.1185545551776,23.));
#5719=CARTESIAN_POINT('',(45.4468322644754,-170.81107309181,23.));
#5720=CARTESIAN_POINT('Origin',(44.7112822644754,-170.81107309181,23.));
#5721=CARTESIAN_POINT('',(45.3399407567786,-88.1185545551776,23.));
#5722=CARTESIAN_POINT('Origin',(44.6043907567786,-88.1185545551776,23.));
#5723=CARTESIAN_POINT('',(-54.0113577795344,-170.81107309181,23.));
#5724=CARTESIAN_POINT('Origin',(-54.7469077795344,-170.81107309181,23.));
#5725=CARTESIAN_POINT('',(47.0089198226511,-171.625470378925,23.));
#5726=CARTESIAN_POINT('',(47.0089198226511,-173.358916324464,23.));
#5727=CARTESIAN_POINT('',(47.0089198226511,-152.314460294155,23.));
#5728=CARTESIAN_POINT('',(-55.528905028145,-173.358916324464,23.));
#5729=CARTESIAN_POINT('',(-30.644448815446,-173.358916324464,23.));
#5730=CARTESIAN_POINT('',(-55.528905028145,-173.119938959106,23.));
#5731=CARTESIAN_POINT('',(-55.528905028145,-107.225548233537,23.));
#5732=CARTESIAN_POINT('',(-55.528905028145,-168.502207224514,23.));
#5733=CARTESIAN_POINT('Origin',(-54.7469077795344,-170.81107309181,23.));
#5734=CARTESIAN_POINT('',(-55.528905028145,-90.4274204224738,23.));
#5735=CARTESIAN_POINT('',(-55.528905028145,-107.225548233537,23.));
#5736=CARTESIAN_POINT('',(-53.2675089405529,-86.1810922032286,23.));
#5737=CARTESIAN_POINT('Origin',(-54.7469077795344,-88.1185545551776,23.));
#5738=CARTESIAN_POINT('',(43.124991917797,-86.1810922032286,23.));
#5739=CARTESIAN_POINT('',(22.1244636099521,-86.1810922032286,23.));
#5740=CARTESIAN_POINT('',(47.0089198226511,-88.5193303795162,23.));
#5741=CARTESIAN_POINT('Origin',(44.6043907567786,-88.1185545551776,23.));
#5742=CARTESIAN_POINT('',(47.0089198226511,-169.996675804695,23.));
#5743=CARTESIAN_POINT('',(47.0089198226511,-152.314460294155,23.));
#5744=CARTESIAN_POINT('Origin',(44.7112822644754,-170.81107309181,23.));
#5745=CARTESIAN_POINT('',(47.0089198226511,-86.1810922032285,23.));
#5746=CARTESIAN_POINT('',(47.0089198226511,-87.7177787308391,23.));
#5747=CARTESIAN_POINT('',(47.0089198226511,-152.314460294155,23.));
#5748=CARTESIAN_POINT('',(46.0837895957602,-86.1810922032286,23.));
#5749=CARTESIAN_POINT('Origin',(44.6043907567786,-88.1185545551776,23.));
#5750=CARTESIAN_POINT('',(22.1244636099521,-86.1810922032286,23.));
#5751=CARTESIAN_POINT('Origin',(-4.25999260274695,-129.770004263846,4.5));
#5752=CARTESIAN_POINT('',(47.0089198226511,-87.7177787308391,4.5));
#5753=CARTESIAN_POINT('',(47.0089198226511,-86.1810922032285,4.5));
#5754=CARTESIAN_POINT('',(47.0089198226511,-152.314460294155,4.5));
#5755=CARTESIAN_POINT('',(46.0837895957602,-86.1810922032286,4.5));
#5756=CARTESIAN_POINT('',(22.1244636099521,-86.1810922032286,4.5));
#5757=CARTESIAN_POINT('Origin',(44.6043907567786,-88.1185545551776,4.5));
#5758=CARTESIAN_POINT('Origin',(-4.25999260274695,-129.770004263846,4.5));
#5759=CARTESIAN_POINT('',(-53.2675089405529,-86.1810922032286,4.5));
#5760=CARTESIAN_POINT('',(-55.528905028145,-90.4274204224738,4.5));
#5761=CARTESIAN_POINT('Origin',(-54.7469077795344,-88.1185545551776,4.5));
#5762=CARTESIAN_POINT('',(-55.528905028145,-168.502207224514,4.5));
#5763=CARTESIAN_POINT('',(-55.528905028145,-107.225548233537,4.5));
#5764=CARTESIAN_POINT('',(-55.528905028145,-173.119938959106,4.5));
#5765=CARTESIAN_POINT('Origin',(-54.7469077795344,-170.81107309181,4.5));
#5766=CARTESIAN_POINT('',(-55.528905028145,-173.358916324464,4.5));
#5767=CARTESIAN_POINT('',(-55.528905028145,-107.225548233537,4.5));
#5768=CARTESIAN_POINT('',(47.0089198226511,-173.358916324464,4.5));
#5769=CARTESIAN_POINT('',(-30.644448815446,-173.358916324464,4.5));
#5770=CARTESIAN_POINT('',(47.0089198226511,-171.625470378925,4.5));
#5771=CARTESIAN_POINT('',(47.0089198226511,-152.314460294155,4.5));
#5772=CARTESIAN_POINT('',(47.0089198226511,-169.996675804695,4.5));
#5773=CARTESIAN_POINT('Origin',(44.7112822644754,-170.81107309181,4.5));
#5774=CARTESIAN_POINT('',(47.0089198226511,-88.5193303795162,4.5));
#5775=CARTESIAN_POINT('',(47.0089198226511,-152.314460294155,4.5));
#5776=CARTESIAN_POINT('',(43.124991917797,-86.1810922032286,4.5));
#5777=CARTESIAN_POINT('Origin',(44.6043907567786,-88.1185545551776,4.5));
#5778=CARTESIAN_POINT('',(22.1244636099521,-86.1810922032286,4.5));
#5779=CARTESIAN_POINT('Origin',(-56.028905028145,-84.6810922032286,14.8524862330282));
#5780=CARTESIAN_POINT('',(-3.75999260274695,-83.6810922032286,14.8524862330282));
#5781=CARTESIAN_POINT('Origin',(48.5089198226511,-83.6810922032286,3.));
#5782=CARTESIAN_POINT('Origin',(48.5089198226511,-86.1810922032286,3.));
#5783=CARTESIAN_POINT('',(47.0089198226511,-86.1810922032285,3.));
#5784=CARTESIAN_POINT('',(46.0837895957601,-86.1810922032286,3.));
#5785=CARTESIAN_POINT('Origin',(47.0089198226511,-174.858916324464,3.));
#5786=CARTESIAN_POINT('',(47.0089198226511,-169.996675804695,3.));
#5787=CARTESIAN_POINT('',(47.0089198226511,-88.5193303795162,3.));
#5788=CARTESIAN_POINT('Origin',(-55.528905028145,-84.6810922032286,3.));
#5789=CARTESIAN_POINT('',(-55.528905028145,-90.4274204224738,3.));
#5790=CARTESIAN_POINT('',(-55.528905028145,-168.502207224514,3.));
#5791=CARTESIAN_POINT('Origin',(-54.7469077795344,-88.1185545551776,3.));
#5792=CARTESIAN_POINT('',(-53.2675089405529,-86.1810922032286,3.));
#5793=CARTESIAN_POINT('Origin',(48.5089198226511,-86.1810922032286,3.));
#5794=CARTESIAN_POINT('',(43.124991917797,-86.1810922032286,3.));
#5795=CARTESIAN_POINT('Origin',(44.6043907567786,-88.1185545551776,3.));
#5796=CARTESIAN_POINT('Origin',(47.5089198226511,-173.858916324464,3.));
#5797=CARTESIAN_POINT('Origin',(-54.7469077795344,-88.1185545551776,3.));
#5798=CARTESIAN_POINT('',(-54.0113577795344,-88.1185545551776,3.));
#5799=CARTESIAN_POINT('Origin',(44.7112822644754,-170.81107309181,3.));
#5800=CARTESIAN_POINT('',(45.4468322644754,-170.81107309181,3.));
#5801=CARTESIAN_POINT('Origin',(44.6043907567786,-88.1185545551776,3.));
#5802=CARTESIAN_POINT('',(45.3399407567786,-88.1185545551776,3.));
#5803=CARTESIAN_POINT('Origin',(-54.7469077795344,-170.81107309181,3.));
#5804=CARTESIAN_POINT('',(-54.0113577795344,-170.81107309181,3.));
#5805=CARTESIAN_POINT('Origin',(-54.7469077795344,-170.81107309181,3.));
#5806=CARTESIAN_POINT('',(-55.528905028145,-173.119938959106,3.));
#5807=CARTESIAN_POINT('Origin',(-55.528905028145,-84.6810922032286,3.));
#5808=CARTESIAN_POINT('',(-55.528905028145,-173.358916324464,3.));
#5809=CARTESIAN_POINT('Origin',(-57.028905028145,-173.358916324464,3.));
#5810=CARTESIAN_POINT('',(47.0089198226511,-173.358916324464,3.));
#5811=CARTESIAN_POINT('Origin',(47.0089198226511,-174.858916324464,3.));
#5812=CARTESIAN_POINT('',(47.0089198226511,-171.625470378925,3.));
#5813=CARTESIAN_POINT('Origin',(44.7112822644754,-170.81107309181,3.));
#5814=CARTESIAN_POINT('Origin',(44.6043907567786,-88.1185545551776,3.));
#5815=CARTESIAN_POINT('',(47.0089198226511,-87.7177787308391,3.));
#5816=CARTESIAN_POINT('Origin',(47.0089198226511,-174.858916324464,3.));
#5817=CARTESIAN_POINT('Origin',(48.5089198226511,-174.858916324464,3.));
#5818=CARTESIAN_POINT('Origin',(-141.020850440487,-170.329146061326,23.));
#5819=CARTESIAN_POINT('',(-141.020850440487,-170.22518659058,20.));
#5820=CARTESIAN_POINT('',(-141.020850440487,-89.2108624663667,20.));
#5821=CARTESIAN_POINT('',(-141.020850440487,-150.049575162586,20.));
#5822=CARTESIAN_POINT('',(-141.020850440487,-170.22518659058,23.));
#5823=CARTESIAN_POINT('',(-141.020850440487,-170.22518659058,20.));
#5824=CARTESIAN_POINT('',(-141.020850440487,-89.2108624663667,23.));
#5825=CARTESIAN_POINT('',(-141.020850440487,-150.049575162586,23.));
#5826=CARTESIAN_POINT('',(-141.020850440487,-89.2108624663667,23.));
#5827=CARTESIAN_POINT('Origin',(-237.499134765007,-89.2108624663667,23.));
#5828=CARTESIAN_POINT('',(-237.499134765007,-89.2108624663667,20.));
#5829=CARTESIAN_POINT('',(-237.499134765007,-170.329146061326,20.));
#5830=CARTESIAN_POINT('',(-237.499134765007,-109.490433365106,20.));
#5831=CARTESIAN_POINT('',(-237.499134765007,-89.2108624663667,23.));
#5832=CARTESIAN_POINT('',(-237.499134765007,-89.2108624663667,23.));
#5833=CARTESIAN_POINT('',(-237.499134765007,-170.329146061326,23.));
#5834=CARTESIAN_POINT('',(-237.499134765007,-109.490433365106,23.));
#5835=CARTESIAN_POINT('',(-237.499134765007,-170.329146061326,23.));
#5836=CARTESIAN_POINT('Origin',(-237.499134765007,-170.329146061326,23.));
#5837=CARTESIAN_POINT('',(-141.093098010823,-170.329146061326,20.));
#5838=CARTESIAN_POINT('',(-213.379563683877,-170.329146061326,20.));
#5839=CARTESIAN_POINT('',(-141.093098010823,-170.329146061326,23.));
#5840=CARTESIAN_POINT('',(-213.379563683877,-170.329146061326,23.));
#5841=CARTESIAN_POINT('',(-141.093098010823,-170.329146061326,20.));
#5842=CARTESIAN_POINT('Origin',(-141.020850440487,-89.2108624663667,23.));
#5843=CARTESIAN_POINT('',(-165.140421521617,-89.2108624663668,20.));
#5844=CARTESIAN_POINT('',(-165.140421521617,-89.2108624663668,23.));
#5845=CARTESIAN_POINT('Origin',(-189.259992602747,-129.770004263846,20.));
#5846=CARTESIAN_POINT('',(-240.828905028145,-85.8810922032285,20.));
#5847=CARTESIAN_POINT('',(-240.828905028145,-173.658916324464,20.));
#5848=CARTESIAN_POINT('',(-240.828905028145,-107.225548233537,20.));
#5849=CARTESIAN_POINT('',(-137.691080177349,-85.8810922032285,20.));
#5850=CARTESIAN_POINT('',(-162.875536390048,-85.8810922032285,20.));
#5851=CARTESIAN_POINT('',(-137.691080177349,-173.658916324464,20.));
#5852=CARTESIAN_POINT('',(-137.691080177349,-152.314460294155,20.));
#5853=CARTESIAN_POINT('',(-215.644448815446,-173.658916324464,20.));
#5854=CARTESIAN_POINT('',(-240.684607779534,-170.81107309181,20.));
#5855=CARTESIAN_POINT('Origin',(-239.746907779534,-170.81107309181,20.));
#5856=CARTESIAN_POINT('Origin',(-140.288717735525,-170.81107309181,20.));
#5857=CARTESIAN_POINT('',(-141.333309243221,-88.1185545551776,20.));
#5858=CARTESIAN_POINT('Origin',(-140.395609243221,-88.1185545551776,20.));
#5859=CARTESIAN_POINT('',(-240.684607779534,-88.1185545551776,20.));
#5860=CARTESIAN_POINT('Origin',(-239.746907779534,-88.1185545551776,20.));
#5861=CARTESIAN_POINT('Origin',(-240.828905028145,-107.225548233537,21.2));
#5862=CARTESIAN_POINT('',(-242.028905028145,-173.658916324464,21.2));
#5863=CARTESIAN_POINT('Origin',(-240.828905028145,-173.658916324464,21.2));
#5864=CARTESIAN_POINT('',(-242.028905028145,-85.8810922032285,21.2));
#5865=CARTESIAN_POINT('',(-242.028905028145,-107.225548233537,21.2));
#5866=CARTESIAN_POINT('Origin',(-240.828905028145,-85.8810922032285,21.2));
#5867=CARTESIAN_POINT('Origin',(-215.644448815446,-173.658916324464,21.2));
#5868=CARTESIAN_POINT('',(-137.691080177349,-174.858916324464,21.2));
#5869=CARTESIAN_POINT('Origin',(-137.691080177349,-173.658916324464,21.2));
#5870=CARTESIAN_POINT('',(-240.828905028145,-174.858916324464,21.2));
#5871=CARTESIAN_POINT('',(-215.644448815446,-174.858916324464,21.2));
#5872=CARTESIAN_POINT('Origin',(-240.828905028145,-173.658916324464,21.2));
#5873=CARTESIAN_POINT('Origin',(-240.828905028145,-173.658916324464,21.2));
#5874=CARTESIAN_POINT('Origin',(-240.828905028145,-173.658916324464,21.2));
#5875=CARTESIAN_POINT('Origin',(-137.691080177349,-152.314460294155,21.2));
#5876=CARTESIAN_POINT('',(-136.491080177349,-85.8810922032285,21.2));
#5877=CARTESIAN_POINT('Origin',(-137.691080177349,-85.8810922032285,21.2));
#5878=CARTESIAN_POINT('',(-136.491080177349,-173.658916324464,21.2));
#5879=CARTESIAN_POINT('',(-136.491080177349,-152.314460294155,21.2));
#5880=CARTESIAN_POINT('Origin',(-137.691080177349,-173.658916324464,21.2));
#5881=CARTESIAN_POINT('Origin',(-137.691080177349,-173.658916324464,21.2));
#5882=CARTESIAN_POINT('Origin',(-137.691080177349,-173.658916324464,21.2));
#5883=CARTESIAN_POINT('Origin',(-162.875536390048,-85.8810922032285,21.2));
#5884=CARTESIAN_POINT('',(-240.828905028145,-84.6810922032286,21.2));
#5885=CARTESIAN_POINT('Origin',(-240.828905028145,-85.8810922032285,21.2));
#5886=CARTESIAN_POINT('',(-137.691080177349,-84.6810922032286,21.2));
#5887=CARTESIAN_POINT('',(-162.875536390048,-84.6810922032286,21.2));
#5888=CARTESIAN_POINT('Origin',(-137.691080177349,-85.8810922032285,21.2));
#5889=CARTESIAN_POINT('Origin',(-137.691080177349,-85.8810922032285,21.2));
#5890=CARTESIAN_POINT('Origin',(-137.691080177349,-85.8810922032285,21.2));
#5891=CARTESIAN_POINT('Origin',(-240.828905028145,-85.8810922032285,21.2));
#5892=CARTESIAN_POINT('Origin',(-240.828905028145,-85.8810922032285,21.2));
#5893=CARTESIAN_POINT('Origin',(-137.691080177349,-173.658916324464,20.));
#5894=CARTESIAN_POINT('',(-136.491080177349,-173.658916324464,21.8));
#5895=CARTESIAN_POINT('',(-136.491080177349,-173.658916324464,20.));
#5896=CARTESIAN_POINT('',(-137.691080177349,-174.858916324464,21.8));
#5897=CARTESIAN_POINT('Origin',(-137.691080177349,-173.658916324464,21.8));
#5898=CARTESIAN_POINT('',(-137.691080177349,-174.858916324464,20.));
#5899=CARTESIAN_POINT('Origin',(-136.491080177349,-174.858916324464,20.));
#5900=CARTESIAN_POINT('',(-136.491080177349,-85.8810922032285,21.8));
#5901=CARTESIAN_POINT('',(-136.491080177349,-85.8810922032285,20.));
#5902=CARTESIAN_POINT('',(-136.491080177349,-152.314460294155,21.8));
#5903=CARTESIAN_POINT('Origin',(-137.691080177349,-85.8810922032285,20.));
#5904=CARTESIAN_POINT('',(-137.691080177349,-84.6810922032286,21.8));
#5905=CARTESIAN_POINT('',(-137.691080177349,-84.6810922032286,20.));
#5906=CARTESIAN_POINT('Origin',(-137.691080177349,-85.8810922032285,21.8));
#5907=CARTESIAN_POINT('Origin',(-136.491080177349,-84.6810922032286,20.));
#5908=CARTESIAN_POINT('',(-240.828905028145,-84.6810922032286,21.8));
#5909=CARTESIAN_POINT('',(-240.828905028145,-84.6810922032286,20.));
#5910=CARTESIAN_POINT('',(-162.875536390048,-84.6810922032286,21.8));
#5911=CARTESIAN_POINT('Origin',(-137.691080177349,-152.314460294155,21.8));
#5912=CARTESIAN_POINT('',(-137.691080177349,-173.658916324464,23.));
#5913=CARTESIAN_POINT('Origin',(-137.691080177349,-173.658916324464,21.8));
#5914=CARTESIAN_POINT('',(-137.691080177349,-85.8810922032285,23.));
#5915=CARTESIAN_POINT('Origin',(-137.691080177349,-85.8810922032285,21.8));
#5916=CARTESIAN_POINT('',(-137.691080177349,-152.314460294155,23.));
#5917=CARTESIAN_POINT('Origin',(-137.691080177349,-173.658916324464,21.8));
#5918=CARTESIAN_POINT('Origin',(-137.691080177349,-173.658916324464,21.8));
#5919=CARTESIAN_POINT('Origin',(-137.691080177349,-85.8810922032285,21.8));
#5920=CARTESIAN_POINT('Origin',(-137.691080177349,-85.8810922032285,21.8));
#5921=CARTESIAN_POINT('Origin',(-215.644448815446,-173.658916324464,21.8));
#5922=CARTESIAN_POINT('',(-240.828905028145,-173.658916324464,23.));
#5923=CARTESIAN_POINT('',(-215.644448815446,-173.658916324464,23.));
#5924=CARTESIAN_POINT('',(-240.828905028145,-174.858916324464,21.8));
#5925=CARTESIAN_POINT('Origin',(-240.828905028145,-173.658916324464,21.8));
#5926=CARTESIAN_POINT('',(-215.644448815446,-174.858916324464,21.8));
#5927=CARTESIAN_POINT('Origin',(-189.259992602747,-129.770004263846,23.));
#5928=CARTESIAN_POINT('',(-240.828905028145,-85.8810922032285,23.));
#5929=CARTESIAN_POINT('',(-162.875536390048,-85.8810922032285,23.));
#5930=CARTESIAN_POINT('',(-240.828905028145,-107.225548233537,23.));
#5931=CARTESIAN_POINT('Origin',(-140.288717735525,-170.81107309181,23.));
#5932=CARTESIAN_POINT('',(-240.684607779534,-88.1185545551776,23.));
#5933=CARTESIAN_POINT('Origin',(-239.746907779534,-88.1185545551776,23.));
#5934=CARTESIAN_POINT('',(-141.333309243221,-88.1185545551776,23.));
#5935=CARTESIAN_POINT('Origin',(-140.395609243221,-88.1185545551776,23.));
#5936=CARTESIAN_POINT('',(-240.684607779534,-170.81107309181,23.));
#5937=CARTESIAN_POINT('Origin',(-239.746907779534,-170.81107309181,23.));
#5938=CARTESIAN_POINT('Origin',(-162.875536390048,-85.8810922032285,21.8));
#5939=CARTESIAN_POINT('Origin',(-240.828905028145,-85.8810922032285,21.8));
#5940=CARTESIAN_POINT('Origin',(-240.828905028145,-173.658916324464,20.));
#5941=CARTESIAN_POINT('',(-240.828905028145,-174.858916324464,20.));
#5942=CARTESIAN_POINT('',(-242.028905028145,-173.658916324464,21.8));
#5943=CARTESIAN_POINT('Origin',(-240.828905028145,-173.658916324464,21.8));
#5944=CARTESIAN_POINT('',(-242.028905028145,-173.658916324464,20.));
#5945=CARTESIAN_POINT('Origin',(-240.828905028145,-173.658916324464,21.8));
#5946=CARTESIAN_POINT('Origin',(-240.828905028145,-173.658916324464,21.8));
#5947=CARTESIAN_POINT('Origin',(-242.028905028145,-84.6810922032286,20.));
#5948=CARTESIAN_POINT('',(-242.028905028145,-85.8810922032285,21.8));
#5949=CARTESIAN_POINT('',(-242.028905028145,-107.225548233537,21.8));
#5950=CARTESIAN_POINT('',(-242.028905028145,-85.8810922032285,20.));
#5951=CARTESIAN_POINT('Origin',(-240.828905028145,-107.225548233537,21.8));
#5952=CARTESIAN_POINT('Origin',(-240.828905028145,-85.8810922032285,21.8));
#5953=CARTESIAN_POINT('Origin',(-240.828905028145,-85.8810922032285,20.));
#5954=CARTESIAN_POINT('Origin',(-240.828905028145,-85.8810922032285,21.8));
#5955=CARTESIAN_POINT('Origin',(-240.828905028145,-85.8810922032285,21.8));
#5956=CARTESIAN_POINT('Origin',(-239.746907779534,-170.81107309181,20.));
#5957=CARTESIAN_POINT('',(-240.684607779534,-170.81107309181,20.));
#5958=CARTESIAN_POINT('Origin',(-140.288717735525,-170.81107309181,20.));
#5959=CARTESIAN_POINT('Origin',(-140.395609243221,-88.1185545551776,20.));
#5960=CARTESIAN_POINT('',(-141.333309243221,-88.1185545551776,20.));
#5961=CARTESIAN_POINT('Origin',(-239.746907779534,-88.1185545551776,20.));
#5962=CARTESIAN_POINT('',(-240.684607779534,-88.1185545551776,20.));
#5963=CARTESIAN_POINT('Origin',(-242.028905028145,-174.858916324464,20.));
#5964=CARTESIAN_POINT('',(187.475,-107.365,1.595));
#5965=CARTESIAN_POINT('',(178.055,-94.795,1.595));
#5966=CARTESIAN_POINT('',(179.435,-122.035,1.595));
#5967=CARTESIAN_POINT('',(0.,0.,0.));
#5968=CARTESIAN_POINT('',(0.,0.,0.));
#5969=CARTESIAN_POINT('',(-140.395609243221,-88.1185545551776,23.));
#5970=CARTESIAN_POINT('',(-239.746907779534,-88.1185545551776,23.));
#5971=CARTESIAN_POINT('',(-239.746907779534,-170.81107309181,23.));
#5972=CARTESIAN_POINT('',(-140.288717735525,-170.81107309181,23.));
#5973=UNCERTAINTY_MEASURE_WITH_UNIT(LENGTH_MEASURE(0.01),#5987,
'DISTANCE_ACCURACY_VALUE',
'Maximum model space distance between geometric entities at asserted c
onnectivities');
#5974=UNCERTAINTY_MEASURE_WITH_UNIT(LENGTH_MEASURE(0.01),#5987,
'DISTANCE_ACCURACY_VALUE',
'Maximum model space distance between geometric entities at asserted c
onnectivities');
#5975=UNCERTAINTY_MEASURE_WITH_UNIT(LENGTH_MEASURE(0.01),#5987,
'DISTANCE_ACCURACY_VALUE',
'Maximum model space distance between geometric entities at asserted c
onnectivities');
#5976=UNCERTAINTY_MEASURE_WITH_UNIT(LENGTH_MEASURE(0.01),#5987,
'DISTANCE_ACCURACY_VALUE',
'Maximum model space distance between geometric entities at asserted c
onnectivities');
#5977=UNCERTAINTY_MEASURE_WITH_UNIT(LENGTH_MEASURE(0.01),#5987,
'DISTANCE_ACCURACY_VALUE',
'Maximum model space distance between geometric entities at asserted c
onnectivities');
#5978=UNCERTAINTY_MEASURE_WITH_UNIT(LENGTH_MEASURE(0.01),#5987,
'DISTANCE_ACCURACY_VALUE',
'Maximum model space distance between geometric entities at asserted c
onnectivities');
#5979=UNCERTAINTY_MEASURE_WITH_UNIT(LENGTH_MEASURE(0.01),#5987,
'DISTANCE_ACCURACY_VALUE',
'Maximum model space distance between geometric entities at asserted c
onnectivities');
#5980=(
GEOMETRIC_REPRESENTATION_CONTEXT(3)
GLOBAL_UNCERTAINTY_ASSIGNED_CONTEXT((#5973))
GLOBAL_UNIT_ASSIGNED_CONTEXT((#5987,#5989,#5990))
REPRESENTATION_CONTEXT('','3D')
);
#5981=(
GEOMETRIC_REPRESENTATION_CONTEXT(3)
GLOBAL_UNCERTAINTY_ASSIGNED_CONTEXT((#5974))
GLOBAL_UNIT_ASSIGNED_CONTEXT((#5987,#5989,#5990))
REPRESENTATION_CONTEXT('','3D')
);
#5982=(
GEOMETRIC_REPRESENTATION_CONTEXT(3)
GLOBAL_UNCERTAINTY_ASSIGNED_CONTEXT((#5975))
GLOBAL_UNIT_ASSIGNED_CONTEXT((#5987,#5989,#5990))
REPRESENTATION_CONTEXT('','3D')
);
#5983=(
GEOMETRIC_REPRESENTATION_CONTEXT(3)
GLOBAL_UNCERTAINTY_ASSIGNED_CONTEXT((#5976))
GLOBAL_UNIT_ASSIGNED_CONTEXT((#5987,#5989,#5990))
REPRESENTATION_CONTEXT('','3D')
);
#5984=(
GEOMETRIC_REPRESENTATION_CONTEXT(3)
GLOBAL_UNCERTAINTY_ASSIGNED_CONTEXT((#5977))
GLOBAL_UNIT_ASSIGNED_CONTEXT((#5987,#5989,#5990))
REPRESENTATION_CONTEXT('','3D')
);
#5985=(
GEOMETRIC_REPRESENTATION_CONTEXT(3)
GLOBAL_UNCERTAINTY_ASSIGNED_CONTEXT((#5978))
GLOBAL_UNIT_ASSIGNED_CONTEXT((#5987,#5989,#5990))
REPRESENTATION_CONTEXT('','3D')
);
#5986=(
GEOMETRIC_REPRESENTATION_CONTEXT(3)
GLOBAL_UNCERTAINTY_ASSIGNED_CONTEXT((#5979))
GLOBAL_UNIT_ASSIGNED_CONTEXT((#5987,#5989,#5990))
REPRESENTATION_CONTEXT('','3D')
);
#5987=(
LENGTH_UNIT()
NAMED_UNIT(*)
SI_UNIT(.MILLI.,.METRE.)
);
#5988=(
LENGTH_UNIT()
NAMED_UNIT(*)
SI_UNIT($,.METRE.)
);
#5989=(
NAMED_UNIT(*)
PLANE_ANGLE_UNIT()
SI_UNIT($,.RADIAN.)
);
#5990=(
NAMED_UNIT(*)
SI_UNIT($,.STERADIAN.)
SOLID_ANGLE_UNIT()
);
#5991=SHAPE_DEFINITION_REPRESENTATION(#5997,#6012);
#5992=SHAPE_DEFINITION_REPRESENTATION(#5998,#6013);
#5993=SHAPE_DEFINITION_REPRESENTATION(#5999,#6014);
#5994=SHAPE_DEFINITION_REPRESENTATION(#6000,#6015);
#5995=SHAPE_DEFINITION_REPRESENTATION(#6001,#6016);
#5996=SHAPE_DEFINITION_REPRESENTATION(#6002,#6017);
#5997=PRODUCT_DEFINITION_SHAPE('',$,#6019);
#5998=PRODUCT_DEFINITION_SHAPE('',$,#6020);
#5999=PRODUCT_DEFINITION_SHAPE('',$,#6021);
#6000=PRODUCT_DEFINITION_SHAPE('',$,#6022);
#6001=PRODUCT_DEFINITION_SHAPE('',$,#6023);
#6002=PRODUCT_DEFINITION_SHAPE('',$,#6024);
#6003=PRODUCT_DEFINITION_SHAPE($,$,#38);
#6004=PRODUCT_DEFINITION_SHAPE($,$,#39);
#6005=PRODUCT_DEFINITION_SHAPE($,$,#40);
#6006=PRODUCT_DEFINITION_SHAPE($,$,#41);
#6007=PRODUCT_DEFINITION_SHAPE($,$,#42);
#6008=PRODUCT_DEFINITION_SHAPE($,$,#43);
#6009=PRODUCT_DEFINITION_SHAPE($,$,#44);
#6010=PRODUCT_DEFINITION_SHAPE($,$,#45);
#6011=PRODUCT_DEFINITION_SHAPE($,$,#46);
#6012=SHAPE_REPRESENTATION('',(#3422,#3756,#3757,#3758,#3759,#3760,#3761,
#3762,#3763,#3764),#5980);
#6013=SHAPE_REPRESENTATION('',(#3423),#5981);
#6014=SHAPE_REPRESENTATION('',(#3424),#5982);
#6015=SHAPE_REPRESENTATION('',(#3425),#5983);
#6016=SHAPE_REPRESENTATION('',(#3426),#5984);
#6017=SHAPE_REPRESENTATION('',(#3506),#5985);
#6018=PRODUCT_DEFINITION_CONTEXT('part definition',#6038,'design');
#6019=PRODUCT_DEFINITION('HackPad 1','HackPad v10',#6025,#6018);
#6020=PRODUCT_DEFINITION('PinHeader_1x06_P2.54mm_Vertical',
'PinHeader_1x06_P2.54mm_Vertical',#6026,#6018);
#6021=PRODUCT_DEFINITION('FanPinHeader_1x03_P2.54mm_Vertical',
'FanPinHeader_1x03_P2.54mm_Vertical',#6027,#6018);
#6022=PRODUCT_DEFINITION('HackPad pt2_PCB','HackPad pt2_PCB',#6028,#6018);
#6023=PRODUCT_DEFINITION('Component4','Component4',#6029,#6018);
#6024=PRODUCT_DEFINITION('PN-EN ISO 7380-2 - M3 x 20 Steel 4.6 Plain',
'Hexagon Socket Button Head Screw With Collar PN-EN ISO 7380-2 - M3 x 
20 Steel 4.6 Plain v1',#6030,#6018);
#6025=PRODUCT_DEFINITION_FORMATION('',$,#6040);
#6026=PRODUCT_DEFINITION_FORMATION('',$,#6041);
#6027=PRODUCT_DEFINITION_FORMATION('',$,#6042);
#6028=PRODUCT_DEFINITION_FORMATION('',$,#6043);
#6029=PRODUCT_DEFINITION_FORMATION('',$,#6044);
#6030=PRODUCT_DEFINITION_FORMATION('',$,#6045);
#6031=PRODUCT_RELATED_PRODUCT_CATEGORY('HackPad v10','HackPad v10',(#6040));
#6032=PRODUCT_RELATED_PRODUCT_CATEGORY(
'PinHeader_1x06_P2.54mm_Vertical','PinHeader_1x06_P2.54mm_Vertical',(#6041));
#6033=PRODUCT_RELATED_PRODUCT_CATEGORY(
'FanPinHeader_1x03_P2.54mm_Vertical',
'FanPinHeader_1x03_P2.54mm_Vertical',(#6042));
#6034=PRODUCT_RELATED_PRODUCT_CATEGORY('HackPad pt2_PCB',
'HackPad pt2_PCB',(#6043));
#6035=PRODUCT_RELATED_PRODUCT_CATEGORY('Component4','Component4',(#6044));
#6036=PRODUCT_RELATED_PRODUCT_CATEGORY(
'Hexagon Socket Button Head Screw With Collar PN-EN ISO 7380-2 - M3 x 
20 Steel 4.6 Plain v1',
'Hexagon Socket Button Head Screw With Collar PN-EN ISO 7380-2 - M3 x 
20 Steel 4.6 Plain v1',(#6045));
#6037=APPLICATION_PROTOCOL_DEFINITION('international standard',
'automotive_design',2009,#6038);
#6038=APPLICATION_CONTEXT(
'Core Data for Automotive Mechanical Design Process');
#6039=PRODUCT_CONTEXT('part definition',#6038,'mechanical');
#6040=PRODUCT('HackPad 1','HackPad v10','KiCad electronic assembly',(#6039));
#6041=PRODUCT('PinHeader_1x06_P2.54mm_Vertical',
'PinHeader_1x06_P2.54mm_Vertical',$,(#6039));
#6042=PRODUCT('FanPinHeader_1x03_P2.54mm_Vertical',
'FanPinHeader_1x03_P2.54mm_Vertical',$,(#6039));
#6043=PRODUCT('HackPad pt2_PCB','HackPad pt2_PCB',$,(#6039));
#6044=PRODUCT('Component4','Component4',$,(#6039));
#6045=PRODUCT('PN-EN ISO 7380-2 - M3 x 20 Steel 4.6 Plain',
'Hexagon Socket Button Head Screw With Collar PN-EN ISO 7380-2 - M3 x 
20 Steel 4.6 Plain v1',
'Hexagon Socket Button Head Screw With Collar PN-EN ISO 7380-2 - M3 x 
20',(#6039));
#6046=PRESENTATION_STYLE_ASSIGNMENT((#6048));
#6047=PRESENTATION_STYLE_ASSIGNMENT((#6049));
#6048=SURFACE_STYLE_USAGE(.BOTH.,#6050);
#6049=SURFACE_STYLE_USAGE(.BOTH.,#6051);
#6050=SURFACE_SIDE_STYLE('',(#6052));
#6051=SURFACE_SIDE_STYLE('',(#6053));
#6052=SURFACE_STYLE_FILL_AREA(#6054);
#6053=SURFACE_STYLE_FILL_AREA(#6055);
#6054=FILL_AREA_STYLE(
'PA 12 - PA 2200 - 120\X\B5m - Balance (with EOS 3D printers)',(#6056));
#6055=FILL_AREA_STYLE('Paek (Beige)',(#6057));
#6056=FILL_AREA_STYLE_COLOUR(
'PA 12 - PA 2200 - 120\X\B5m - Balance (with EOS 3D printers)',#6058);
#6057=FILL_AREA_STYLE_COLOUR('Paek (Beige)',#6059);
#6058=COLOUR_RGB(
'PA 12 - PA 2200 - 120\X\B5m - Balance (with EOS 3D printers)',0.964705882352941,
0.964705882352941,0.952941176470588);
#6059=COLOUR_RGB('Paek (Beige)',0.898039215686275,0.792156862745098,0.619607843137255);
ENDSEC;
END-ISO-10303-21;
