ISO-10303-21;
HEADER;
/* Generated by software containing ST-Developer
 * from STEP Tools, Inc. (www.steptools.com) 
 */

FILE_DESCRIPTION(
/* description */ ('KiCad electronic assembly'),
/* implementation_level */ '2;1');

FILE_NAME(
/* name */ 'HackPad.step',
/* time_stamp */ '2026-08-02T22:11:32-04:00',
/* author */ (''),
/* organization */ (''),
/* preprocessor_version */ 'ST-DEVELOPER v20.1',
/* originating_system */ 'Autodesk Translation Framework v15.8.0.0',
/* authorisation */ '');

FILE_SCHEMA (('AUTOMOTIVE_DESIGN { 1 0 10303 214 3 1 1 }'));
ENDSEC;

DATA;
#10=MECHANICAL_DESIGN_GEOMETRIC_PRESENTATION_REPRESENTATION('',(#78,#79,
#80,#81,#82),#6209);
#11=ITEM_DEFINED_TRANSFORMATION($,$,#3562,#3904);
#12=ITEM_DEFINED_TRANSFORMATION($,$,#3562,#3905);
#13=ITEM_DEFINED_TRANSFORMATION($,$,#3563,#3906);
#14=ITEM_DEFINED_TRANSFORMATION($,$,#3564,#3907);
#15=ITEM_DEFINED_TRANSFORMATION($,$,#3565,#3908);
#16=ITEM_DEFINED_TRANSFORMATION($,$,#3645,#3909);
#17=ITEM_DEFINED_TRANSFORMATION($,$,#3645,#3910);
#18=ITEM_DEFINED_TRANSFORMATION($,$,#3645,#3911);
#19=ITEM_DEFINED_TRANSFORMATION($,$,#3645,#3912);
#20=(
REPRESENTATION_RELATIONSHIP($,$,#6236,#6235)
REPRESENTATION_RELATIONSHIP_WITH_TRANSFORMATION(#11)
SHAPE_REPRESENTATION_RELATIONSHIP()
);
#21=(
REPRESENTATION_RELATIONSHIP($,$,#6236,#6235)
REPRESENTATION_RELATIONSHIP_WITH_TRANSFORMATION(#12)
SHAPE_REPRESENTATION_RELATIONSHIP()
);
#22=(
REPRESENTATION_RELATIONSHIP($,$,#6237,#6235)
REPRESENTATION_RELATIONSHIP_WITH_TRANSFORMATION(#13)
SHAPE_REPRESENTATION_RELATIONSHIP()
);
#23=(
REPRESENTATION_RELATIONSHIP($,$,#6238,#6235)
REPRESENTATION_RELATIONSHIP_WITH_TRANSFORMATION(#14)
SHAPE_REPRESENTATION_RELATIONSHIP()
);
#24=(
REPRESENTATION_RELATIONSHIP($,$,#6239,#6235)
REPRESENTATION_RELATIONSHIP_WITH_TRANSFORMATION(#15)
SHAPE_REPRESENTATION_RELATIONSHIP()
);
#25=(
REPRESENTATION_RELATIONSHIP($,$,#6240,#6235)
REPRESENTATION_RELATIONSHIP_WITH_TRANSFORMATION(#16)
SHAPE_REPRESENTATION_RELATIONSHIP()
);
#26=(
REPRESENTATION_RELATIONSHIP($,$,#6240,#6235)
REPRESENTATION_RELATIONSHIP_WITH_TRANSFORMATION(#17)
SHAPE_REPRESENTATION_RELATIONSHIP()
);
#27=(
REPRESENTATION_RELATIONSHIP($,$,#6240,#6235)
REPRESENTATION_RELATIONSHIP_WITH_TRANSFORMATION(#18)
SHAPE_REPRESENTATION_RELATIONSHIP()
);
#28=(
REPRESENTATION_RELATIONSHIP($,$,#6240,#6235)
REPRESENTATION_RELATIONSHIP_WITH_TRANSFORMATION(#19)
SHAPE_REPRESENTATION_RELATIONSHIP()
);
#29=CONTEXT_DEPENDENT_SHAPE_REPRESENTATION(#20,#6226);
#30=CONTEXT_DEPENDENT_SHAPE_REPRESENTATION(#21,#6227);
#31=CONTEXT_DEPENDENT_SHAPE_REPRESENTATION(#22,#6228);
#32=CONTEXT_DEPENDENT_SHAPE_REPRESENTATION(#23,#6229);
#33=CONTEXT_DEPENDENT_SHAPE_REPRESENTATION(#24,#6230);
#34=CONTEXT_DEPENDENT_SHAPE_REPRESENTATION(#25,#6231);
#35=CONTEXT_DEPENDENT_SHAPE_REPRESENTATION(#26,#6232);
#36=CONTEXT_DEPENDENT_SHAPE_REPRESENTATION(#27,#6233);
#37=CONTEXT_DEPENDENT_SHAPE_REPRESENTATION(#28,#6234);
#38=NEXT_ASSEMBLY_USAGE_OCCURRENCE('PinHeader_1x06_P2.54mm_Vertical:1',
'PinHeader_1x06_P2.54mm_Vertical:1','PinHeader_1x06_P2.54mm_Vertical:1',
#6242,#6243,'PinHeader_1x06_P2.54mm_Vertical:1');
#39=NEXT_ASSEMBLY_USAGE_OCCURRENCE('PinHeader_1x06_P2.54mm_Vertical:2',
'PinHeader_1x06_P2.54mm_Vertical:2','PinHeader_1x06_P2.54mm_Vertical:2',
#6242,#6243,'PinHeader_1x06_P2.54mm_Vertical:2');
#40=NEXT_ASSEMBLY_USAGE_OCCURRENCE(
'FanPinHeader_1x03_P2.54mm_Vertical:1',
'FanPinHeader_1x03_P2.54mm_Vertical:1',
'FanPinHeader_1x03_P2.54mm_Vertical:1',#6242,#6244,
'FanPinHeader_1x03_P2.54mm_Vertical:1');
#41=NEXT_ASSEMBLY_USAGE_OCCURRENCE('HackPad pt2_PCB:1',
'HackPad pt2_PCB:1','HackPad pt2_PCB:1',#6242,#6245,'HackPad pt2_PCB:1');
#42=NEXT_ASSEMBLY_USAGE_OCCURRENCE('Component4:1','Component4:1',
'Component4:1',#6242,#6246,'Component4:1');
#43=NEXT_ASSEMBLY_USAGE_OCCURRENCE(
'Hexagon Socket Button Head Screw With Collar PN-EN ISO 7380-2 - M3 x 
20 Steel 4.6 Plain v1:1',
'Hexagon Socket Button Head Screw With Collar PN-EN ISO 7380-2 - M3 x 
20 Steel 4.6 Plain v1:1',
'Hexagon Socket Button Head Screw With Collar PN-EN ISO 7380-2 - M3 x 
20 Steel 4.6 Plain v1:1',#6242,#6247,
'Hexagon Socket Button Head Screw With Collar PN-EN ISO 7380-2 - M3 x 
20 Steel 4.6 Plain v1:1');
#44=NEXT_ASSEMBLY_USAGE_OCCURRENCE(
'Hexagon Socket Button Head Screw With Collar PN-EN ISO 7380-2 - M3 x 
20 Steel 4.6 Plain v1:2',
'Hexagon Socket Button Head Screw With Collar PN-EN ISO 7380-2 - M3 x 
20 Steel 4.6 Plain v1:2',
'Hexagon Socket Button Head Screw With Collar PN-EN ISO 7380-2 - M3 x 
20 Steel 4.6 Plain v1:2',#6242,#6247,
'Hexagon Socket Button Head Screw With Collar PN-EN ISO 7380-2 - M3 x 
20 Steel 4.6 Plain v1:2');
#45=NEXT_ASSEMBLY_USAGE_OCCURRENCE(
'Hexagon Socket Button Head Screw With Collar PN-EN ISO 7380-2 - M3 x 
20 Steel 4.6 Plain v1:3',
'Hexagon Socket Button Head Screw With Collar PN-EN ISO 7380-2 - M3 x 
20 Steel 4.6 Plain v1:3',
'Hexagon Socket Button Head Screw With Collar PN-EN ISO 7380-2 - M3 x 
20 Steel 4.6 Plain v1:3',#6242,#6247,
'Hexagon Socket Button Head Screw With Collar PN-EN ISO 7380-2 - M3 x 
20 Steel 4.6 Plain v1:3');
#46=NEXT_ASSEMBLY_USAGE_OCCURRENCE(
'Hexagon Socket Button Head Screw With Collar PN-EN ISO 7380-2 - M3 x 
20 Steel 4.6 Plain v1:4',
'Hexagon Socket Button Head Screw With Collar PN-EN ISO 7380-2 - M3 x 
20 Steel 4.6 Plain v1:4',
'Hexagon Socket Button Head Screw With Collar PN-EN ISO 7380-2 - M3 x 
20 Steel 4.6 Plain v1:4',#6242,#6247,
'Hexagon Socket Button Head Screw With Collar PN-EN ISO 7380-2 - M3 x 
20 Steel 4.6 Plain v1:4');
#47=B_SPLINE_SURFACE_WITH_KNOTS('',3,3,((#5488,#5489,#5490,#5491),(#5492,
#5493,#5494,#5495),(#5496,#5497,#5498,#5499),(#5500,#5501,#5502,#5503)),
 .UNSPECIFIED.,.F.,.F.,.F.,(4,4),(4,4),(0.,1.26506402098256),(-6.27261432812088E-15,
1.),.UNSPECIFIED.);
#48=B_SPLINE_SURFACE_WITH_KNOTS('',3,3,((#5527,#5528,#5529,#5530),(#5531,
#5532,#5533,#5534),(#5535,#5536,#5537,#5538),(#5539,#5540,#5541,#5542)),
 .UNSPECIFIED.,.F.,.F.,.F.,(4,4),(4,4),(-0.263736883005016,1.00000000000004),
(-3.55271689158056E-14,1.),.UNSPECIFIED.);
#49=B_SPLINE_SURFACE_WITH_KNOTS('',3,3,((#5632,#5633,#5634,#5635),(#5636,
#5637,#5638,#5639),(#5640,#5641,#5642,#5643),(#5644,#5645,#5646,#5647)),
 .UNSPECIFIED.,.F.,.F.,.F.,(4,4),(4,4),(0.,1.25153577067771),(-1.28571006010125E-17,
1.),.UNSPECIFIED.);
#50=B_SPLINE_SURFACE_WITH_KNOTS('',3,3,((#5664,#5665,#5666,#5667),(#5668,
#5669,#5670,#5671),(#5672,#5673,#5674,#5675),(#5676,#5677,#5678,#5679)),
 .UNSPECIFIED.,.F.,.F.,.F.,(4,4),(4,4),(-0.251535770675788,1.00000000000001),
(-1.21254078516317E-14,1.),.UNSPECIFIED.);
#51=B_SPLINE_SURFACE_WITH_KNOTS('',3,3,((#5746,#5747,#5748,#5749),(#5750,
#5751,#5752,#5753),(#5754,#5755,#5756,#5757),(#5758,#5759,#5760,#5761)),
 .UNSPECIFIED.,.F.,.F.,.F.,(4,4),(4,4),(0.,1.25153583507632),(-4.33287177952791E-16,
1.),.UNSPECIFIED.);
#52=B_SPLINE_SURFACE_WITH_KNOTS('',3,3,((#5778,#5779,#5780,#5781),(#5782,
#5783,#5784,#5785),(#5786,#5787,#5788,#5789),(#5790,#5791,#5792,#5793)),
 .UNSPECIFIED.,.F.,.F.,.F.,(4,4),(4,4),(-0.251535792784133,1.00000000000002),
(0.,1.00000000000002),.UNSPECIFIED.);
#53=B_SPLINE_SURFACE_WITH_KNOTS('',3,3,((#5833,#5834,#5835,#5836),(#5837,
#5838,#5839,#5840),(#5841,#5842,#5843,#5844),(#5845,#5846,#5847,#5848)),
 .UNSPECIFIED.,.F.,.F.,.F.,(4,4),(4,4),(-0.269208415359764,1.),(-1.24720420796587E-9,
1.00000000000702),.UNSPECIFIED.);
#54=B_SPLINE_CURVE_WITH_KNOTS('',3,(#5432,#5433,#5434,#5435,#5436,#5437,
#5438,#5439,#5440,#5441),.UNSPECIFIED.,.F.,.F.,(4,2,2,2,4),(-0.270950692172292,
-0.254640363127347,-0.14124432624417,-0.0501990236979399,-9.49294770124389E-6),
 .UNSPECIFIED.);
#55=B_SPLINE_CURVE_WITH_KNOTS('',3,(#5448,#5449,#5450,#5451,#5452,#5453,
#5454,#5455,#5456,#5457),.UNSPECIFIED.,.F.,.F.,(4,2,2,2,4),(-0.270956418327946,
-0.25398505744092,-0.14084980657829,-0.0493746234759702,-2.34111767947169E-5),
 .UNSPECIFIED.);
#56=B_SPLINE_CURVE_WITH_KNOTS('',3,(#5507,#5508,#5509,#5510,#5511,#5512,
#5513,#5514,#5515,#5516,#5517,#5518,#5519,#5520,#5521,#5522),
 .UNSPECIFIED.,.F.,.F.,(4,2,2,2,2,2,2,4),(0.00285109480781593,0.0317301067342439,
0.0619749881192728,0.077920951038803,0.0923892672034445,0.116035472661022,
0.141574052370869,0.160146644902467),.UNSPECIFIED.);
#57=B_SPLINE_CURVE_WITH_KNOTS('',3,(#5523,#5524,#5525,#5526),
 .UNSPECIFIED.,.F.,.F.,(4,4),(0.,0.0028706092791048),.UNSPECIFIED.);
#58=B_SPLINE_CURVE_WITH_KNOTS('',3,(#5544,#5545,#5546,#5547),
 .UNSPECIFIED.,.F.,.F.,(4,4),(0.0469480438493618,0.0497420104459532),
 .UNSPECIFIED.);
#59=B_SPLINE_CURVE_WITH_KNOTS('',3,(#5549,#5550,#5551,#5552,#5553,#5554,
#5555,#5556,#5557,#5558,#5559,#5560,#5561,#5562,#5563,#5564),
 .UNSPECIFIED.,.F.,.F.,(4,2,2,2,2,2,2,4),(0.,0.0311069501464001,0.0611439031506603,
0.0770619745559247,0.0915417808461976,0.115281290089331,0.141143082174977,
0.157289507912765),.UNSPECIFIED.);
#60=B_SPLINE_CURVE_WITH_KNOTS('',3,(#5595,#5596,#5597,#5598,#5599,#5600,
#5601,#5602,#5603,#5604),.UNSPECIFIED.,.F.,.F.,(4,2,2,2,4),(-0.267928755518121,
-0.259051153079154,-0.140885300471284,-0.04952984926985,-1.16656031891131E-5),
 .UNSPECIFIED.);
#61=B_SPLINE_CURVE_WITH_KNOTS('',3,(#5611,#5612,#5613,#5614,#5615,#5616,
#5617,#5618,#5619,#5620),.UNSPECIFIED.,.F.,.F.,(4,2,2,2,4),(-0.267928755450339,
-0.259051153009633,-0.140885300449819,-0.0495298492546718,-1.16656049743747E-5),
 .UNSPECIFIED.);
#62=B_SPLINE_CURVE_WITH_KNOTS('',3,(#5650,#5651,#5652,#5653,#5654,#5655,
#5656,#5657,#5658,#5659,#5660,#5661,#5662,#5663),.UNSPECIFIED.,.F.,.F.,
(4,2,2,2,2,2,4),(0.,0.0310161216651641,0.0606311809857097,0.0766731879969575,
0.0915768272860585,0.117717645611369,0.157375712671091),.UNSPECIFIED.);
#63=B_SPLINE_CURVE_WITH_KNOTS('',3,(#5681,#5682,#5683,#5684,#5685,#5686,
#5687,#5688,#5689,#5690,#5691,#5692,#5693,#5694),.UNSPECIFIED.,.F.,.F.,
(4,2,2,2,2,2,4),(0.,0.0310161216367904,0.0606311809615348,0.0766731879778851,
0.0915768272718206,0.117717645602847,0.157375712622338),.UNSPECIFIED.);
#64=B_SPLINE_CURVE_WITH_KNOTS('',3,(#5711,#5712,#5713,#5714,#5715,#5716,
#5717,#5718,#5719,#5720),.UNSPECIFIED.,.F.,.F.,(4,2,2,2,4),(-0.26792854811247,
-0.259051043074229,-0.14088517441289,-0.049529956140459,-1.14592526627665E-5),
 .UNSPECIFIED.);
#65=B_SPLINE_CURVE_WITH_KNOTS('',3,(#5724,#5725,#5726,#5727,#5728,#5729,
#5730,#5731,#5732,#5733),.UNSPECIFIED.,.F.,.F.,(4,2,2,2,4),(-0.267935853958087,
-0.259057362657899,-0.140887354744153,-0.0495316655983223,-1.13323697776298E-5),
 .UNSPECIFIED.);
#66=B_SPLINE_CURVE_WITH_KNOTS('',3,(#5764,#5765,#5766,#5767,#5768,#5769,
#5770,#5771,#5772,#5773,#5774,#5775,#5776,#5777),.UNSPECIFIED.,.F.,.F.,
(4,2,2,2,2,2,4),(0.,0.0310161216367551,0.0606311809614032,0.0766731879777043,
0.0915768272715929,0.117717645602537,0.157375712621882),.UNSPECIFIED.);
#67=B_SPLINE_CURVE_WITH_KNOTS('',3,(#5795,#5796,#5797,#5798,#5799,#5800,
#5801,#5802,#5803,#5804,#5805,#5806,#5807,#5808),.UNSPECIFIED.,.F.,.F.,
(4,2,2,2,2,2,4),(0.,0.031019111437924,0.0606337549747892,0.0766752488448349,
0.091578400773314,0.117718643480992,0.157380972305209),.UNSPECIFIED.);
#68=B_SPLINE_CURVE_WITH_KNOTS('',3,(#5823,#5824,#5825,#5826,#5827,#5828,
#5829,#5830,#5831,#5832),.UNSPECIFIED.,.F.,.F.,(4,2,2,2,4),(-0.310886268200198,
-0.29167367638621,-0.203994332552925,-0.100715755528657,-0.0429869618713143),
 .UNSPECIFIED.);
#69=B_SPLINE_CURVE_WITH_KNOTS('',3,(#5849,#5850,#5851,#5852,#5853,#5854,
#5855,#5856,#5857,#5858,#5859,#5860,#5861,#5862),.UNSPECIFIED.,.F.,.F.,
(4,2,2,2,2,2,4),(0.,0.0310161216367906,0.0606311809615302,0.0766731879778853,
0.0915768272718252,0.117717645602854,0.157375712622347),.UNSPECIFIED.);
#70=CONICAL_SURFACE('',#3654,1.3616375,0.831988093683006);
#71=TOROIDAL_SURFACE('',#3646,1.7968,0.3333);
#72=SHAPE_REPRESENTATION_RELATIONSHIP('SRR','None',#6239,#75);
#73=SHAPE_REPRESENTATION_RELATIONSHIP('SRR','None',#6240,#76);
#74=SHAPE_REPRESENTATION_RELATIONSHIP('SRR','None',#6235,#77);
#75=ADVANCED_BREP_SHAPE_REPRESENTATION('',(#83),#6207);
#76=ADVANCED_BREP_SHAPE_REPRESENTATION('',(#84),#6208);
#77=ADVANCED_BREP_SHAPE_REPRESENTATION('',(#85,#86,#87),#6203);
#78=STYLED_ITEM('',(#6269),#83);
#79=STYLED_ITEM('',(#6269),#84);
#80=STYLED_ITEM('',(#6269),#85);
#81=STYLED_ITEM('',(#6269),#86);
#82=STYLED_ITEM('',(#6270),#87);
#83=MANIFOLD_SOLID_BREP('Body1',#3500);
#84=MANIFOLD_SOLID_BREP('Body1',#3501);
#85=MANIFOLD_SOLID_BREP('Body3',#3502);
#86=MANIFOLD_SOLID_BREP('Body9',#3503);
#87=MANIFOLD_SOLID_BREP('Body18',#3504);
#88=SPHERICAL_SURFACE('',#3594,1.2);
#89=SPHERICAL_SURFACE('',#3599,1.2);
#90=SPHERICAL_SURFACE('',#3604,1.2);
#91=SPHERICAL_SURFACE('',#3606,1.2);
#92=SPHERICAL_SURFACE('',#3617,1.2);
#93=SPHERICAL_SURFACE('',#3619,1.2);
#94=SPHERICAL_SURFACE('',#3632,1.2);
#95=SPHERICAL_SURFACE('',#3639,1.2);
#96=SPHERICAL_SURFACE('',#3675,3.40163136070427);
#97=SPHERICAL_SURFACE('',#3763,0.999999999999996);
#98=SPHERICAL_SURFACE('',#3766,0.999999999999996);
#99=SPHERICAL_SURFACE('',#3770,1.);
#100=SPHERICAL_SURFACE('',#3773,0.999999999999996);
#101=SPHERICAL_SURFACE('',#3777,1.);
#102=SPHERICAL_SURFACE('',#3781,1.00000000000001);
#103=SPHERICAL_SURFACE('',#3784,1.);
#104=SPHERICAL_SURFACE('',#3787,1.00000000000001);
#105=SPHERICAL_SURFACE('',#3853,1.2);
#106=SPHERICAL_SURFACE('',#3858,1.2);
#107=SPHERICAL_SURFACE('',#3863,1.2);
#108=SPHERICAL_SURFACE('',#3865,1.2);
#109=SPHERICAL_SURFACE('',#3876,1.2);
#110=SPHERICAL_SURFACE('',#3878,1.2);
#111=SPHERICAL_SURFACE('',#3891,1.2);
#112=SPHERICAL_SURFACE('',#3898,1.2);
#113=CYLINDRICAL_SURFACE('',#3588,1.2);
#114=CYLINDRICAL_SURFACE('',#3591,1.2);
#115=CYLINDRICAL_SURFACE('',#3596,1.2);
#116=CYLINDRICAL_SURFACE('',#3601,1.2);
#117=CYLINDRICAL_SURFACE('',#3608,1.2);
#118=CYLINDRICAL_SURFACE('',#3611,1.2);
#119=CYLINDRICAL_SURFACE('',#3614,1.2);
#120=CYLINDRICAL_SURFACE('',#3621,1.2);
#121=CYLINDRICAL_SURFACE('',#3628,1.2);
#122=CYLINDRICAL_SURFACE('',#3630,1.2);
#123=CYLINDRICAL_SURFACE('',#3635,1.2);
#124=CYLINDRICAL_SURFACE('',#3637,1.2);
#125=CYLINDRICAL_SURFACE('',#3640,0.9377);
#126=CYLINDRICAL_SURFACE('',#3641,0.9377);
#127=CYLINDRICAL_SURFACE('',#3642,0.9377);
#128=CYLINDRICAL_SURFACE('',#3643,0.9377);
#129=CYLINDRICAL_SURFACE('',#3652,1.4635);
#130=CYLINDRICAL_SURFACE('',#3671,3.44999999999993);
#131=CYLINDRICAL_SURFACE('',#3696,0.9377);
#132=CYLINDRICAL_SURFACE('',#3712,2.4377);
#133=CYLINDRICAL_SURFACE('',#3715,3.);
#134=CYLINDRICAL_SURFACE('',#3729,1.);
#135=CYLINDRICAL_SURFACE('',#3731,1.);
#136=CYLINDRICAL_SURFACE('',#3733,3.);
#137=CYLINDRICAL_SURFACE('',#3741,1.);
#138=CYLINDRICAL_SURFACE('',#3743,3.);
#139=CYLINDRICAL_SURFACE('',#3750,1.);
#140=CYLINDRICAL_SURFACE('',#3752,1.);
#141=CYLINDRICAL_SURFACE('',#3754,3.);
#142=CYLINDRICAL_SURFACE('',#3755,1.);
#143=CYLINDRICAL_SURFACE('',#3780,1.);
#144=CYLINDRICAL_SURFACE('',#3790,1.);
#145=CYLINDRICAL_SURFACE('',#3791,1.);
#146=CYLINDRICAL_SURFACE('',#3792,1.);
#147=CYLINDRICAL_SURFACE('',#3793,1.);
#148=CYLINDRICAL_SURFACE('',#3794,1.);
#149=CYLINDRICAL_SURFACE('',#3795,1.);
#150=CYLINDRICAL_SURFACE('',#3796,1.);
#151=CYLINDRICAL_SURFACE('',#3797,1.);
#152=CYLINDRICAL_SURFACE('',#3823,2.4377);
#153=CYLINDRICAL_SURFACE('',#3825,1.);
#154=CYLINDRICAL_SURFACE('',#3826,0.73555);
#155=CYLINDRICAL_SURFACE('',#3827,0.73555);
#156=CYLINDRICAL_SURFACE('',#3828,0.73555);
#157=CYLINDRICAL_SURFACE('',#3829,0.73555);
#158=CYLINDRICAL_SURFACE('',#3830,2.4377);
#159=CYLINDRICAL_SURFACE('',#3834,2.4377);
#160=CYLINDRICAL_SURFACE('',#3835,2.4377);
#161=CYLINDRICAL_SURFACE('',#3847,1.2);
#162=CYLINDRICAL_SURFACE('',#3850,1.2);
#163=CYLINDRICAL_SURFACE('',#3855,1.2);
#164=CYLINDRICAL_SURFACE('',#3860,1.2);
#165=CYLINDRICAL_SURFACE('',#3867,1.2);
#166=CYLINDRICAL_SURFACE('',#3870,1.2);
#167=CYLINDRICAL_SURFACE('',#3873,1.2);
#168=CYLINDRICAL_SURFACE('',#3880,1.2);
#169=CYLINDRICAL_SURFACE('',#3887,1.2);
#170=CYLINDRICAL_SURFACE('',#3889,1.2);
#171=CYLINDRICAL_SURFACE('',#3894,1.2);
#172=CYLINDRICAL_SURFACE('',#3896,1.2);
#173=CYLINDRICAL_SURFACE('',#3899,0.9377);
#174=CYLINDRICAL_SURFACE('',#3900,0.9377);
#175=CYLINDRICAL_SURFACE('',#3901,0.9377);
#176=CYLINDRICAL_SURFACE('',#3902,0.9377);
#177=CIRCLE('',#3584,0.9377);
#178=CIRCLE('',#3585,0.9377);
#179=CIRCLE('',#3586,0.9377);
#180=CIRCLE('',#3587,0.9377);
#181=CIRCLE('',#3589,1.2);
#182=CIRCLE('',#3590,1.20000000000001);
#183=CIRCLE('',#3592,1.2);
#184=CIRCLE('',#3593,1.20000000000001);
#185=CIRCLE('',#3595,1.20000000000002);
#186=CIRCLE('',#3597,1.2);
#187=CIRCLE('',#3598,1.2);
#188=CIRCLE('',#3600,1.19999999999999);
#189=CIRCLE('',#3602,1.2);
#190=CIRCLE('',#3603,1.19999999999999);
#191=CIRCLE('',#3605,1.2);
#192=CIRCLE('',#3607,1.19999999999999);
#193=CIRCLE('',#3609,1.2);
#194=CIRCLE('',#3612,1.19999999999999);
#195=CIRCLE('',#3615,1.2);
#196=CIRCLE('',#3616,1.2);
#197=CIRCLE('',#3618,1.2);
#198=CIRCLE('',#3620,1.19999999999999);
#199=CIRCLE('',#3622,1.2);
#200=CIRCLE('',#3624,0.9377);
#201=CIRCLE('',#3625,0.9377);
#202=CIRCLE('',#3626,0.9377);
#203=CIRCLE('',#3627,0.9377);
#204=CIRCLE('',#3629,1.19999999999999);
#205=CIRCLE('',#3631,1.20000000000001);
#206=CIRCLE('',#3633,1.2);
#207=CIRCLE('',#3636,1.2);
#208=CIRCLE('',#3638,1.20000000000001);
#209=CIRCLE('',#3647,1.7968);
#210=CIRCLE('',#3648,0.3333);
#211=CIRCLE('',#3649,1.4635);
#212=CIRCLE('',#3651,3.44999999999993);
#213=CIRCLE('',#3653,1.4635);
#214=CIRCLE('',#3655,1.193275);
#215=CIRCLE('',#3669,3.44999999999993);
#216=CIRCLE('',#3670,2.59999999999994);
#217=CIRCLE('',#3674,1.29999999999993);
#218=CIRCLE('',#3676,3.40163136070427);
#219=CIRCLE('',#3690,0.9377);
#220=CIRCLE('',#3697,0.9377);
#221=CIRCLE('',#3704,2.4377);
#222=CIRCLE('',#3705,0.73555);
#223=CIRCLE('',#3710,2.4377);
#224=CIRCLE('',#3711,0.73555);
#225=CIRCLE('',#3713,2.4377);
#226=CIRCLE('',#3714,2.4377);
#227=CIRCLE('',#3716,3.);
#228=CIRCLE('',#3717,3.);
#229=CIRCLE('',#3718,3.);
#230=CIRCLE('',#3719,3.);
#231=CIRCLE('',#3721,3.);
#232=CIRCLE('',#3724,1.);
#233=CIRCLE('',#3725,3.);
#234=CIRCLE('',#3726,3.);
#235=CIRCLE('',#3730,1.00000000000001);
#236=CIRCLE('',#3732,0.999999999999996);
#237=CIRCLE('',#3734,3.);
#238=CIRCLE('',#3735,3.);
#239=CIRCLE('',#3736,3.);
#240=CIRCLE('',#3737,3.);
#241=CIRCLE('',#3742,1.00000000000001);
#242=CIRCLE('',#3744,3.);
#243=CIRCLE('',#3745,3.);
#244=CIRCLE('',#3746,3.);
#245=CIRCLE('',#3749,3.);
#246=CIRCLE('',#3751,0.999999999999996);
#247=CIRCLE('',#3753,0.999999999999996);
#248=CIRCLE('',#3756,1.00000000000001);
#249=CIRCLE('',#3764,0.999999999999996);
#250=CIRCLE('',#3765,1.);
#251=CIRCLE('',#3767,0.999999999999996);
#252=CIRCLE('',#3768,0.999999999999996);
#253=CIRCLE('',#3769,1.);
#254=CIRCLE('',#3771,1.);
#255=CIRCLE('',#3772,0.999999999999979);
#256=CIRCLE('',#3774,1.00000000000001);
#257=CIRCLE('',#3775,0.999999999999996);
#258=CIRCLE('',#3776,1.);
#259=CIRCLE('',#3778,1.);
#260=CIRCLE('',#3779,0.999999999999996);
#261=CIRCLE('',#3782,0.999999999999996);
#262=CIRCLE('',#3783,1.);
#263=CIRCLE('',#3785,1.);
#264=CIRCLE('',#3786,0.999999999999996);
#265=CIRCLE('',#3788,1.);
#266=CIRCLE('',#3789,1.00000000000001);
#267=CIRCLE('',#3799,0.73555);
#268=CIRCLE('',#3800,0.73555);
#269=CIRCLE('',#3801,0.73555);
#270=CIRCLE('',#3802,0.73555);
#271=CIRCLE('',#3804,0.73555);
#272=CIRCLE('',#3805,0.73555);
#273=CIRCLE('',#3806,0.73555);
#274=CIRCLE('',#3807,0.73555);
#275=CIRCLE('',#3808,2.4377);
#276=CIRCLE('',#3809,2.4377);
#277=CIRCLE('',#3810,2.4377);
#278=CIRCLE('',#3811,2.4377);
#279=CIRCLE('',#3813,2.4377);
#280=CIRCLE('',#3815,2.4377);
#281=CIRCLE('',#3816,2.4377);
#282=CIRCLE('',#3817,2.4377);
#283=CIRCLE('',#3843,0.9377);
#284=CIRCLE('',#3844,0.9377);
#285=CIRCLE('',#3845,0.9377);
#286=CIRCLE('',#3846,0.9377);
#287=CIRCLE('',#3848,1.2);
#288=CIRCLE('',#3849,1.20000000000001);
#289=CIRCLE('',#3851,1.2);
#290=CIRCLE('',#3852,1.20000000000001);
#291=CIRCLE('',#3854,1.20000000000002);
#292=CIRCLE('',#3856,1.2);
#293=CIRCLE('',#3857,1.2);
#294=CIRCLE('',#3859,1.19999999999999);
#295=CIRCLE('',#3861,1.2);
#296=CIRCLE('',#3862,1.19999999999999);
#297=CIRCLE('',#3864,1.2);
#298=CIRCLE('',#3866,1.19999999999999);
#299=CIRCLE('',#3868,1.2);
#300=CIRCLE('',#3871,1.19999999999999);
#301=CIRCLE('',#3874,1.2);
#302=CIRCLE('',#3875,1.2);
#303=CIRCLE('',#3877,1.2);
#304=CIRCLE('',#3879,1.19999999999999);
#305=CIRCLE('',#3881,1.2);
#306=CIRCLE('',#3883,0.9377);
#307=CIRCLE('',#3884,0.9377);
#308=CIRCLE('',#3885,0.9377);
#309=CIRCLE('',#3886,0.9377);
#310=CIRCLE('',#3888,1.19999999999999);
#311=CIRCLE('',#3890,1.20000000000001);
#312=CIRCLE('',#3892,1.2);
#313=CIRCLE('',#3895,1.2);
#314=CIRCLE('',#3897,1.20000000000001);
#315=FACE_BOUND('',#584,.T.);
#316=FACE_BOUND('',#585,.T.);
#317=FACE_BOUND('',#586,.T.);
#318=FACE_BOUND('',#587,.T.);
#319=FACE_BOUND('',#588,.T.);
#320=FACE_BOUND('',#589,.T.);
#321=FACE_BOUND('',#590,.T.);
#322=FACE_BOUND('',#608,.T.);
#323=FACE_BOUND('',#609,.T.);
#324=FACE_BOUND('',#610,.T.);
#325=FACE_BOUND('',#611,.T.);
#326=FACE_BOUND('',#612,.T.);
#327=FACE_BOUND('',#613,.T.);
#328=FACE_BOUND('',#614,.T.);
#329=FACE_BOUND('',#615,.T.);
#330=FACE_BOUND('',#630,.T.);
#331=FACE_BOUND('',#646,.T.);
#332=FACE_BOUND('',#650,.T.);
#333=FACE_BOUND('',#665,.T.);
#334=FACE_BOUND('',#666,.T.);
#335=FACE_BOUND('',#667,.T.);
#336=FACE_BOUND('',#675,.T.);
#337=FACE_BOUND('',#676,.T.);
#338=FACE_BOUND('',#677,.T.);
#339=FACE_BOUND('',#678,.T.);
#340=FACE_BOUND('',#721,.T.);
#341=FACE_BOUND('',#741,.T.);
#342=FACE_BOUND('',#742,.T.);
#343=FACE_BOUND('',#743,.T.);
#344=FACE_BOUND('',#744,.T.);
#345=FACE_BOUND('',#746,.T.);
#346=FACE_BOUND('',#747,.T.);
#347=FACE_BOUND('',#748,.T.);
#348=FACE_BOUND('',#749,.T.);
#349=FACE_BOUND('',#750,.T.);
#350=FACE_BOUND('',#751,.T.);
#351=FACE_BOUND('',#765,.T.);
#352=FACE_BOUND('',#780,.T.);
#353=FACE_BOUND('',#781,.T.);
#354=FACE_BOUND('',#782,.T.);
#355=FACE_BOUND('',#783,.T.);
#356=FACE_BOUND('',#801,.T.);
#357=FACE_BOUND('',#802,.T.);
#358=FACE_BOUND('',#803,.T.);
#359=FACE_BOUND('',#804,.T.);
#360=FACE_OUTER_BOUND('',#566,.T.);
#361=FACE_OUTER_BOUND('',#567,.T.);
#362=FACE_OUTER_BOUND('',#568,.T.);
#363=FACE_OUTER_BOUND('',#569,.T.);
#364=FACE_OUTER_BOUND('',#570,.T.);
#365=FACE_OUTER_BOUND('',#571,.T.);
#366=FACE_OUTER_BOUND('',#572,.T.);
#367=FACE_OUTER_BOUND('',#573,.T.);
#368=FACE_OUTER_BOUND('',#574,.T.);
#369=FACE_OUTER_BOUND('',#575,.T.);
#370=FACE_OUTER_BOUND('',#576,.T.);
#371=FACE_OUTER_BOUND('',#577,.T.);
#372=FACE_OUTER_BOUND('',#578,.T.);
#373=FACE_OUTER_BOUND('',#579,.T.);
#374=FACE_OUTER_BOUND('',#580,.T.);
#375=FACE_OUTER_BOUND('',#581,.T.);
#376=FACE_OUTER_BOUND('',#582,.T.);
#377=FACE_OUTER_BOUND('',#583,.T.);
#378=FACE_OUTER_BOUND('',#591,.T.);
#379=FACE_OUTER_BOUND('',#592,.T.);
#380=FACE_OUTER_BOUND('',#593,.T.);
#381=FACE_OUTER_BOUND('',#594,.T.);
#382=FACE_OUTER_BOUND('',#595,.T.);
#383=FACE_OUTER_BOUND('',#596,.T.);
#384=FACE_OUTER_BOUND('',#597,.T.);
#385=FACE_OUTER_BOUND('',#598,.T.);
#386=FACE_OUTER_BOUND('',#599,.T.);
#387=FACE_OUTER_BOUND('',#600,.T.);
#388=FACE_OUTER_BOUND('',#601,.T.);
#389=FACE_OUTER_BOUND('',#602,.T.);
#390=FACE_OUTER_BOUND('',#603,.T.);
#391=FACE_OUTER_BOUND('',#604,.T.);
#392=FACE_OUTER_BOUND('',#605,.T.);
#393=FACE_OUTER_BOUND('',#606,.T.);
#394=FACE_OUTER_BOUND('',#607,.T.);
#395=FACE_OUTER_BOUND('',#616,.T.);
#396=FACE_OUTER_BOUND('',#617,.T.);
#397=FACE_OUTER_BOUND('',#618,.T.);
#398=FACE_OUTER_BOUND('',#619,.T.);
#399=FACE_OUTER_BOUND('',#620,.T.);
#400=FACE_OUTER_BOUND('',#621,.T.);
#401=FACE_OUTER_BOUND('',#622,.T.);
#402=FACE_OUTER_BOUND('',#623,.T.);
#403=FACE_OUTER_BOUND('',#624,.T.);
#404=FACE_OUTER_BOUND('',#625,.T.);
#405=FACE_OUTER_BOUND('',#626,.T.);
#406=FACE_OUTER_BOUND('',#627,.T.);
#407=FACE_OUTER_BOUND('',#628,.T.);
#408=FACE_OUTER_BOUND('',#629,.T.);
#409=FACE_OUTER_BOUND('',#631,.T.);
#410=FACE_OUTER_BOUND('',#632,.T.);
#411=FACE_OUTER_BOUND('',#633,.T.);
#412=FACE_OUTER_BOUND('',#634,.T.);
#413=FACE_OUTER_BOUND('',#635,.T.);
#414=FACE_OUTER_BOUND('',#636,.T.);
#415=FACE_OUTER_BOUND('',#637,.T.);
#416=FACE_OUTER_BOUND('',#638,.T.);
#417=FACE_OUTER_BOUND('',#639,.T.);
#418=FACE_OUTER_BOUND('',#640,.T.);
#419=FACE_OUTER_BOUND('',#641,.T.);
#420=FACE_OUTER_BOUND('',#642,.T.);
#421=FACE_OUTER_BOUND('',#643,.T.);
#422=FACE_OUTER_BOUND('',#644,.T.);
#423=FACE_OUTER_BOUND('',#645,.T.);
#424=FACE_OUTER_BOUND('',#647,.T.);
#425=FACE_OUTER_BOUND('',#648,.T.);
#426=FACE_OUTER_BOUND('',#649,.T.);
#427=FACE_OUTER_BOUND('',#651,.T.);
#428=FACE_OUTER_BOUND('',#652,.T.);
#429=FACE_OUTER_BOUND('',#653,.T.);
#430=FACE_OUTER_BOUND('',#654,.T.);
#431=FACE_OUTER_BOUND('',#655,.T.);
#432=FACE_OUTER_BOUND('',#656,.T.);
#433=FACE_OUTER_BOUND('',#657,.T.);
#434=FACE_OUTER_BOUND('',#658,.T.);
#435=FACE_OUTER_BOUND('',#659,.T.);
#436=FACE_OUTER_BOUND('',#660,.T.);
#437=FACE_OUTER_BOUND('',#661,.T.);
#438=FACE_OUTER_BOUND('',#662,.T.);
#439=FACE_OUTER_BOUND('',#663,.T.);
#440=FACE_OUTER_BOUND('',#664,.T.);
#441=FACE_OUTER_BOUND('',#668,.T.);
#442=FACE_OUTER_BOUND('',#669,.T.);
#443=FACE_OUTER_BOUND('',#670,.T.);
#444=FACE_OUTER_BOUND('',#671,.T.);
#445=FACE_OUTER_BOUND('',#672,.T.);
#446=FACE_OUTER_BOUND('',#673,.T.);
#447=FACE_OUTER_BOUND('',#674,.T.);
#448=FACE_OUTER_BOUND('',#679,.T.);
#449=FACE_OUTER_BOUND('',#680,.T.);
#450=FACE_OUTER_BOUND('',#681,.T.);
#451=FACE_OUTER_BOUND('',#682,.T.);
#452=FACE_OUTER_BOUND('',#683,.T.);
#453=FACE_OUTER_BOUND('',#684,.T.);
#454=FACE_OUTER_BOUND('',#685,.T.);
#455=FACE_OUTER_BOUND('',#686,.T.);
#456=FACE_OUTER_BOUND('',#687,.T.);
#457=FACE_OUTER_BOUND('',#688,.T.);
#458=FACE_OUTER_BOUND('',#689,.T.);
#459=FACE_OUTER_BOUND('',#690,.T.);
#460=FACE_OUTER_BOUND('',#691,.T.);
#461=FACE_OUTER_BOUND('',#692,.T.);
#462=FACE_OUTER_BOUND('',#693,.T.);
#463=FACE_OUTER_BOUND('',#694,.T.);
#464=FACE_OUTER_BOUND('',#695,.T.);
#465=FACE_OUTER_BOUND('',#696,.T.);
#466=FACE_OUTER_BOUND('',#697,.T.);
#467=FACE_OUTER_BOUND('',#698,.T.);
#468=FACE_OUTER_BOUND('',#699,.T.);
#469=FACE_OUTER_BOUND('',#700,.T.);
#470=FACE_OUTER_BOUND('',#701,.T.);
#471=FACE_OUTER_BOUND('',#702,.T.);
#472=FACE_OUTER_BOUND('',#703,.T.);
#473=FACE_OUTER_BOUND('',#704,.T.);
#474=FACE_OUTER_BOUND('',#705,.T.);
#475=FACE_OUTER_BOUND('',#706,.T.);
#476=FACE_OUTER_BOUND('',#707,.T.);
#477=FACE_OUTER_BOUND('',#708,.T.);
#478=FACE_OUTER_BOUND('',#709,.T.);
#479=FACE_OUTER_BOUND('',#710,.T.);
#480=FACE_OUTER_BOUND('',#711,.T.);
#481=FACE_OUTER_BOUND('',#712,.T.);
#482=FACE_OUTER_BOUND('',#713,.T.);
#483=FACE_OUTER_BOUND('',#714,.T.);
#484=FACE_OUTER_BOUND('',#715,.T.);
#485=FACE_OUTER_BOUND('',#716,.T.);
#486=FACE_OUTER_BOUND('',#717,.T.);
#487=FACE_OUTER_BOUND('',#718,.T.);
#488=FACE_OUTER_BOUND('',#719,.T.);
#489=FACE_OUTER_BOUND('',#720,.T.);
#490=FACE_OUTER_BOUND('',#722,.T.);
#491=FACE_OUTER_BOUND('',#723,.T.);
#492=FACE_OUTER_BOUND('',#724,.T.);
#493=FACE_OUTER_BOUND('',#725,.T.);
#494=FACE_OUTER_BOUND('',#726,.T.);
#495=FACE_OUTER_BOUND('',#727,.T.);
#496=FACE_OUTER_BOUND('',#728,.T.);
#497=FACE_OUTER_BOUND('',#729,.T.);
#498=FACE_OUTER_BOUND('',#730,.T.);
#499=FACE_OUTER_BOUND('',#731,.T.);
#500=FACE_OUTER_BOUND('',#732,.T.);
#501=FACE_OUTER_BOUND('',#733,.T.);
#502=FACE_OUTER_BOUND('',#734,.T.);
#503=FACE_OUTER_BOUND('',#735,.T.);
#504=FACE_OUTER_BOUND('',#736,.T.);
#505=FACE_OUTER_BOUND('',#737,.T.);
#506=FACE_OUTER_BOUND('',#738,.T.);
#507=FACE_OUTER_BOUND('',#739,.T.);
#508=FACE_OUTER_BOUND('',#740,.T.);
#509=FACE_OUTER_BOUND('',#745,.T.);
#510=FACE_OUTER_BOUND('',#752,.T.);
#511=FACE_OUTER_BOUND('',#753,.T.);
#512=FACE_OUTER_BOUND('',#754,.T.);
#513=FACE_OUTER_BOUND('',#755,.T.);
#514=FACE_OUTER_BOUND('',#756,.T.);
#515=FACE_OUTER_BOUND('',#757,.T.);
#516=FACE_OUTER_BOUND('',#758,.T.);
#517=FACE_OUTER_BOUND('',#759,.T.);
#518=FACE_OUTER_BOUND('',#760,.T.);
#519=FACE_OUTER_BOUND('',#761,.T.);
#520=FACE_OUTER_BOUND('',#762,.T.);
#521=FACE_OUTER_BOUND('',#763,.T.);
#522=FACE_OUTER_BOUND('',#764,.T.);
#523=FACE_OUTER_BOUND('',#766,.T.);
#524=FACE_OUTER_BOUND('',#767,.T.);
#525=FACE_OUTER_BOUND('',#768,.T.);
#526=FACE_OUTER_BOUND('',#769,.T.);
#527=FACE_OUTER_BOUND('',#770,.T.);
#528=FACE_OUTER_BOUND('',#771,.T.);
#529=FACE_OUTER_BOUND('',#772,.T.);
#530=FACE_OUTER_BOUND('',#773,.T.);
#531=FACE_OUTER_BOUND('',#774,.T.);
#532=FACE_OUTER_BOUND('',#775,.T.);
#533=FACE_OUTER_BOUND('',#776,.T.);
#534=FACE_OUTER_BOUND('',#777,.T.);
#535=FACE_OUTER_BOUND('',#778,.T.);
#536=FACE_OUTER_BOUND('',#779,.T.);
#537=FACE_OUTER_BOUND('',#784,.T.);
#538=FACE_OUTER_BOUND('',#785,.T.);
#539=FACE_OUTER_BOUND('',#786,.T.);
#540=FACE_OUTER_BOUND('',#787,.T.);
#541=FACE_OUTER_BOUND('',#788,.T.);
#542=FACE_OUTER_BOUND('',#789,.T.);
#543=FACE_OUTER_BOUND('',#790,.T.);
#544=FACE_OUTER_BOUND('',#791,.T.);
#545=FACE_OUTER_BOUND('',#792,.T.);
#546=FACE_OUTER_BOUND('',#793,.T.);
#547=FACE_OUTER_BOUND('',#794,.T.);
#548=FACE_OUTER_BOUND('',#795,.T.);
#549=FACE_OUTER_BOUND('',#796,.T.);
#550=FACE_OUTER_BOUND('',#797,.T.);
#551=FACE_OUTER_BOUND('',#798,.T.);
#552=FACE_OUTER_BOUND('',#799,.T.);
#553=FACE_OUTER_BOUND('',#800,.T.);
#554=FACE_OUTER_BOUND('',#805,.T.);
#555=FACE_OUTER_BOUND('',#806,.T.);
#556=FACE_OUTER_BOUND('',#807,.T.);
#557=FACE_OUTER_BOUND('',#808,.T.);
#558=FACE_OUTER_BOUND('',#809,.T.);
#559=FACE_OUTER_BOUND('',#810,.T.);
#560=FACE_OUTER_BOUND('',#811,.T.);
#561=FACE_OUTER_BOUND('',#812,.T.);
#562=FACE_OUTER_BOUND('',#813,.T.);
#563=FACE_OUTER_BOUND('',#814,.T.);
#564=FACE_OUTER_BOUND('',#815,.T.);
#565=FACE_OUTER_BOUND('',#816,.T.);
#566=EDGE_LOOP('',(#2230,#2231,#2232,#2233));
#567=EDGE_LOOP('',(#2234,#2235,#2236,#2237));
#568=EDGE_LOOP('',(#2238,#2239,#2240,#2241));
#569=EDGE_LOOP('',(#2242,#2243,#2244,#2245));
#570=EDGE_LOOP('',(#2246,#2247,#2248,#2249));
#571=EDGE_LOOP('',(#2250,#2251,#2252,#2253));
#572=EDGE_LOOP('',(#2254,#2255,#2256,#2257));
#573=EDGE_LOOP('',(#2258,#2259,#2260,#2261));
#574=EDGE_LOOP('',(#2262,#2263,#2264,#2265));
#575=EDGE_LOOP('',(#2266,#2267,#2268,#2269));
#576=EDGE_LOOP('',(#2270,#2271,#2272,#2273));
#577=EDGE_LOOP('',(#2274,#2275,#2276,#2277));
#578=EDGE_LOOP('',(#2278,#2279,#2280,#2281));
#579=EDGE_LOOP('',(#2282,#2283,#2284,#2285));
#580=EDGE_LOOP('',(#2286,#2287,#2288,#2289));
#581=EDGE_LOOP('',(#2290,#2291,#2292,#2293));
#582=EDGE_LOOP('',(#2294,#2295,#2296,#2297));
#583=EDGE_LOOP('',(#2298,#2299,#2300,#2301));
#584=EDGE_LOOP('',(#2302,#2303,#2304,#2305));
#585=EDGE_LOOP('',(#2306,#2307,#2308,#2309));
#586=EDGE_LOOP('',(#2310,#2311,#2312,#2313));
#587=EDGE_LOOP('',(#2314));
#588=EDGE_LOOP('',(#2315));
#589=EDGE_LOOP('',(#2316));
#590=EDGE_LOOP('',(#2317));
#591=EDGE_LOOP('',(#2318,#2319,#2320,#2321));
#592=EDGE_LOOP('',(#2322,#2323,#2324,#2325));
#593=EDGE_LOOP('',(#2326,#2327,#2328));
#594=EDGE_LOOP('',(#2329,#2330,#2331,#2332));
#595=EDGE_LOOP('',(#2333,#2334,#2335));
#596=EDGE_LOOP('',(#2336,#2337,#2338,#2339));
#597=EDGE_LOOP('',(#2340,#2341,#2342));
#598=EDGE_LOOP('',(#2343,#2344,#2345));
#599=EDGE_LOOP('',(#2346,#2347,#2348,#2349));
#600=EDGE_LOOP('',(#2350,#2351,#2352,#2353));
#601=EDGE_LOOP('',(#2354,#2355,#2356,#2357));
#602=EDGE_LOOP('',(#2358,#2359,#2360,#2361));
#603=EDGE_LOOP('',(#2362,#2363,#2364,#2365));
#604=EDGE_LOOP('',(#2366,#2367,#2368));
#605=EDGE_LOOP('',(#2369,#2370,#2371));
#606=EDGE_LOOP('',(#2372,#2373,#2374,#2375));
#607=EDGE_LOOP('',(#2376,#2377,#2378,#2379));
#608=EDGE_LOOP('',(#2380,#2381,#2382,#2383));
#609=EDGE_LOOP('',(#2384,#2385,#2386,#2387));
#610=EDGE_LOOP('',(#2388,#2389,#2390,#2391));
#611=EDGE_LOOP('',(#2392,#2393,#2394,#2395));
#612=EDGE_LOOP('',(#2396));
#613=EDGE_LOOP('',(#2397));
#614=EDGE_LOOP('',(#2398));
#615=EDGE_LOOP('',(#2399));
#616=EDGE_LOOP('',(#2400,#2401,#2402,#2403));
#617=EDGE_LOOP('',(#2404,#2405,#2406,#2407));
#618=EDGE_LOOP('',(#2408,#2409,#2410));
#619=EDGE_LOOP('',(#2411,#2412,#2413,#2414));
#620=EDGE_LOOP('',(#2415,#2416,#2417,#2418));
#621=EDGE_LOOP('',(#2419,#2420,#2421,#2422));
#622=EDGE_LOOP('',(#2423,#2424,#2425));
#623=EDGE_LOOP('',(#2426,#2427,#2428,#2429));
#624=EDGE_LOOP('',(#2430,#2431,#2432,#2433));
#625=EDGE_LOOP('',(#2434,#2435,#2436,#2437));
#626=EDGE_LOOP('',(#2438,#2439,#2440,#2441));
#627=EDGE_LOOP('',(#2442,#2443,#2444,#2445));
#628=EDGE_LOOP('',(#2446,#2447,#2448,#2449));
#629=EDGE_LOOP('',(#2450));
#630=EDGE_LOOP('',(#2451));
#631=EDGE_LOOP('',(#2452,#2453,#2454,#2455));
#632=EDGE_LOOP('',(#2456,#2457,#2458,#2459));
#633=EDGE_LOOP('',(#2460,#2461,#2462));
#634=EDGE_LOOP('',(#2463,#2464,#2465));
#635=EDGE_LOOP('',(#2466,#2467,#2468));
#636=EDGE_LOOP('',(#2469,#2470,#2471));
#637=EDGE_LOOP('',(#2472,#2473,#2474));
#638=EDGE_LOOP('',(#2475,#2476,#2477));
#639=EDGE_LOOP('',(#2478,#2479,#2480,#2481));
#640=EDGE_LOOP('',(#2482,#2483,#2484,#2485));
#641=EDGE_LOOP('',(#2486,#2487,#2488,#2489));
#642=EDGE_LOOP('',(#2490,#2491,#2492,#2493));
#643=EDGE_LOOP('',(#2494,#2495,#2496,#2497));
#644=EDGE_LOOP('',(#2498,#2499,#2500,#2501));
#645=EDGE_LOOP('',(#2502));
#646=EDGE_LOOP('',(#2503));
#647=EDGE_LOOP('',(#2504,#2505,#2506,#2507));
#648=EDGE_LOOP('',(#2508));
#649=EDGE_LOOP('',(#2509));
#650=EDGE_LOOP('',(#2510,#2511,#2512,#2513,#2514,#2515));
#651=EDGE_LOOP('',(#2516,#2517,#2518,#2519));
#652=EDGE_LOOP('',(#2520,#2521,#2522,#2523));
#653=EDGE_LOOP('',(#2524,#2525,#2526,#2527));
#654=EDGE_LOOP('',(#2528,#2529,#2530,#2531));
#655=EDGE_LOOP('',(#2532,#2533,#2534,#2535));
#656=EDGE_LOOP('',(#2536,#2537,#2538,#2539));
#657=EDGE_LOOP('',(#2540,#2541,#2542,#2543));
#658=EDGE_LOOP('',(#2544,#2545,#2546,#2547));
#659=EDGE_LOOP('',(#2548,#2549,#2550,#2551));
#660=EDGE_LOOP('',(#2552,#2553,#2554,#2555));
#661=EDGE_LOOP('',(#2556,#2557,#2558,#2559));
#662=EDGE_LOOP('',(#2560,#2561,#2562,#2563));
#663=EDGE_LOOP('',(#2564,#2565,#2566,#2567));
#664=EDGE_LOOP('',(#2568,#2569,#2570,#2571,#2572));
#665=EDGE_LOOP('',(#2573,#2574,#2575,#2576));
#666=EDGE_LOOP('',(#2577,#2578,#2579,#2580));
#667=EDGE_LOOP('',(#2581,#2582,#2583,#2584));
#668=EDGE_LOOP('',(#2585,#2586,#2587,#2588));
#669=EDGE_LOOP('',(#2589,#2590,#2591,#2592));
#670=EDGE_LOOP('',(#2593,#2594,#2595,#2596));
#671=EDGE_LOOP('',(#2597,#2598,#2599,#2600));
#672=EDGE_LOOP('',(#2601,#2602,#2603,#2604));
#673=EDGE_LOOP('',(#2605,#2606,#2607,#2608));
#674=EDGE_LOOP('',(#2609,#2610,#2611,#2612,#2613));
#675=EDGE_LOOP('',(#2614,#2615,#2616,#2617));
#676=EDGE_LOOP('',(#2618,#2619,#2620,#2621));
#677=EDGE_LOOP('',(#2622,#2623,#2624,#2625));
#678=EDGE_LOOP('',(#2626,#2627,#2628,#2629));
#679=EDGE_LOOP('',(#2630,#2631,#2632,#2633));
#680=EDGE_LOOP('',(#2634,#2635,#2636,#2637));
#681=EDGE_LOOP('',(#2638,#2639,#2640,#2641));
#682=EDGE_LOOP('',(#2642,#2643,#2644,#2645));
#683=EDGE_LOOP('',(#2646,#2647,#2648,#2649,#2650,#2651,#2652));
#684=EDGE_LOOP('',(#2653,#2654,#2655,#2656));
#685=EDGE_LOOP('',(#2657,#2658,#2659,#2660));
#686=EDGE_LOOP('',(#2661,#2662,#2663,#2664));
#687=EDGE_LOOP('',(#2665,#2666,#2667,#2668,#2669,#2670,#2671));
#688=EDGE_LOOP('',(#2672,#2673,#2674,#2675,#2676,#2677,#2678,#2679));
#689=EDGE_LOOP('',(#2680,#2681,#2682,#2683,#2684,#2685,#2686,#2687));
#690=EDGE_LOOP('',(#2688,#2689,#2690,#2691,#2692,#2693));
#691=EDGE_LOOP('',(#2694,#2695,#2696,#2697));
#692=EDGE_LOOP('',(#2698,#2699,#2700,#2701,#2702,#2703,#2704,#2705,#2706,
#2707));
#693=EDGE_LOOP('',(#2708,#2709,#2710,#2711,#2712));
#694=EDGE_LOOP('',(#2713,#2714,#2715,#2716,#2717));
#695=EDGE_LOOP('',(#2718,#2719,#2720,#2721,#2722));
#696=EDGE_LOOP('',(#2723,#2724,#2725,#2726,#2727));
#697=EDGE_LOOP('',(#2728,#2729,#2730,#2731));
#698=EDGE_LOOP('',(#2732,#2733,#2734,#2735));
#699=EDGE_LOOP('',(#2736,#2737,#2738,#2739,#2740,#2741,#2742,#2743));
#700=EDGE_LOOP('',(#2744,#2745,#2746,#2747,#2748,#2749));
#701=EDGE_LOOP('',(#2750,#2751,#2752,#2753));
#702=EDGE_LOOP('',(#2754,#2755,#2756,#2757,#2758,#2759));
#703=EDGE_LOOP('',(#2760,#2761,#2762,#2763));
#704=EDGE_LOOP('',(#2764,#2765,#2766,#2767));
#705=EDGE_LOOP('',(#2768,#2769,#2770,#2771));
#706=EDGE_LOOP('',(#2772,#2773,#2774,#2775,#2776,#2777,#2778,#2779));
#707=EDGE_LOOP('',(#2780,#2781,#2782,#2783));
#708=EDGE_LOOP('',(#2784,#2785,#2786,#2787,#2788,#2789));
#709=EDGE_LOOP('',(#2790,#2791,#2792,#2793));
#710=EDGE_LOOP('',(#2794,#2795,#2796,#2797));
#711=EDGE_LOOP('',(#2798,#2799,#2800,#2801));
#712=EDGE_LOOP('',(#2802,#2803,#2804,#2805));
#713=EDGE_LOOP('',(#2806,#2807,#2808,#2809,#2810,#2811));
#714=EDGE_LOOP('',(#2812,#2813,#2814,#2815));
#715=EDGE_LOOP('',(#2816,#2817,#2818,#2819));
#716=EDGE_LOOP('',(#2820,#2821,#2822,#2823));
#717=EDGE_LOOP('',(#2824,#2825,#2826,#2827));
#718=EDGE_LOOP('',(#2828,#2829,#2830,#2831));
#719=EDGE_LOOP('',(#2832,#2833,#2834,#2835,#2836,#2837));
#720=EDGE_LOOP('',(#2838,#2839,#2840,#2841));
#721=EDGE_LOOP('',(#2842,#2843,#2844,#2845));
#722=EDGE_LOOP('',(#2846,#2847,#2848,#2849));
#723=EDGE_LOOP('',(#2850,#2851,#2852));
#724=EDGE_LOOP('',(#2853,#2854,#2855));
#725=EDGE_LOOP('',(#2856,#2857,#2858));
#726=EDGE_LOOP('',(#2859,#2860,#2861));
#727=EDGE_LOOP('',(#2862,#2863,#2864));
#728=EDGE_LOOP('',(#2865,#2866,#2867,#2868));
#729=EDGE_LOOP('',(#2869,#2870,#2871));
#730=EDGE_LOOP('',(#2872,#2873,#2874));
#731=EDGE_LOOP('',(#2875,#2876,#2877));
#732=EDGE_LOOP('',(#2878,#2879,#2880,#2881));
#733=EDGE_LOOP('',(#2882,#2883,#2884,#2885));
#734=EDGE_LOOP('',(#2886,#2887,#2888,#2889));
#735=EDGE_LOOP('',(#2890,#2891,#2892,#2893));
#736=EDGE_LOOP('',(#2894,#2895,#2896,#2897));
#737=EDGE_LOOP('',(#2898,#2899,#2900,#2901));
#738=EDGE_LOOP('',(#2902,#2903,#2904,#2905));
#739=EDGE_LOOP('',(#2906,#2907,#2908,#2909));
#740=EDGE_LOOP('',(#2910,#2911,#2912,#2913));
#741=EDGE_LOOP('',(#2914));
#742=EDGE_LOOP('',(#2915));
#743=EDGE_LOOP('',(#2916));
#744=EDGE_LOOP('',(#2917));
#745=EDGE_LOOP('',(#2918,#2919,#2920,#2921));
#746=EDGE_LOOP('',(#2922));
#747=EDGE_LOOP('',(#2923));
#748=EDGE_LOOP('',(#2924));
#749=EDGE_LOOP('',(#2925));
#750=EDGE_LOOP('',(#2926,#2927,#2928,#2929,#2930,#2931,#2932,#2933,#2934,
#2935));
#751=EDGE_LOOP('',(#2936,#2937,#2938));
#752=EDGE_LOOP('',(#2939,#2940,#2941));
#753=EDGE_LOOP('',(#2942,#2943,#2944,#2945,#2946,#2947,#2948,#2949,#2950,
#2951));
#754=EDGE_LOOP('',(#2952,#2953,#2954,#2955,#2956,#2957));
#755=EDGE_LOOP('',(#2958,#2959,#2960,#2961));
#756=EDGE_LOOP('',(#2962,#2963,#2964,#2965));
#757=EDGE_LOOP('',(#2966,#2967,#2968,#2969));
#758=EDGE_LOOP('',(#2970,#2971,#2972,#2973));
#759=EDGE_LOOP('',(#2974,#2975,#2976,#2977));
#760=EDGE_LOOP('',(#2978,#2979,#2980,#2981,#2982,#2983,#2984,#2985));
#761=EDGE_LOOP('',(#2986,#2987,#2988,#2989));
#762=EDGE_LOOP('',(#2990,#2991,#2992,#2993));
#763=EDGE_LOOP('',(#2994,#2995,#2996,#2997));
#764=EDGE_LOOP('',(#2998,#2999,#3000,#3001));
#765=EDGE_LOOP('',(#3002,#3003,#3004,#3005));
#766=EDGE_LOOP('',(#3006,#3007,#3008,#3009));
#767=EDGE_LOOP('',(#3010,#3011,#3012,#3013));
#768=EDGE_LOOP('',(#3014,#3015,#3016,#3017));
#769=EDGE_LOOP('',(#3018,#3019,#3020,#3021));
#770=EDGE_LOOP('',(#3022,#3023,#3024,#3025));
#771=EDGE_LOOP('',(#3026,#3027,#3028,#3029));
#772=EDGE_LOOP('',(#3030,#3031,#3032,#3033));
#773=EDGE_LOOP('',(#3034,#3035,#3036,#3037));
#774=EDGE_LOOP('',(#3038,#3039,#3040,#3041));
#775=EDGE_LOOP('',(#3042,#3043,#3044,#3045));
#776=EDGE_LOOP('',(#3046,#3047,#3048,#3049));
#777=EDGE_LOOP('',(#3050,#3051,#3052,#3053));
#778=EDGE_LOOP('',(#3054,#3055,#3056,#3057));
#779=EDGE_LOOP('',(#3058,#3059,#3060,#3061));
#780=EDGE_LOOP('',(#3062));
#781=EDGE_LOOP('',(#3063,#3064,#3065,#3066,#3067));
#782=EDGE_LOOP('',(#3068));
#783=EDGE_LOOP('',(#3069));
#784=EDGE_LOOP('',(#3070,#3071,#3072,#3073));
#785=EDGE_LOOP('',(#3074,#3075,#3076,#3077));
#786=EDGE_LOOP('',(#3078,#3079,#3080));
#787=EDGE_LOOP('',(#3081,#3082,#3083,#3084));
#788=EDGE_LOOP('',(#3085,#3086,#3087));
#789=EDGE_LOOP('',(#3088,#3089,#3090,#3091));
#790=EDGE_LOOP('',(#3092,#3093,#3094));
#791=EDGE_LOOP('',(#3095,#3096,#3097));
#792=EDGE_LOOP('',(#3098,#3099,#3100,#3101));
#793=EDGE_LOOP('',(#3102,#3103,#3104,#3105));
#794=EDGE_LOOP('',(#3106,#3107,#3108,#3109));
#795=EDGE_LOOP('',(#3110,#3111,#3112,#3113));
#796=EDGE_LOOP('',(#3114,#3115,#3116,#3117));
#797=EDGE_LOOP('',(#3118,#3119,#3120));
#798=EDGE_LOOP('',(#3121,#3122,#3123));
#799=EDGE_LOOP('',(#3124,#3125,#3126,#3127));
#800=EDGE_LOOP('',(#3128,#3129,#3130,#3131));
#801=EDGE_LOOP('',(#3132,#3133,#3134,#3135,#3136));
#802=EDGE_LOOP('',(#3137));
#803=EDGE_LOOP('',(#3138));
#804=EDGE_LOOP('',(#3139));
#805=EDGE_LOOP('',(#3140,#3141,#3142,#3143));
#806=EDGE_LOOP('',(#3144,#3145,#3146,#3147));
#807=EDGE_LOOP('',(#3148,#3149,#3150));
#808=EDGE_LOOP('',(#3151,#3152,#3153,#3154));
#809=EDGE_LOOP('',(#3155,#3156,#3157,#3158));
#810=EDGE_LOOP('',(#3159,#3160,#3161,#3162));
#811=EDGE_LOOP('',(#3163,#3164,#3165));
#812=EDGE_LOOP('',(#3166,#3167,#3168,#3169));
#813=EDGE_LOOP('',(#3170,#3171,#3172,#3173));
#814=EDGE_LOOP('',(#3174,#3175,#3176,#3177));
#815=EDGE_LOOP('',(#3178,#3179,#3180,#3181));
#816=EDGE_LOOP('',(#3182,#3183,#3184,#3185));
#817=LINE('',#4949,#1141);
#818=LINE('',#4951,#1142);
#819=LINE('',#4953,#1143);
#820=LINE('',#4954,#1144);
#821=LINE('',#4957,#1145);
#822=LINE('',#4959,#1146);
#823=LINE('',#4960,#1147);
#824=LINE('',#4963,#1148);
#825=LINE('',#4965,#1149);
#826=LINE('',#4966,#1150);
#827=LINE('',#4968,#1151);
#828=LINE('',#4969,#1152);
#829=LINE('',#4973,#1153);
#830=LINE('',#4975,#1154);
#831=LINE('',#4977,#1155);
#832=LINE('',#4978,#1156);
#833=LINE('',#4981,#1157);
#834=LINE('',#4983,#1158);
#835=LINE('',#4984,#1159);
#836=LINE('',#4987,#1160);
#837=LINE('',#4989,#1161);
#838=LINE('',#4990,#1162);
#839=LINE('',#4992,#1163);
#840=LINE('',#4993,#1164);
#841=LINE('',#4997,#1165);
#842=LINE('',#4999,#1166);
#843=LINE('',#5001,#1167);
#844=LINE('',#5002,#1168);
#845=LINE('',#5005,#1169);
#846=LINE('',#5007,#1170);
#847=LINE('',#5008,#1171);
#848=LINE('',#5011,#1172);
#849=LINE('',#5013,#1173);
#850=LINE('',#5014,#1174);
#851=LINE('',#5016,#1175);
#852=LINE('',#5017,#1176);
#853=LINE('',#5021,#1177);
#854=LINE('',#5023,#1178);
#855=LINE('',#5025,#1179);
#856=LINE('',#5026,#1180);
#857=LINE('',#5030,#1181);
#858=LINE('',#5031,#1182);
#859=LINE('',#5032,#1183);
#860=LINE('',#5035,#1184);
#861=LINE('',#5036,#1185);
#862=LINE('',#5039,#1186);
#863=LINE('',#5040,#1187);
#864=LINE('',#5042,#1188);
#865=LINE('',#5046,#1189);
#866=LINE('',#5048,#1190);
#867=LINE('',#5050,#1191);
#868=LINE('',#5051,#1192);
#869=LINE('',#5064,#1193);
#870=LINE('',#5070,#1194);
#871=LINE('',#5078,#1195);
#872=LINE('',#5086,#1196);
#873=LINE('',#5094,#1197);
#874=LINE('',#5097,#1198);
#875=LINE('',#5100,#1199);
#876=LINE('',#5101,#1200);
#877=LINE('',#5104,#1201);
#878=LINE('',#5108,#1202);
#879=LINE('',#5109,#1203);
#880=LINE('',#5115,#1204);
#881=LINE('',#5122,#1205);
#882=LINE('',#5125,#1206);
#883=LINE('',#5128,#1207);
#884=LINE('',#5129,#1208);
#885=LINE('',#5141,#1209);
#886=LINE('',#5144,#1210);
#887=LINE('',#5149,#1211);
#888=LINE('',#5150,#1212);
#889=LINE('',#5157,#1213);
#890=LINE('',#5159,#1214);
#891=LINE('',#5161,#1215);
#892=LINE('',#5163,#1216);
#893=LINE('',#5178,#1217);
#894=LINE('',#5181,#1218);
#895=LINE('',#5186,#1219);
#896=LINE('',#5188,#1220);
#897=LINE('',#5189,#1221);
#898=LINE('',#5192,#1222);
#899=LINE('',#5193,#1223);
#900=LINE('',#5196,#1224);
#901=LINE('',#5197,#1225);
#902=LINE('',#5200,#1226);
#903=LINE('',#5201,#1227);
#904=LINE('',#5204,#1228);
#905=LINE('',#5205,#1229);
#906=LINE('',#5207,#1230);
#907=LINE('',#5211,#1231);
#908=LINE('',#5212,#1232);
#909=LINE('',#5213,#1233);
#910=LINE('',#5216,#1234);
#911=LINE('',#5217,#1235);
#912=LINE('',#5220,#1236);
#913=LINE('',#5221,#1237);
#914=LINE('',#5224,#1238);
#915=LINE('',#5225,#1239);
#916=LINE('',#5228,#1240);
#917=LINE('',#5229,#1241);
#918=LINE('',#5231,#1242);
#919=LINE('',#5238,#1243);
#920=LINE('',#5248,#1244);
#921=LINE('',#5250,#1245);
#922=LINE('',#5252,#1246);
#923=LINE('',#5253,#1247);
#924=LINE('',#5256,#1248);
#925=LINE('',#5258,#1249);
#926=LINE('',#5259,#1250);
#927=LINE('',#5262,#1251);
#928=LINE('',#5264,#1252);
#929=LINE('',#5265,#1253);
#930=LINE('',#5267,#1254);
#931=LINE('',#5268,#1255);
#932=LINE('',#5272,#1256);
#933=LINE('',#5274,#1257);
#934=LINE('',#5276,#1258);
#935=LINE('',#5277,#1259);
#936=LINE('',#5280,#1260);
#937=LINE('',#5282,#1261);
#938=LINE('',#5283,#1262);
#939=LINE('',#5286,#1263);
#940=LINE('',#5288,#1264);
#941=LINE('',#5289,#1265);
#942=LINE('',#5291,#1266);
#943=LINE('',#5292,#1267);
#944=LINE('',#5296,#1268);
#945=LINE('',#5298,#1269);
#946=LINE('',#5300,#1270);
#947=LINE('',#5301,#1271);
#948=LINE('',#5304,#1272);
#949=LINE('',#5306,#1273);
#950=LINE('',#5307,#1274);
#951=LINE('',#5310,#1275);
#952=LINE('',#5312,#1276);
#953=LINE('',#5313,#1277);
#954=LINE('',#5315,#1278);
#955=LINE('',#5316,#1279);
#956=LINE('',#5320,#1280);
#957=LINE('',#5324,#1281);
#958=LINE('',#5326,#1282);
#959=LINE('',#5327,#1283);
#960=LINE('',#5331,#1284);
#961=LINE('',#5333,#1285);
#962=LINE('',#5335,#1286);
#963=LINE('',#5336,#1287);
#964=LINE('',#5340,#1288);
#965=LINE('',#5341,#1289);
#966=LINE('',#5342,#1290);
#967=LINE('',#5345,#1291);
#968=LINE('',#5346,#1292);
#969=LINE('',#5349,#1293);
#970=LINE('',#5350,#1294);
#971=LINE('',#5352,#1295);
#972=LINE('',#5355,#1296);
#973=LINE('',#5358,#1297);
#974=LINE('',#5361,#1298);
#975=LINE('',#5363,#1299);
#976=LINE('',#5365,#1300);
#977=LINE('',#5366,#1301);
#978=LINE('',#5368,#1302);
#979=LINE('',#5370,#1303);
#980=LINE('',#5371,#1304);
#981=LINE('',#5379,#1305);
#982=LINE('',#5383,#1306);
#983=LINE('',#5385,#1307);
#984=LINE('',#5387,#1308);
#985=LINE('',#5388,#1309);
#986=LINE('',#5391,#1310);
#987=LINE('',#5393,#1311);
#988=LINE('',#5394,#1312);
#989=LINE('',#5397,#1313);
#990=LINE('',#5399,#1314);
#991=LINE('',#5400,#1315);
#992=LINE('',#5403,#1316);
#993=LINE('',#5405,#1317);
#994=LINE('',#5406,#1318);
#995=LINE('',#5410,#1319);
#996=LINE('',#5411,#1320);
#997=LINE('',#5415,#1321);
#998=LINE('',#5419,#1322);
#999=LINE('',#5422,#1323);
#1000=LINE('',#5428,#1324);
#1001=LINE('',#5445,#1325);
#1002=LINE('',#5460,#1326);
#1003=LINE('',#5464,#1327);
#1004=LINE('',#5466,#1328);
#1005=LINE('',#5467,#1329);
#1006=LINE('',#5470,#1330);
#1007=LINE('',#5471,#1331);
#1008=LINE('',#5474,#1332);
#1009=LINE('',#5476,#1333);
#1010=LINE('',#5480,#1334);
#1011=LINE('',#5482,#1335);
#1012=LINE('',#5486,#1336);
#1013=LINE('',#5505,#1337);
#1014=LINE('',#5565,#1338);
#1015=LINE('',#5568,#1339);
#1016=LINE('',#5570,#1340);
#1017=LINE('',#5571,#1341);
#1018=LINE('',#5574,#1342);
#1019=LINE('',#5576,#1343);
#1020=LINE('',#5577,#1344);
#1021=LINE('',#5581,#1345);
#1022=LINE('',#5584,#1346);
#1023=LINE('',#5591,#1347);
#1024=LINE('',#5608,#1348);
#1025=LINE('',#5623,#1349);
#1026=LINE('',#5624,#1350);
#1027=LINE('',#5625,#1351);
#1028=LINE('',#5627,#1352);
#1029=LINE('',#5630,#1353);
#1030=LINE('',#5631,#1354);
#1031=LINE('',#5649,#1355);
#1032=LINE('',#5695,#1356);
#1033=LINE('',#5698,#1357);
#1034=LINE('',#5701,#1358);
#1035=LINE('',#5707,#1359);
#1036=LINE('',#5723,#1360);
#1037=LINE('',#5736,#1361);
#1038=LINE('',#5737,#1362);
#1039=LINE('',#5740,#1363);
#1040=LINE('',#5742,#1364);
#1041=LINE('',#5744,#1365);
#1042=LINE('',#5763,#1366);
#1043=LINE('',#5809,#1367);
#1044=LINE('',#5812,#1368);
#1045=LINE('',#5815,#1369);
#1046=LINE('',#5818,#1370);
#1047=LINE('',#5821,#1371);
#1048=LINE('',#5866,#1372);
#1049=LINE('',#5869,#1373);
#1050=LINE('',#5870,#1374);
#1051=LINE('',#5872,#1375);
#1052=LINE('',#5875,#1376);
#1053=LINE('',#5876,#1377);
#1054=LINE('',#5878,#1378);
#1055=LINE('',#5879,#1379);
#1056=LINE('',#5881,#1380);
#1057=LINE('',#5883,#1381);
#1058=LINE('',#5885,#1382);
#1059=LINE('',#5886,#1383);
#1060=LINE('',#5910,#1384);
#1061=LINE('',#5924,#1385);
#1062=LINE('',#5926,#1386);
#1063=LINE('',#5928,#1387);
#1064=LINE('',#5929,#1388);
#1065=LINE('',#5931,#1389);
#1066=LINE('',#5933,#1390);
#1067=LINE('',#5936,#1391);
#1068=LINE('',#5938,#1392);
#1069=LINE('',#5959,#1393);
#1070=LINE('',#5961,#1394);
#1071=LINE('',#5963,#1395);
#1072=LINE('',#5967,#1396);
#1073=LINE('',#5970,#1397);
#1074=LINE('',#5972,#1398);
#1075=LINE('',#5976,#1399);
#1076=LINE('',#5979,#1400);
#1077=LINE('',#5983,#1401);
#1078=LINE('',#5985,#1402);
#1079=LINE('',#5992,#1403);
#1080=LINE('',#5996,#1404);
#1081=LINE('',#5998,#1405);
#1082=LINE('',#6000,#1406);
#1083=LINE('',#6003,#1407);
#1084=LINE('',#6004,#1408);
#1085=LINE('',#6006,#1409);
#1086=LINE('',#6009,#1410);
#1087=LINE('',#6010,#1411);
#1088=LINE('',#6012,#1412);
#1089=LINE('',#6014,#1413);
#1090=LINE('',#6015,#1414);
#1091=LINE('',#6017,#1415);
#1092=LINE('',#6021,#1416);
#1093=LINE('',#6023,#1417);
#1094=LINE('',#6025,#1418);
#1095=LINE('',#6027,#1419);
#1096=LINE('',#6029,#1420);
#1097=LINE('',#6031,#1421);
#1098=LINE('',#6033,#1422);
#1099=LINE('',#6035,#1423);
#1100=LINE('',#6038,#1424);
#1101=LINE('',#6044,#1425);
#1102=LINE('',#6046,#1426);
#1103=LINE('',#6048,#1427);
#1104=LINE('',#6049,#1428);
#1105=LINE('',#6053,#1429);
#1106=LINE('',#6055,#1430);
#1107=LINE('',#6057,#1431);
#1108=LINE('',#6058,#1432);
#1109=LINE('',#6061,#1433);
#1110=LINE('',#6063,#1434);
#1111=LINE('',#6064,#1435);
#1112=LINE('',#6066,#1436);
#1113=LINE('',#6067,#1437);
#1114=LINE('',#6071,#1438);
#1115=LINE('',#6073,#1439);
#1116=LINE('',#6075,#1440);
#1117=LINE('',#6076,#1441);
#1118=LINE('',#6088,#1442);
#1119=LINE('',#6094,#1443);
#1120=LINE('',#6102,#1444);
#1121=LINE('',#6110,#1445);
#1122=LINE('',#6118,#1446);
#1123=LINE('',#6121,#1447);
#1124=LINE('',#6124,#1448);
#1125=LINE('',#6125,#1449);
#1126=LINE('',#6128,#1450);
#1127=LINE('',#6132,#1451);
#1128=LINE('',#6133,#1452);
#1129=LINE('',#6139,#1453);
#1130=LINE('',#6146,#1454);
#1131=LINE('',#6149,#1455);
#1132=LINE('',#6152,#1456);
#1133=LINE('',#6153,#1457);
#1134=LINE('',#6164,#1458);
#1135=LINE('',#6167,#1459);
#1136=LINE('',#6172,#1460);
#1137=LINE('',#6173,#1461);
#1138=LINE('',#6180,#1462);
#1139=LINE('',#6183,#1463);
#1140=LINE('',#6185,#1464);
#1141=VECTOR('',#3925,10.);
#1142=VECTOR('',#3926,10.);
#1143=VECTOR('',#3927,10.);
#1144=VECTOR('',#3928,10.);
#1145=VECTOR('',#3931,10.);
#1146=VECTOR('',#3932,10.);
#1147=VECTOR('',#3933,10.);
#1148=VECTOR('',#3936,10.);
#1149=VECTOR('',#3937,10.);
#1150=VECTOR('',#3938,10.);
#1151=VECTOR('',#3941,10.);
#1152=VECTOR('',#3942,10.);
#1153=VECTOR('',#3945,10.);
#1154=VECTOR('',#3946,10.);
#1155=VECTOR('',#3947,10.);
#1156=VECTOR('',#3948,10.);
#1157=VECTOR('',#3951,10.);
#1158=VECTOR('',#3952,10.);
#1159=VECTOR('',#3953,10.);
#1160=VECTOR('',#3956,10.);
#1161=VECTOR('',#3957,10.);
#1162=VECTOR('',#3958,10.);
#1163=VECTOR('',#3961,10.);
#1164=VECTOR('',#3962,10.);
#1165=VECTOR('',#3965,10.);
#1166=VECTOR('',#3966,10.);
#1167=VECTOR('',#3967,10.);
#1168=VECTOR('',#3968,10.);
#1169=VECTOR('',#3971,10.);
#1170=VECTOR('',#3972,10.);
#1171=VECTOR('',#3973,10.);
#1172=VECTOR('',#3976,10.);
#1173=VECTOR('',#3977,10.);
#1174=VECTOR('',#3978,10.);
#1175=VECTOR('',#3981,10.);
#1176=VECTOR('',#3982,10.);
#1177=VECTOR('',#3985,10.);
#1178=VECTOR('',#3986,10.);
#1179=VECTOR('',#3987,10.);
#1180=VECTOR('',#3988,10.);
#1181=VECTOR('',#3991,10.);
#1182=VECTOR('',#3992,10.);
#1183=VECTOR('',#3993,10.);
#1184=VECTOR('',#3996,10.);
#1185=VECTOR('',#3997,10.);
#1186=VECTOR('',#4000,10.);
#1187=VECTOR('',#4001,10.);
#1188=VECTOR('',#4004,10.);
#1189=VECTOR('',#4007,10.);
#1190=VECTOR('',#4008,10.);
#1191=VECTOR('',#4009,10.);
#1192=VECTOR('',#4010,10.);
#1193=VECTOR('',#4023,10.);
#1194=VECTOR('',#4030,10.);
#1195=VECTOR('',#4041,10.);
#1196=VECTOR('',#4052,10.);
#1197=VECTOR('',#4065,10.);
#1198=VECTOR('',#4068,10.);
#1199=VECTOR('',#4071,10.);
#1200=VECTOR('',#4072,10.);
#1201=VECTOR('',#4075,10.);
#1202=VECTOR('',#4080,10.);
#1203=VECTOR('',#4081,10.);
#1204=VECTOR('',#4088,10.);
#1205=VECTOR('',#4099,10.);
#1206=VECTOR('',#4102,10.);
#1207=VECTOR('',#4105,10.);
#1208=VECTOR('',#4106,10.);
#1209=VECTOR('',#4121,10.);
#1210=VECTOR('',#4124,10.);
#1211=VECTOR('',#4131,10.);
#1212=VECTOR('',#4132,10.);
#1213=VECTOR('',#4145,1.167);
#1214=VECTOR('',#4148,1.167);
#1215=VECTOR('',#4151,1.167);
#1216=VECTOR('',#4154,1.167);
#1217=VECTOR('',#4175,1.50000000000004);
#1218=VECTOR('',#4178,1.3616375);
#1219=VECTOR('',#4183,10.);
#1220=VECTOR('',#4184,10.);
#1221=VECTOR('',#4185,10.);
#1222=VECTOR('',#4188,10.);
#1223=VECTOR('',#4189,10.);
#1224=VECTOR('',#4192,10.);
#1225=VECTOR('',#4193,10.);
#1226=VECTOR('',#4196,10.);
#1227=VECTOR('',#4197,10.);
#1228=VECTOR('',#4200,10.);
#1229=VECTOR('',#4201,10.);
#1230=VECTOR('',#4204,10.);
#1231=VECTOR('',#4207,10.);
#1232=VECTOR('',#4208,10.);
#1233=VECTOR('',#4209,10.);
#1234=VECTOR('',#4212,10.);
#1235=VECTOR('',#4213,10.);
#1236=VECTOR('',#4216,10.);
#1237=VECTOR('',#4217,10.);
#1238=VECTOR('',#4220,10.);
#1239=VECTOR('',#4221,10.);
#1240=VECTOR('',#4224,10.);
#1241=VECTOR('',#4225,10.);
#1242=VECTOR('',#4228,10.);
#1243=VECTOR('',#4237,3.44999999999993);
#1244=VECTOR('',#4250,10.);
#1245=VECTOR('',#4251,10.);
#1246=VECTOR('',#4252,10.);
#1247=VECTOR('',#4253,10.);
#1248=VECTOR('',#4256,10.);
#1249=VECTOR('',#4257,10.);
#1250=VECTOR('',#4258,10.);
#1251=VECTOR('',#4261,10.);
#1252=VECTOR('',#4262,10.);
#1253=VECTOR('',#4263,10.);
#1254=VECTOR('',#4266,10.);
#1255=VECTOR('',#4267,10.);
#1256=VECTOR('',#4270,10.);
#1257=VECTOR('',#4271,10.);
#1258=VECTOR('',#4272,10.);
#1259=VECTOR('',#4273,10.);
#1260=VECTOR('',#4276,10.);
#1261=VECTOR('',#4277,10.);
#1262=VECTOR('',#4278,10.);
#1263=VECTOR('',#4281,10.);
#1264=VECTOR('',#4282,10.);
#1265=VECTOR('',#4283,10.);
#1266=VECTOR('',#4286,10.);
#1267=VECTOR('',#4287,10.);
#1268=VECTOR('',#4290,10.);
#1269=VECTOR('',#4291,10.);
#1270=VECTOR('',#4292,10.);
#1271=VECTOR('',#4293,10.);
#1272=VECTOR('',#4296,10.);
#1273=VECTOR('',#4297,10.);
#1274=VECTOR('',#4298,10.);
#1275=VECTOR('',#4301,10.);
#1276=VECTOR('',#4302,10.);
#1277=VECTOR('',#4303,10.);
#1278=VECTOR('',#4306,10.);
#1279=VECTOR('',#4307,10.);
#1280=VECTOR('',#4310,10.);
#1281=VECTOR('',#4313,10.);
#1282=VECTOR('',#4314,10.);
#1283=VECTOR('',#4315,10.);
#1284=VECTOR('',#4318,10.);
#1285=VECTOR('',#4319,10.);
#1286=VECTOR('',#4320,10.);
#1287=VECTOR('',#4321,10.);
#1288=VECTOR('',#4324,10.);
#1289=VECTOR('',#4325,10.);
#1290=VECTOR('',#4326,10.);
#1291=VECTOR('',#4329,10.);
#1292=VECTOR('',#4330,10.);
#1293=VECTOR('',#4333,10.);
#1294=VECTOR('',#4334,10.);
#1295=VECTOR('',#4337,10.);
#1296=VECTOR('',#4340,10.);
#1297=VECTOR('',#4343,10.);
#1298=VECTOR('',#4346,10.);
#1299=VECTOR('',#4347,10.);
#1300=VECTOR('',#4348,10.);
#1301=VECTOR('',#4349,10.);
#1302=VECTOR('',#4352,10.);
#1303=VECTOR('',#4355,10.);
#1304=VECTOR('',#4356,10.);
#1305=VECTOR('',#4365,10.);
#1306=VECTOR('',#4368,10.);
#1307=VECTOR('',#4369,10.);
#1308=VECTOR('',#4370,10.);
#1309=VECTOR('',#4371,10.);
#1310=VECTOR('',#4374,10.);
#1311=VECTOR('',#4375,10.);
#1312=VECTOR('',#4376,10.);
#1313=VECTOR('',#4379,10.);
#1314=VECTOR('',#4380,10.);
#1315=VECTOR('',#4381,10.);
#1316=VECTOR('',#4384,10.);
#1317=VECTOR('',#4385,10.);
#1318=VECTOR('',#4386,10.);
#1319=VECTOR('',#4391,10.);
#1320=VECTOR('',#4392,10.);
#1321=VECTOR('',#4397,10.);
#1322=VECTOR('',#4400,10.);
#1323=VECTOR('',#4403,10.);
#1324=VECTOR('',#4408,10.);
#1325=VECTOR('',#4413,10.);
#1326=VECTOR('',#4418,10.);
#1327=VECTOR('',#4421,10.);
#1328=VECTOR('',#4422,10.);
#1329=VECTOR('',#4423,10.);
#1330=VECTOR('',#4426,10.);
#1331=VECTOR('',#4427,10.);
#1332=VECTOR('',#4430,10.);
#1333=VECTOR('',#4431,10.);
#1334=VECTOR('',#4434,10.);
#1335=VECTOR('',#4435,10.);
#1336=VECTOR('',#4438,10.);
#1337=VECTOR('',#4441,10.);
#1338=VECTOR('',#4442,10.);
#1339=VECTOR('',#4445,10.);
#1340=VECTOR('',#4446,10.);
#1341=VECTOR('',#4447,10.);
#1342=VECTOR('',#4450,10.);
#1343=VECTOR('',#4451,10.);
#1344=VECTOR('',#4452,10.);
#1345=VECTOR('',#4457,10.);
#1346=VECTOR('',#4460,10.);
#1347=VECTOR('',#4467,10.);
#1348=VECTOR('',#4472,10.);
#1349=VECTOR('',#4477,10.);
#1350=VECTOR('',#4478,10.);
#1351=VECTOR('',#4479,10.);
#1352=VECTOR('',#4482,10.);
#1353=VECTOR('',#4485,10.);
#1354=VECTOR('',#4486,10.);
#1355=VECTOR('',#4487,10.);
#1356=VECTOR('',#4488,10.);
#1357=VECTOR('',#4491,10.);
#1358=VECTOR('',#4494,10.);
#1359=VECTOR('',#4499,10.);
#1360=VECTOR('',#4504,10.);
#1361=VECTOR('',#4507,10.);
#1362=VECTOR('',#4508,10.);
#1363=VECTOR('',#4511,10.);
#1364=VECTOR('',#4512,10.);
#1365=VECTOR('',#4513,10.);
#1366=VECTOR('',#4516,10.);
#1367=VECTOR('',#4517,10.);
#1368=VECTOR('',#4520,10.);
#1369=VECTOR('',#4523,10.);
#1370=VECTOR('',#4526,10.);
#1371=VECTOR('',#4529,10.);
#1372=VECTOR('',#4536,10.);
#1373=VECTOR('',#4539,10.);
#1374=VECTOR('',#4540,10.);
#1375=VECTOR('',#4543,10.);
#1376=VECTOR('',#4546,10.);
#1377=VECTOR('',#4547,10.);
#1378=VECTOR('',#4550,10.);
#1379=VECTOR('',#4551,10.);
#1380=VECTOR('',#4554,10.);
#1381=VECTOR('',#4557,10.);
#1382=VECTOR('',#4558,10.);
#1383=VECTOR('',#4559,10.);
#1384=VECTOR('',#4596,10.);
#1385=VECTOR('',#4617,10.);
#1386=VECTOR('',#4620,10.);
#1387=VECTOR('',#4623,10.);
#1388=VECTOR('',#4624,10.);
#1389=VECTOR('',#4627,10.);
#1390=VECTOR('',#4630,10.);
#1391=VECTOR('',#4635,10.);
#1392=VECTOR('',#4638,10.);
#1393=VECTOR('',#4659,10.);
#1394=VECTOR('',#4660,10.);
#1395=VECTOR('',#4661,10.);
#1396=VECTOR('',#4664,10.);
#1397=VECTOR('',#4667,10.);
#1398=VECTOR('',#4668,10.);
#1399=VECTOR('',#4671,10.);
#1400=VECTOR('',#4674,10.);
#1401=VECTOR('',#4677,10.);
#1402=VECTOR('',#4678,10.);
#1403=VECTOR('',#4685,10.);
#1404=VECTOR('',#4688,10.);
#1405=VECTOR('',#4689,10.);
#1406=VECTOR('',#4690,10.);
#1407=VECTOR('',#4693,10.);
#1408=VECTOR('',#4694,10.);
#1409=VECTOR('',#4697,10.);
#1410=VECTOR('',#4702,10.);
#1411=VECTOR('',#4703,10.);
#1412=VECTOR('',#4706,10.);
#1413=VECTOR('',#4709,10.);
#1414=VECTOR('',#4710,10.);
#1415=VECTOR('',#4713,10.);
#1416=VECTOR('',#4720,0.937700000000001);
#1417=VECTOR('',#4723,0.937700000000001);
#1418=VECTOR('',#4726,0.937700000000001);
#1419=VECTOR('',#4729,0.937700000000001);
#1420=VECTOR('',#4732,10.);
#1421=VECTOR('',#4735,10.);
#1422=VECTOR('',#4738,10.);
#1423=VECTOR('',#4741,10.);
#1424=VECTOR('',#4746,10.);
#1425=VECTOR('',#4753,10.);
#1426=VECTOR('',#4754,10.);
#1427=VECTOR('',#4755,10.);
#1428=VECTOR('',#4756,10.);
#1429=VECTOR('',#4759,10.);
#1430=VECTOR('',#4760,10.);
#1431=VECTOR('',#4761,10.);
#1432=VECTOR('',#4762,10.);
#1433=VECTOR('',#4765,10.);
#1434=VECTOR('',#4766,10.);
#1435=VECTOR('',#4767,10.);
#1436=VECTOR('',#4770,10.);
#1437=VECTOR('',#4771,10.);
#1438=VECTOR('',#4774,10.);
#1439=VECTOR('',#4775,10.);
#1440=VECTOR('',#4776,10.);
#1441=VECTOR('',#4777,10.);
#1442=VECTOR('',#4790,10.);
#1443=VECTOR('',#4797,10.);
#1444=VECTOR('',#4808,10.);
#1445=VECTOR('',#4819,10.);
#1446=VECTOR('',#4832,10.);
#1447=VECTOR('',#4835,10.);
#1448=VECTOR('',#4838,10.);
#1449=VECTOR('',#4839,10.);
#1450=VECTOR('',#4842,10.);
#1451=VECTOR('',#4847,10.);
#1452=VECTOR('',#4848,10.);
#1453=VECTOR('',#4855,10.);
#1454=VECTOR('',#4866,10.);
#1455=VECTOR('',#4869,10.);
#1456=VECTOR('',#4872,10.);
#1457=VECTOR('',#4873,10.);
#1458=VECTOR('',#4888,10.);
#1459=VECTOR('',#4891,10.);
#1460=VECTOR('',#4898,10.);
#1461=VECTOR('',#4899,10.);
#1462=VECTOR('',#4912,1.167);
#1463=VECTOR('',#4917,1.167);
#1464=VECTOR('',#4920,1.167);
#1465=VERTEX_POINT('',#4947);
#1466=VERTEX_POINT('',#4948);
#1467=VERTEX_POINT('',#4950);
#1468=VERTEX_POINT('',#4952);
#1469=VERTEX_POINT('',#4956);
#1470=VERTEX_POINT('',#4958);
#1471=VERTEX_POINT('',#4962);
#1472=VERTEX_POINT('',#4964);
#1473=VERTEX_POINT('',#4971);
#1474=VERTEX_POINT('',#4972);
#1475=VERTEX_POINT('',#4974);
#1476=VERTEX_POINT('',#4976);
#1477=VERTEX_POINT('',#4980);
#1478=VERTEX_POINT('',#4982);
#1479=VERTEX_POINT('',#4986);
#1480=VERTEX_POINT('',#4988);
#1481=VERTEX_POINT('',#4995);
#1482=VERTEX_POINT('',#4996);
#1483=VERTEX_POINT('',#4998);
#1484=VERTEX_POINT('',#5000);
#1485=VERTEX_POINT('',#5004);
#1486=VERTEX_POINT('',#5006);
#1487=VERTEX_POINT('',#5010);
#1488=VERTEX_POINT('',#5012);
#1489=VERTEX_POINT('',#5019);
#1490=VERTEX_POINT('',#5020);
#1491=VERTEX_POINT('',#5022);
#1492=VERTEX_POINT('',#5024);
#1493=VERTEX_POINT('',#5028);
#1494=VERTEX_POINT('',#5029);
#1495=VERTEX_POINT('',#5034);
#1496=VERTEX_POINT('',#5038);
#1497=VERTEX_POINT('',#5044);
#1498=VERTEX_POINT('',#5045);
#1499=VERTEX_POINT('',#5047);
#1500=VERTEX_POINT('',#5049);
#1501=VERTEX_POINT('',#5052);
#1502=VERTEX_POINT('',#5054);
#1503=VERTEX_POINT('',#5056);
#1504=VERTEX_POINT('',#5058);
#1505=VERTEX_POINT('',#5061);
#1506=VERTEX_POINT('',#5063);
#1507=VERTEX_POINT('',#5067);
#1508=VERTEX_POINT('',#5069);
#1509=VERTEX_POINT('',#5075);
#1510=VERTEX_POINT('',#5077);
#1511=VERTEX_POINT('',#5083);
#1512=VERTEX_POINT('',#5085);
#1513=VERTEX_POINT('',#5093);
#1514=VERTEX_POINT('',#5095);
#1515=VERTEX_POINT('',#5099);
#1516=VERTEX_POINT('',#5103);
#1517=VERTEX_POINT('',#5107);
#1518=VERTEX_POINT('',#5111);
#1519=VERTEX_POINT('',#5113);
#1520=VERTEX_POINT('',#5121);
#1521=VERTEX_POINT('',#5123);
#1522=VERTEX_POINT('',#5127);
#1523=VERTEX_POINT('',#5130);
#1524=VERTEX_POINT('',#5132);
#1525=VERTEX_POINT('',#5134);
#1526=VERTEX_POINT('',#5136);
#1527=VERTEX_POINT('',#5142);
#1528=VERTEX_POINT('',#5148);
#1529=VERTEX_POINT('',#5167);
#1530=VERTEX_POINT('',#5169);
#1531=VERTEX_POINT('',#5173);
#1532=VERTEX_POINT('',#5176);
#1533=VERTEX_POINT('',#5180);
#1534=VERTEX_POINT('',#5184);
#1535=VERTEX_POINT('',#5185);
#1536=VERTEX_POINT('',#5187);
#1537=VERTEX_POINT('',#5191);
#1538=VERTEX_POINT('',#5195);
#1539=VERTEX_POINT('',#5199);
#1540=VERTEX_POINT('',#5203);
#1541=VERTEX_POINT('',#5209);
#1542=VERTEX_POINT('',#5210);
#1543=VERTEX_POINT('',#5215);
#1544=VERTEX_POINT('',#5219);
#1545=VERTEX_POINT('',#5223);
#1546=VERTEX_POINT('',#5227);
#1547=VERTEX_POINT('',#5233);
#1548=VERTEX_POINT('',#5235);
#1549=VERTEX_POINT('',#5241);
#1550=VERTEX_POINT('',#5246);
#1551=VERTEX_POINT('',#5247);
#1552=VERTEX_POINT('',#5249);
#1553=VERTEX_POINT('',#5251);
#1554=VERTEX_POINT('',#5255);
#1555=VERTEX_POINT('',#5257);
#1556=VERTEX_POINT('',#5261);
#1557=VERTEX_POINT('',#5263);
#1558=VERTEX_POINT('',#5270);
#1559=VERTEX_POINT('',#5271);
#1560=VERTEX_POINT('',#5273);
#1561=VERTEX_POINT('',#5275);
#1562=VERTEX_POINT('',#5279);
#1563=VERTEX_POINT('',#5281);
#1564=VERTEX_POINT('',#5285);
#1565=VERTEX_POINT('',#5287);
#1566=VERTEX_POINT('',#5294);
#1567=VERTEX_POINT('',#5295);
#1568=VERTEX_POINT('',#5297);
#1569=VERTEX_POINT('',#5299);
#1570=VERTEX_POINT('',#5303);
#1571=VERTEX_POINT('',#5305);
#1572=VERTEX_POINT('',#5309);
#1573=VERTEX_POINT('',#5311);
#1574=VERTEX_POINT('',#5318);
#1575=VERTEX_POINT('',#5319);
#1576=VERTEX_POINT('',#5321);
#1577=VERTEX_POINT('',#5323);
#1578=VERTEX_POINT('',#5325);
#1579=VERTEX_POINT('',#5329);
#1580=VERTEX_POINT('',#5330);
#1581=VERTEX_POINT('',#5332);
#1582=VERTEX_POINT('',#5334);
#1583=VERTEX_POINT('',#5338);
#1584=VERTEX_POINT('',#5339);
#1585=VERTEX_POINT('',#5344);
#1586=VERTEX_POINT('',#5348);
#1587=VERTEX_POINT('',#5354);
#1588=VERTEX_POINT('',#5356);
#1589=VERTEX_POINT('',#5360);
#1590=VERTEX_POINT('',#5362);
#1591=VERTEX_POINT('',#5364);
#1592=VERTEX_POINT('',#5375);
#1593=VERTEX_POINT('',#5376);
#1594=VERTEX_POINT('',#5378);
#1595=VERTEX_POINT('',#5380);
#1596=VERTEX_POINT('',#5382);
#1597=VERTEX_POINT('',#5384);
#1598=VERTEX_POINT('',#5386);
#1599=VERTEX_POINT('',#5390);
#1600=VERTEX_POINT('',#5392);
#1601=VERTEX_POINT('',#5396);
#1602=VERTEX_POINT('',#5398);
#1603=VERTEX_POINT('',#5402);
#1604=VERTEX_POINT('',#5404);
#1605=VERTEX_POINT('',#5408);
#1606=VERTEX_POINT('',#5414);
#1607=VERTEX_POINT('',#5416);
#1608=VERTEX_POINT('',#5418);
#1609=VERTEX_POINT('',#5420);
#1610=VERTEX_POINT('',#5424);
#1611=VERTEX_POINT('',#5425);
#1612=VERTEX_POINT('',#5427);
#1613=VERTEX_POINT('',#5429);
#1614=VERTEX_POINT('',#5431);
#1615=VERTEX_POINT('',#5442);
#1616=VERTEX_POINT('',#5444);
#1617=VERTEX_POINT('',#5446);
#1618=VERTEX_POINT('',#5459);
#1619=VERTEX_POINT('',#5461);
#1620=VERTEX_POINT('',#5463);
#1621=VERTEX_POINT('',#5465);
#1622=VERTEX_POINT('',#5469);
#1623=VERTEX_POINT('',#5473);
#1624=VERTEX_POINT('',#5475);
#1625=VERTEX_POINT('',#5477);
#1626=VERTEX_POINT('',#5479);
#1627=VERTEX_POINT('',#5481);
#1628=VERTEX_POINT('',#5483);
#1629=VERTEX_POINT('',#5485);
#1630=VERTEX_POINT('',#5504);
#1631=VERTEX_POINT('',#5506);
#1632=VERTEX_POINT('',#5543);
#1633=VERTEX_POINT('',#5548);
#1634=VERTEX_POINT('',#5567);
#1635=VERTEX_POINT('',#5569);
#1636=VERTEX_POINT('',#5573);
#1637=VERTEX_POINT('',#5575);
#1638=VERTEX_POINT('',#5579);
#1639=VERTEX_POINT('',#5583);
#1640=VERTEX_POINT('',#5587);
#1641=VERTEX_POINT('',#5588);
#1642=VERTEX_POINT('',#5590);
#1643=VERTEX_POINT('',#5592);
#1644=VERTEX_POINT('',#5594);
#1645=VERTEX_POINT('',#5605);
#1646=VERTEX_POINT('',#5607);
#1647=VERTEX_POINT('',#5609);
#1648=VERTEX_POINT('',#5622);
#1649=VERTEX_POINT('',#5629);
#1650=VERTEX_POINT('',#5648);
#1651=VERTEX_POINT('',#5680);
#1652=VERTEX_POINT('',#5697);
#1653=VERTEX_POINT('',#5699);
#1654=VERTEX_POINT('',#5703);
#1655=VERTEX_POINT('',#5704);
#1656=VERTEX_POINT('',#5706);
#1657=VERTEX_POINT('',#5708);
#1658=VERTEX_POINT('',#5710);
#1659=VERTEX_POINT('',#5721);
#1660=VERTEX_POINT('',#5735);
#1661=VERTEX_POINT('',#5739);
#1662=VERTEX_POINT('',#5741);
#1663=VERTEX_POINT('',#5743);
#1664=VERTEX_POINT('',#5762);
#1665=VERTEX_POINT('',#5794);
#1666=VERTEX_POINT('',#5811);
#1667=VERTEX_POINT('',#5813);
#1668=VERTEX_POINT('',#5817);
#1669=VERTEX_POINT('',#5819);
#1670=VERTEX_POINT('',#5864);
#1671=VERTEX_POINT('',#5868);
#1672=VERTEX_POINT('',#5874);
#1673=VERTEX_POINT('',#5884);
#1674=VERTEX_POINT('',#5888);
#1675=VERTEX_POINT('',#5892);
#1676=VERTEX_POINT('',#5897);
#1677=VERTEX_POINT('',#5901);
#1678=VERTEX_POINT('',#5906);
#1679=VERTEX_POINT('',#5912);
#1680=VERTEX_POINT('',#5916);
#1681=VERTEX_POINT('',#5920);
#1682=VERTEX_POINT('',#5940);
#1683=VERTEX_POINT('',#5942);
#1684=VERTEX_POINT('',#5944);
#1685=VERTEX_POINT('',#5946);
#1686=VERTEX_POINT('',#5949);
#1687=VERTEX_POINT('',#5951);
#1688=VERTEX_POINT('',#5953);
#1689=VERTEX_POINT('',#5955);
#1690=VERTEX_POINT('',#5957);
#1691=VERTEX_POINT('',#5958);
#1692=VERTEX_POINT('',#5960);
#1693=VERTEX_POINT('',#5962);
#1694=VERTEX_POINT('',#5964);
#1695=VERTEX_POINT('',#5966);
#1696=VERTEX_POINT('',#5968);
#1697=VERTEX_POINT('',#5971);
#1698=VERTEX_POINT('',#5974);
#1699=VERTEX_POINT('',#5975);
#1700=VERTEX_POINT('',#5977);
#1701=VERTEX_POINT('',#5981);
#1702=VERTEX_POINT('',#5982);
#1703=VERTEX_POINT('',#5984);
#1704=VERTEX_POINT('',#5988);
#1705=VERTEX_POINT('',#5989);
#1706=VERTEX_POINT('',#5991);
#1707=VERTEX_POINT('',#5993);
#1708=VERTEX_POINT('',#5995);
#1709=VERTEX_POINT('',#5997);
#1710=VERTEX_POINT('',#5999);
#1711=VERTEX_POINT('',#6001);
#1712=VERTEX_POINT('',#6042);
#1713=VERTEX_POINT('',#6043);
#1714=VERTEX_POINT('',#6045);
#1715=VERTEX_POINT('',#6047);
#1716=VERTEX_POINT('',#6051);
#1717=VERTEX_POINT('',#6052);
#1718=VERTEX_POINT('',#6054);
#1719=VERTEX_POINT('',#6056);
#1720=VERTEX_POINT('',#6060);
#1721=VERTEX_POINT('',#6062);
#1722=VERTEX_POINT('',#6069);
#1723=VERTEX_POINT('',#6070);
#1724=VERTEX_POINT('',#6072);
#1725=VERTEX_POINT('',#6074);
#1726=VERTEX_POINT('',#6077);
#1727=VERTEX_POINT('',#6080);
#1728=VERTEX_POINT('',#6082);
#1729=VERTEX_POINT('',#6085);
#1730=VERTEX_POINT('',#6087);
#1731=VERTEX_POINT('',#6091);
#1732=VERTEX_POINT('',#6093);
#1733=VERTEX_POINT('',#6099);
#1734=VERTEX_POINT('',#6101);
#1735=VERTEX_POINT('',#6107);
#1736=VERTEX_POINT('',#6109);
#1737=VERTEX_POINT('',#6117);
#1738=VERTEX_POINT('',#6119);
#1739=VERTEX_POINT('',#6123);
#1740=VERTEX_POINT('',#6127);
#1741=VERTEX_POINT('',#6131);
#1742=VERTEX_POINT('',#6135);
#1743=VERTEX_POINT('',#6137);
#1744=VERTEX_POINT('',#6145);
#1745=VERTEX_POINT('',#6147);
#1746=VERTEX_POINT('',#6151);
#1747=VERTEX_POINT('',#6155);
#1748=VERTEX_POINT('',#6157);
#1749=VERTEX_POINT('',#6159);
#1750=VERTEX_POINT('',#6165);
#1751=VERTEX_POINT('',#6171);
#1752=EDGE_CURVE('',#1465,#1466,#817,.T.);
#1753=EDGE_CURVE('',#1467,#1465,#818,.T.);
#1754=EDGE_CURVE('',#1468,#1467,#819,.T.);
#1755=EDGE_CURVE('',#1468,#1466,#820,.T.);
#1756=EDGE_CURVE('',#1469,#1465,#821,.T.);
#1757=EDGE_CURVE('',#1470,#1469,#822,.T.);
#1758=EDGE_CURVE('',#1467,#1470,#823,.T.);
#1759=EDGE_CURVE('',#1471,#1469,#824,.T.);
#1760=EDGE_CURVE('',#1472,#1471,#825,.T.);
#1761=EDGE_CURVE('',#1470,#1472,#826,.T.);
#1762=EDGE_CURVE('',#1466,#1471,#827,.T.);
#1763=EDGE_CURVE('',#1472,#1468,#828,.T.);
#1764=EDGE_CURVE('',#1473,#1474,#829,.T.);
#1765=EDGE_CURVE('',#1475,#1473,#830,.T.);
#1766=EDGE_CURVE('',#1476,#1475,#831,.T.);
#1767=EDGE_CURVE('',#1476,#1474,#832,.T.);
#1768=EDGE_CURVE('',#1477,#1473,#833,.T.);
#1769=EDGE_CURVE('',#1478,#1477,#834,.T.);
#1770=EDGE_CURVE('',#1475,#1478,#835,.T.);
#1771=EDGE_CURVE('',#1479,#1477,#836,.T.);
#1772=EDGE_CURVE('',#1480,#1479,#837,.T.);
#1773=EDGE_CURVE('',#1478,#1480,#838,.T.);
#1774=EDGE_CURVE('',#1474,#1479,#839,.T.);
#1775=EDGE_CURVE('',#1480,#1476,#840,.T.);
#1776=EDGE_CURVE('',#1481,#1482,#841,.T.);
#1777=EDGE_CURVE('',#1483,#1481,#842,.T.);
#1778=EDGE_CURVE('',#1484,#1483,#843,.T.);
#1779=EDGE_CURVE('',#1484,#1482,#844,.T.);
#1780=EDGE_CURVE('',#1485,#1481,#845,.T.);
#1781=EDGE_CURVE('',#1486,#1485,#846,.T.);
#1782=EDGE_CURVE('',#1483,#1486,#847,.T.);
#1783=EDGE_CURVE('',#1487,#1485,#848,.T.);
#1784=EDGE_CURVE('',#1488,#1487,#849,.T.);
#1785=EDGE_CURVE('',#1486,#1488,#850,.T.);
#1786=EDGE_CURVE('',#1482,#1487,#851,.T.);
#1787=EDGE_CURVE('',#1488,#1484,#852,.T.);
#1788=EDGE_CURVE('',#1489,#1490,#853,.T.);
#1789=EDGE_CURVE('',#1490,#1491,#854,.T.);
#1790=EDGE_CURVE('',#1491,#1492,#855,.T.);
#1791=EDGE_CURVE('',#1492,#1489,#856,.T.);
#1792=EDGE_CURVE('',#1493,#1494,#857,.T.);
#1793=EDGE_CURVE('',#1493,#1490,#858,.T.);
#1794=EDGE_CURVE('',#1494,#1489,#859,.T.);
#1795=EDGE_CURVE('',#1495,#1493,#860,.T.);
#1796=EDGE_CURVE('',#1495,#1491,#861,.T.);
#1797=EDGE_CURVE('',#1496,#1495,#862,.T.);
#1798=EDGE_CURVE('',#1496,#1492,#863,.T.);
#1799=EDGE_CURVE('',#1494,#1496,#864,.T.);
#1800=EDGE_CURVE('',#1497,#1498,#865,.T.);
#1801=EDGE_CURVE('',#1499,#1497,#866,.T.);
#1802=EDGE_CURVE('',#1500,#1499,#867,.T.);
#1803=EDGE_CURVE('',#1498,#1500,#868,.T.);
#1804=EDGE_CURVE('',#1501,#1501,#177,.F.);
#1805=EDGE_CURVE('',#1502,#1502,#178,.F.);
#1806=EDGE_CURVE('',#1503,#1503,#179,.F.);
#1807=EDGE_CURVE('',#1504,#1504,#180,.F.);
#1808=EDGE_CURVE('',#1498,#1505,#181,.T.);
#1809=EDGE_CURVE('',#1505,#1506,#869,.T.);
#1810=EDGE_CURVE('',#1506,#1497,#182,.T.);
#1811=EDGE_CURVE('',#1500,#1507,#183,.T.);
#1812=EDGE_CURVE('',#1507,#1508,#870,.T.);
#1813=EDGE_CURVE('',#1508,#1498,#184,.T.);
#1814=EDGE_CURVE('',#1508,#1505,#185,.T.);
#1815=EDGE_CURVE('',#1499,#1509,#186,.T.);
#1816=EDGE_CURVE('',#1509,#1510,#871,.T.);
#1817=EDGE_CURVE('',#1510,#1500,#187,.T.);
#1818=EDGE_CURVE('',#1510,#1507,#188,.T.);
#1819=EDGE_CURVE('',#1497,#1511,#189,.T.);
#1820=EDGE_CURVE('',#1511,#1512,#872,.T.);
#1821=EDGE_CURVE('',#1512,#1499,#190,.T.);
#1822=EDGE_CURVE('',#1512,#1509,#191,.T.);
#1823=EDGE_CURVE('',#1506,#1511,#192,.T.);
#1824=EDGE_CURVE('',#1510,#1513,#873,.T.);
#1825=EDGE_CURVE('',#1513,#1514,#193,.T.);
#1826=EDGE_CURVE('',#1514,#1507,#874,.T.);
#1827=EDGE_CURVE('',#1515,#1509,#875,.T.);
#1828=EDGE_CURVE('',#1513,#1515,#876,.T.);
#1829=EDGE_CURVE('',#1512,#1516,#877,.T.);
#1830=EDGE_CURVE('',#1516,#1515,#194,.T.);
#1831=EDGE_CURVE('',#1517,#1511,#878,.T.);
#1832=EDGE_CURVE('',#1516,#1517,#879,.T.);
#1833=EDGE_CURVE('',#1518,#1513,#195,.T.);
#1834=EDGE_CURVE('',#1515,#1519,#196,.T.);
#1835=EDGE_CURVE('',#1519,#1518,#880,.T.);
#1836=EDGE_CURVE('',#1518,#1514,#197,.T.);
#1837=EDGE_CURVE('',#1516,#1519,#198,.T.);
#1838=EDGE_CURVE('',#1518,#1520,#881,.T.);
#1839=EDGE_CURVE('',#1520,#1521,#199,.T.);
#1840=EDGE_CURVE('',#1521,#1514,#882,.T.);
#1841=EDGE_CURVE('',#1522,#1519,#883,.T.);
#1842=EDGE_CURVE('',#1520,#1522,#884,.T.);
#1843=EDGE_CURVE('',#1523,#1523,#200,.T.);
#1844=EDGE_CURVE('',#1524,#1524,#201,.T.);
#1845=EDGE_CURVE('',#1525,#1525,#202,.T.);
#1846=EDGE_CURVE('',#1526,#1526,#203,.T.);
#1847=EDGE_CURVE('',#1522,#1517,#204,.T.);
#1848=EDGE_CURVE('',#1508,#1521,#885,.T.);
#1849=EDGE_CURVE('',#1521,#1527,#205,.T.);
#1850=EDGE_CURVE('',#1527,#1505,#886,.T.);
#1851=EDGE_CURVE('',#1520,#1527,#206,.T.);
#1852=EDGE_CURVE('',#1528,#1527,#887,.T.);
#1853=EDGE_CURVE('',#1506,#1528,#888,.T.);
#1854=EDGE_CURVE('',#1522,#1528,#207,.T.);
#1855=EDGE_CURVE('',#1528,#1517,#208,.T.);
#1856=EDGE_CURVE('',#1501,#1526,#889,.T.);
#1857=EDGE_CURVE('',#1502,#1523,#890,.T.);
#1858=EDGE_CURVE('',#1503,#1525,#891,.T.);
#1859=EDGE_CURVE('',#1504,#1524,#892,.T.);
#1860=EDGE_CURVE('',#1529,#1529,#209,.T.);
#1861=EDGE_CURVE('',#1529,#1530,#210,.T.);
#1862=EDGE_CURVE('',#1530,#1530,#211,.T.);
#1863=EDGE_CURVE('',#1531,#1531,#212,.T.);
#1864=EDGE_CURVE('',#1532,#1532,#213,.T.);
#1865=EDGE_CURVE('',#1532,#1530,#893,.T.);
#1866=EDGE_CURVE('',#1532,#1533,#894,.T.);
#1867=EDGE_CURVE('',#1533,#1533,#214,.T.);
#1868=EDGE_CURVE('',#1534,#1535,#895,.T.);
#1869=EDGE_CURVE('',#1536,#1534,#896,.T.);
#1870=EDGE_CURVE('',#1536,#1535,#897,.T.);
#1871=EDGE_CURVE('',#1537,#1536,#898,.T.);
#1872=EDGE_CURVE('',#1537,#1535,#899,.T.);
#1873=EDGE_CURVE('',#1538,#1537,#900,.T.);
#1874=EDGE_CURVE('',#1538,#1535,#901,.T.);
#1875=EDGE_CURVE('',#1539,#1538,#902,.T.);
#1876=EDGE_CURVE('',#1539,#1535,#903,.T.);
#1877=EDGE_CURVE('',#1540,#1539,#904,.T.);
#1878=EDGE_CURVE('',#1540,#1535,#905,.T.);
#1879=EDGE_CURVE('',#1534,#1540,#906,.T.);
#1880=EDGE_CURVE('',#1541,#1542,#907,.T.);
#1881=EDGE_CURVE('',#1541,#1536,#908,.T.);
#1882=EDGE_CURVE('',#1542,#1534,#909,.T.);
#1883=EDGE_CURVE('',#1543,#1541,#910,.T.);
#1884=EDGE_CURVE('',#1543,#1537,#911,.T.);
#1885=EDGE_CURVE('',#1544,#1543,#912,.T.);
#1886=EDGE_CURVE('',#1544,#1538,#913,.T.);
#1887=EDGE_CURVE('',#1545,#1544,#914,.T.);
#1888=EDGE_CURVE('',#1545,#1539,#915,.T.);
#1889=EDGE_CURVE('',#1546,#1545,#916,.T.);
#1890=EDGE_CURVE('',#1546,#1540,#917,.T.);
#1891=EDGE_CURVE('',#1542,#1546,#918,.T.);
#1892=EDGE_CURVE('',#1547,#1547,#215,.T.);
#1893=EDGE_CURVE('',#1548,#1548,#216,.T.);
#1894=EDGE_CURVE('',#1531,#1547,#919,.T.);
#1895=EDGE_CURVE('',#1549,#1549,#217,.T.);
#1896=EDGE_CURVE('',#1549,#1548,#218,.T.);
#1897=EDGE_CURVE('',#1550,#1551,#920,.T.);
#1898=EDGE_CURVE('',#1552,#1550,#921,.T.);
#1899=EDGE_CURVE('',#1553,#1552,#922,.T.);
#1900=EDGE_CURVE('',#1553,#1551,#923,.T.);
#1901=EDGE_CURVE('',#1554,#1550,#924,.T.);
#1902=EDGE_CURVE('',#1555,#1554,#925,.T.);
#1903=EDGE_CURVE('',#1552,#1555,#926,.T.);
#1904=EDGE_CURVE('',#1556,#1554,#927,.T.);
#1905=EDGE_CURVE('',#1557,#1556,#928,.T.);
#1906=EDGE_CURVE('',#1555,#1557,#929,.T.);
#1907=EDGE_CURVE('',#1551,#1556,#930,.T.);
#1908=EDGE_CURVE('',#1557,#1553,#931,.T.);
#1909=EDGE_CURVE('',#1558,#1559,#932,.T.);
#1910=EDGE_CURVE('',#1560,#1558,#933,.T.);
#1911=EDGE_CURVE('',#1561,#1560,#934,.T.);
#1912=EDGE_CURVE('',#1561,#1559,#935,.T.);
#1913=EDGE_CURVE('',#1562,#1558,#936,.T.);
#1914=EDGE_CURVE('',#1563,#1562,#937,.T.);
#1915=EDGE_CURVE('',#1560,#1563,#938,.T.);
#1916=EDGE_CURVE('',#1564,#1562,#939,.T.);
#1917=EDGE_CURVE('',#1565,#1564,#940,.T.);
#1918=EDGE_CURVE('',#1563,#1565,#941,.T.);
#1919=EDGE_CURVE('',#1559,#1564,#942,.T.);
#1920=EDGE_CURVE('',#1565,#1561,#943,.T.);
#1921=EDGE_CURVE('',#1566,#1567,#944,.T.);
#1922=EDGE_CURVE('',#1568,#1566,#945,.T.);
#1923=EDGE_CURVE('',#1569,#1568,#946,.T.);
#1924=EDGE_CURVE('',#1569,#1567,#947,.T.);
#1925=EDGE_CURVE('',#1570,#1566,#948,.T.);
#1926=EDGE_CURVE('',#1571,#1570,#949,.T.);
#1927=EDGE_CURVE('',#1568,#1571,#950,.T.);
#1928=EDGE_CURVE('',#1572,#1570,#951,.T.);
#1929=EDGE_CURVE('',#1573,#1572,#952,.T.);
#1930=EDGE_CURVE('',#1571,#1573,#953,.T.);
#1931=EDGE_CURVE('',#1567,#1572,#954,.T.);
#1932=EDGE_CURVE('',#1573,#1569,#955,.T.);
#1933=EDGE_CURVE('',#1574,#1575,#956,.T.);
#1934=EDGE_CURVE('',#1574,#1576,#219,.F.);
#1935=EDGE_CURVE('',#1577,#1576,#957,.T.);
#1936=EDGE_CURVE('',#1578,#1577,#958,.T.);
#1937=EDGE_CURVE('',#1575,#1578,#959,.T.);
#1938=EDGE_CURVE('',#1579,#1580,#960,.T.);
#1939=EDGE_CURVE('',#1580,#1581,#961,.T.);
#1940=EDGE_CURVE('',#1581,#1582,#962,.T.);
#1941=EDGE_CURVE('',#1582,#1579,#963,.T.);
#1942=EDGE_CURVE('',#1583,#1584,#964,.T.);
#1943=EDGE_CURVE('',#1583,#1580,#965,.T.);
#1944=EDGE_CURVE('',#1584,#1579,#966,.T.);
#1945=EDGE_CURVE('',#1585,#1583,#967,.T.);
#1946=EDGE_CURVE('',#1585,#1581,#968,.T.);
#1947=EDGE_CURVE('',#1586,#1585,#969,.T.);
#1948=EDGE_CURVE('',#1586,#1582,#970,.T.);
#1949=EDGE_CURVE('',#1584,#1586,#971,.T.);
#1950=EDGE_CURVE('',#1587,#1574,#972,.T.);
#1951=EDGE_CURVE('',#1588,#1587,#220,.T.);
#1952=EDGE_CURVE('',#1576,#1588,#973,.T.);
#1953=EDGE_CURVE('',#1589,#1587,#974,.T.);
#1954=EDGE_CURVE('',#1590,#1589,#975,.T.);
#1955=EDGE_CURVE('',#1591,#1590,#976,.T.);
#1956=EDGE_CURVE('',#1588,#1591,#977,.T.);
#1957=EDGE_CURVE('',#1575,#1589,#978,.T.);
#1958=EDGE_CURVE('',#1591,#1577,#979,.T.);
#1959=EDGE_CURVE('',#1578,#1590,#980,.T.);
#1960=EDGE_CURVE('',#1592,#1593,#221,.T.);
#1961=EDGE_CURVE('',#1594,#1592,#981,.T.);
#1962=EDGE_CURVE('',#1595,#1594,#222,.T.);
#1963=EDGE_CURVE('',#1596,#1595,#982,.T.);
#1964=EDGE_CURVE('',#1597,#1596,#983,.T.);
#1965=EDGE_CURVE('',#1597,#1598,#984,.T.);
#1966=EDGE_CURVE('',#1593,#1598,#985,.T.);
#1967=EDGE_CURVE('',#1599,#1595,#986,.T.);
#1968=EDGE_CURVE('',#1600,#1599,#987,.T.);
#1969=EDGE_CURVE('',#1596,#1600,#988,.T.);
#1970=EDGE_CURVE('',#1601,#1592,#989,.T.);
#1971=EDGE_CURVE('',#1602,#1601,#990,.T.);
#1972=EDGE_CURVE('',#1594,#1602,#991,.T.);
#1973=EDGE_CURVE('',#1598,#1603,#992,.T.);
#1974=EDGE_CURVE('',#1604,#1597,#993,.T.);
#1975=EDGE_CURVE('',#1604,#1603,#994,.T.);
#1976=EDGE_CURVE('',#1605,#1601,#223,.T.);
#1977=EDGE_CURVE('',#1603,#1605,#995,.T.);
#1978=EDGE_CURVE('',#1600,#1604,#996,.T.);
#1979=EDGE_CURVE('',#1602,#1599,#224,.T.);
#1980=EDGE_CURVE('',#1606,#1593,#997,.T.);
#1981=EDGE_CURVE('',#1607,#1606,#225,.F.);
#1982=EDGE_CURVE('',#1608,#1607,#998,.T.);
#1983=EDGE_CURVE('',#1609,#1608,#226,.T.);
#1984=EDGE_CURVE('',#1605,#1609,#999,.T.);
#1985=EDGE_CURVE('',#1610,#1611,#227,.T.);
#1986=EDGE_CURVE('',#1611,#1612,#1000,.T.);
#1987=EDGE_CURVE('',#1612,#1613,#228,.T.);
#1988=EDGE_CURVE('',#1613,#1614,#54,.T.);
#1989=EDGE_CURVE('',#1614,#1615,#229,.T.);
#1990=EDGE_CURVE('',#1615,#1616,#1001,.T.);
#1991=EDGE_CURVE('',#1616,#1617,#230,.T.);
#1992=EDGE_CURVE('',#1617,#1610,#55,.T.);
#1993=EDGE_CURVE('',#1618,#1616,#1002,.T.);
#1994=EDGE_CURVE('',#1619,#1618,#231,.T.);
#1995=EDGE_CURVE('',#1620,#1619,#1003,.T.);
#1996=EDGE_CURVE('',#1621,#1620,#1004,.T.);
#1997=EDGE_CURVE('',#1621,#1617,#1005,.T.);
#1998=EDGE_CURVE('',#1615,#1622,#1006,.T.);
#1999=EDGE_CURVE('',#1618,#1622,#1007,.T.);
#2000=EDGE_CURVE('',#1623,#1614,#1008,.T.);
#2001=EDGE_CURVE('',#1624,#1623,#1009,.T.);
#2002=EDGE_CURVE('',#1625,#1624,#232,.T.);
#2003=EDGE_CURVE('',#1626,#1625,#1010,.T.);
#2004=EDGE_CURVE('',#1626,#1627,#1011,.T.);
#2005=EDGE_CURVE('',#1628,#1627,#233,.T.);
#2006=EDGE_CURVE('',#1629,#1628,#1012,.T.);
#2007=EDGE_CURVE('',#1622,#1629,#234,.T.);
#2008=EDGE_CURVE('',#1630,#1613,#1013,.T.);
#2009=EDGE_CURVE('',#1631,#1630,#56,.T.);
#2010=EDGE_CURVE('',#1623,#1631,#57,.T.);
#2011=EDGE_CURVE('',#1632,#1621,#58,.T.);
#2012=EDGE_CURVE('',#1633,#1632,#59,.T.);
#2013=EDGE_CURVE('',#1633,#1610,#1014,.T.);
#2014=EDGE_CURVE('',#1634,#1620,#1015,.T.);
#2015=EDGE_CURVE('',#1635,#1634,#1016,.T.);
#2016=EDGE_CURVE('',#1632,#1635,#1017,.T.);
#2017=EDGE_CURVE('',#1636,#1631,#1018,.T.);
#2018=EDGE_CURVE('',#1637,#1636,#1019,.T.);
#2019=EDGE_CURVE('',#1624,#1637,#1020,.T.);
#2020=EDGE_CURVE('',#1635,#1638,#235,.F.);
#2021=EDGE_CURVE('',#1638,#1633,#1021,.T.);
#2022=EDGE_CURVE('',#1630,#1639,#1022,.T.);
#2023=EDGE_CURVE('',#1639,#1636,#236,.F.);
#2024=EDGE_CURVE('',#1640,#1641,#237,.T.);
#2025=EDGE_CURVE('',#1641,#1642,#1023,.T.);
#2026=EDGE_CURVE('',#1642,#1643,#238,.T.);
#2027=EDGE_CURVE('',#1643,#1644,#60,.T.);
#2028=EDGE_CURVE('',#1644,#1645,#239,.T.);
#2029=EDGE_CURVE('',#1645,#1646,#1024,.T.);
#2030=EDGE_CURVE('',#1646,#1647,#240,.T.);
#2031=EDGE_CURVE('',#1647,#1640,#61,.T.);
#2032=EDGE_CURVE('',#1648,#1633,#1025,.T.);
#2033=EDGE_CURVE('',#1648,#1647,#1026,.T.);
#2034=EDGE_CURVE('',#1611,#1646,#1027,.T.);
#2035=EDGE_CURVE('',#1645,#1612,#1028,.T.);
#2036=EDGE_CURVE('',#1649,#1644,#1029,.T.);
#2037=EDGE_CURVE('',#1630,#1649,#1030,.T.);
#2038=EDGE_CURVE('',#1650,#1643,#1031,.T.);
#2039=EDGE_CURVE('',#1649,#1650,#62,.T.);
#2040=EDGE_CURVE('',#1651,#1648,#63,.T.);
#2041=EDGE_CURVE('',#1651,#1640,#1032,.T.);
#2042=EDGE_CURVE('',#1650,#1652,#1033,.T.);
#2043=EDGE_CURVE('',#1652,#1653,#241,.F.);
#2044=EDGE_CURVE('',#1653,#1649,#1034,.T.);
#2045=EDGE_CURVE('',#1654,#1655,#242,.T.);
#2046=EDGE_CURVE('',#1655,#1656,#1035,.T.);
#2047=EDGE_CURVE('',#1656,#1657,#243,.T.);
#2048=EDGE_CURVE('',#1657,#1658,#64,.T.);
#2049=EDGE_CURVE('',#1658,#1659,#244,.T.);
#2050=EDGE_CURVE('',#1659,#1628,#1036,.T.);
#2051=EDGE_CURVE('',#1627,#1654,#65,.T.);
#2052=EDGE_CURVE('',#1659,#1660,#1037,.T.);
#2053=EDGE_CURVE('',#1629,#1660,#1038,.T.);
#2054=EDGE_CURVE('',#1661,#1658,#1039,.T.);
#2055=EDGE_CURVE('',#1661,#1662,#1040,.T.);
#2056=EDGE_CURVE('',#1662,#1663,#1041,.T.);
#2057=EDGE_CURVE('',#1660,#1663,#245,.T.);
#2058=EDGE_CURVE('',#1664,#1657,#1042,.T.);
#2059=EDGE_CURVE('',#1661,#1664,#66,.T.);
#2060=EDGE_CURVE('',#1665,#1626,#67,.T.);
#2061=EDGE_CURVE('',#1665,#1654,#1043,.T.);
#2062=EDGE_CURVE('',#1626,#1666,#1044,.T.);
#2063=EDGE_CURVE('',#1666,#1667,#246,.F.);
#2064=EDGE_CURVE('',#1667,#1665,#1045,.T.);
#2065=EDGE_CURVE('',#1664,#1668,#1046,.T.);
#2066=EDGE_CURVE('',#1668,#1669,#247,.F.);
#2067=EDGE_CURVE('',#1669,#1661,#1047,.T.);
#2068=EDGE_CURVE('',#1663,#1619,#68,.T.);
#2069=EDGE_CURVE('',#1620,#1662,#69,.T.);
#2070=EDGE_CURVE('',#1637,#1670,#248,.F.);
#2071=EDGE_CURVE('',#1670,#1625,#1048,.T.);
#2072=EDGE_CURVE('',#1671,#1638,#1049,.T.);
#2073=EDGE_CURVE('',#1648,#1671,#1050,.T.);
#2074=EDGE_CURVE('',#1639,#1653,#1051,.T.);
#2075=EDGE_CURVE('',#1672,#1669,#1052,.T.);
#2076=EDGE_CURVE('',#1662,#1672,#1053,.T.);
#2077=EDGE_CURVE('',#1655,#1642,#1054,.T.);
#2078=EDGE_CURVE('',#1650,#1665,#1055,.T.);
#2079=EDGE_CURVE('',#1652,#1667,#1056,.T.);
#2080=EDGE_CURVE('',#1651,#1664,#1057,.T.);
#2081=EDGE_CURVE('',#1673,#1651,#1058,.T.);
#2082=EDGE_CURVE('',#1668,#1673,#1059,.T.);
#2083=EDGE_CURVE('',#1669,#1674,#249,.F.);
#2084=EDGE_CURVE('',#1674,#1668,#250,.F.);
#2085=EDGE_CURVE('',#1673,#1675,#251,.F.);
#2086=EDGE_CURVE('',#1671,#1673,#252,.F.);
#2087=EDGE_CURVE('',#1675,#1671,#253,.F.);
#2088=EDGE_CURVE('',#1676,#1666,#254,.F.);
#2089=EDGE_CURVE('',#1667,#1676,#255,.F.);
#2090=EDGE_CURVE('',#1634,#1677,#256,.F.);
#2091=EDGE_CURVE('',#1672,#1634,#257,.F.);
#2092=EDGE_CURVE('',#1677,#1672,#258,.F.);
#2093=EDGE_CURVE('',#1678,#1652,#259,.F.);
#2094=EDGE_CURVE('',#1653,#1678,#260,.F.);
#2095=EDGE_CURVE('',#1676,#1678,#1060,.T.);
#2096=EDGE_CURVE('',#1638,#1679,#261,.F.);
#2097=EDGE_CURVE('',#1679,#1635,#262,.F.);
#2098=EDGE_CURVE('',#1680,#1637,#263,.F.);
#2099=EDGE_CURVE('',#1670,#1680,#264,.F.);
#2100=EDGE_CURVE('',#1681,#1639,#265,.F.);
#2101=EDGE_CURVE('',#1636,#1681,#266,.F.);
#2102=EDGE_CURVE('',#1681,#1680,#1061,.T.);
#2103=EDGE_CURVE('',#1678,#1681,#1062,.T.);
#2104=EDGE_CURVE('',#1666,#1670,#1063,.T.);
#2105=EDGE_CURVE('',#1680,#1676,#1064,.T.);
#2106=EDGE_CURVE('',#1677,#1679,#1065,.T.);
#2107=EDGE_CURVE('',#1679,#1675,#1066,.T.);
#2108=EDGE_CURVE('',#1674,#1677,#1067,.T.);
#2109=EDGE_CURVE('',#1675,#1674,#1068,.T.);
#2110=EDGE_CURVE('',#1682,#1682,#267,.F.);
#2111=EDGE_CURVE('',#1683,#1683,#268,.F.);
#2112=EDGE_CURVE('',#1684,#1684,#269,.F.);
#2113=EDGE_CURVE('',#1685,#1685,#270,.F.);
#2114=EDGE_CURVE('',#1686,#1686,#271,.F.);
#2115=EDGE_CURVE('',#1687,#1687,#272,.F.);
#2116=EDGE_CURVE('',#1688,#1688,#273,.F.);
#2117=EDGE_CURVE('',#1689,#1689,#274,.F.);
#2118=EDGE_CURVE('',#1690,#1691,#1069,.T.);
#2119=EDGE_CURVE('',#1691,#1692,#1070,.T.);
#2120=EDGE_CURVE('',#1692,#1693,#1071,.T.);
#2121=EDGE_CURVE('',#1693,#1694,#275,.T.);
#2122=EDGE_CURVE('',#1694,#1695,#1072,.T.);
#2123=EDGE_CURVE('',#1695,#1696,#276,.T.);
#2124=EDGE_CURVE('',#1696,#1609,#1073,.T.);
#2125=EDGE_CURVE('',#1608,#1697,#1074,.T.);
#2126=EDGE_CURVE('',#1697,#1690,#277,.T.);
#2127=EDGE_CURVE('',#1698,#1699,#1075,.T.);
#2128=EDGE_CURVE('',#1699,#1700,#278,.T.);
#2129=EDGE_CURVE('',#1700,#1698,#1076,.T.);
#2130=EDGE_CURVE('',#1701,#1702,#1077,.F.);
#2131=EDGE_CURVE('',#1702,#1703,#1078,.F.);
#2132=EDGE_CURVE('',#1703,#1701,#279,.F.);
#2133=EDGE_CURVE('',#1704,#1705,#280,.F.);
#2134=EDGE_CURVE('',#1705,#1706,#1079,.F.);
#2135=EDGE_CURVE('',#1706,#1707,#281,.F.);
#2136=EDGE_CURVE('',#1707,#1708,#1080,.F.);
#2137=EDGE_CURVE('',#1708,#1709,#1081,.F.);
#2138=EDGE_CURVE('',#1709,#1710,#1082,.F.);
#2139=EDGE_CURVE('',#1710,#1711,#282,.F.);
#2140=EDGE_CURVE('',#1711,#1607,#1083,.F.);
#2141=EDGE_CURVE('',#1606,#1704,#1084,.F.);
#2142=EDGE_CURVE('',#1641,#1656,#1085,.T.);
#2143=EDGE_CURVE('',#1702,#1698,#1086,.F.);
#2144=EDGE_CURVE('',#1700,#1703,#1087,.T.);
#2145=EDGE_CURVE('',#1711,#1697,#1088,.T.);
#2146=EDGE_CURVE('',#1705,#1695,#1089,.T.);
#2147=EDGE_CURVE('',#1694,#1706,#1090,.T.);
#2148=EDGE_CURVE('',#1696,#1704,#1091,.T.);
#2149=EDGE_CURVE('',#1686,#1682,#1092,.T.);
#2150=EDGE_CURVE('',#1687,#1683,#1093,.T.);
#2151=EDGE_CURVE('',#1688,#1684,#1094,.T.);
#2152=EDGE_CURVE('',#1689,#1685,#1095,.T.);
#2153=EDGE_CURVE('',#1707,#1693,#1096,.T.);
#2154=EDGE_CURVE('',#1708,#1692,#1097,.T.);
#2155=EDGE_CURVE('',#1709,#1691,#1098,.F.);
#2156=EDGE_CURVE('',#1690,#1710,#1099,.T.);
#2157=EDGE_CURVE('',#1701,#1699,#1100,.T.);
#2158=EDGE_CURVE('',#1712,#1713,#1101,.T.);
#2159=EDGE_CURVE('',#1714,#1712,#1102,.T.);
#2160=EDGE_CURVE('',#1715,#1714,#1103,.T.);
#2161=EDGE_CURVE('',#1713,#1715,#1104,.T.);
#2162=EDGE_CURVE('',#1716,#1717,#1105,.T.);
#2163=EDGE_CURVE('',#1716,#1718,#1106,.T.);
#2164=EDGE_CURVE('',#1719,#1718,#1107,.T.);
#2165=EDGE_CURVE('',#1719,#1717,#1108,.T.);
#2166=EDGE_CURVE('',#1717,#1720,#1109,.T.);
#2167=EDGE_CURVE('',#1721,#1719,#1110,.T.);
#2168=EDGE_CURVE('',#1720,#1721,#1111,.T.);
#2169=EDGE_CURVE('',#1713,#1716,#1112,.T.);
#2170=EDGE_CURVE('',#1718,#1715,#1113,.T.);
#2171=EDGE_CURVE('',#1722,#1723,#1114,.T.);
#2172=EDGE_CURVE('',#1724,#1722,#1115,.T.);
#2173=EDGE_CURVE('',#1725,#1724,#1116,.T.);
#2174=EDGE_CURVE('',#1723,#1725,#1117,.T.);
#2175=EDGE_CURVE('',#1726,#1726,#283,.F.);
#2176=EDGE_CURVE('',#1720,#1712,#284,.F.);
#2177=EDGE_CURVE('',#1727,#1727,#285,.F.);
#2178=EDGE_CURVE('',#1728,#1728,#286,.F.);
#2179=EDGE_CURVE('',#1723,#1729,#287,.T.);
#2180=EDGE_CURVE('',#1729,#1730,#1118,.T.);
#2181=EDGE_CURVE('',#1730,#1722,#288,.T.);
#2182=EDGE_CURVE('',#1725,#1731,#289,.T.);
#2183=EDGE_CURVE('',#1731,#1732,#1119,.T.);
#2184=EDGE_CURVE('',#1732,#1723,#290,.T.);
#2185=EDGE_CURVE('',#1732,#1729,#291,.T.);
#2186=EDGE_CURVE('',#1724,#1733,#292,.T.);
#2187=EDGE_CURVE('',#1733,#1734,#1120,.T.);
#2188=EDGE_CURVE('',#1734,#1725,#293,.T.);
#2189=EDGE_CURVE('',#1734,#1731,#294,.T.);
#2190=EDGE_CURVE('',#1722,#1735,#295,.T.);
#2191=EDGE_CURVE('',#1735,#1736,#1121,.T.);
#2192=EDGE_CURVE('',#1736,#1724,#296,.T.);
#2193=EDGE_CURVE('',#1736,#1733,#297,.T.);
#2194=EDGE_CURVE('',#1730,#1735,#298,.T.);
#2195=EDGE_CURVE('',#1734,#1737,#1122,.T.);
#2196=EDGE_CURVE('',#1737,#1738,#299,.T.);
#2197=EDGE_CURVE('',#1738,#1731,#1123,.T.);
#2198=EDGE_CURVE('',#1739,#1733,#1124,.T.);
#2199=EDGE_CURVE('',#1737,#1739,#1125,.T.);
#2200=EDGE_CURVE('',#1736,#1740,#1126,.T.);
#2201=EDGE_CURVE('',#1740,#1739,#300,.T.);
#2202=EDGE_CURVE('',#1741,#1735,#1127,.T.);
#2203=EDGE_CURVE('',#1740,#1741,#1128,.T.);
#2204=EDGE_CURVE('',#1742,#1737,#301,.T.);
#2205=EDGE_CURVE('',#1739,#1743,#302,.T.);
#2206=EDGE_CURVE('',#1743,#1742,#1129,.T.);
#2207=EDGE_CURVE('',#1742,#1738,#303,.T.);
#2208=EDGE_CURVE('',#1740,#1743,#304,.T.);
#2209=EDGE_CURVE('',#1742,#1744,#1130,.T.);
#2210=EDGE_CURVE('',#1744,#1745,#305,.T.);
#2211=EDGE_CURVE('',#1745,#1738,#1131,.T.);
#2212=EDGE_CURVE('',#1746,#1743,#1132,.T.);
#2213=EDGE_CURVE('',#1744,#1746,#1133,.T.);
#2214=EDGE_CURVE('',#1714,#1721,#306,.T.);
#2215=EDGE_CURVE('',#1747,#1747,#307,.T.);
#2216=EDGE_CURVE('',#1748,#1748,#308,.T.);
#2217=EDGE_CURVE('',#1749,#1749,#309,.T.);
#2218=EDGE_CURVE('',#1746,#1741,#310,.T.);
#2219=EDGE_CURVE('',#1732,#1745,#1134,.T.);
#2220=EDGE_CURVE('',#1745,#1750,#311,.T.);
#2221=EDGE_CURVE('',#1750,#1729,#1135,.T.);
#2222=EDGE_CURVE('',#1744,#1750,#312,.T.);
#2223=EDGE_CURVE('',#1751,#1750,#1136,.T.);
#2224=EDGE_CURVE('',#1730,#1751,#1137,.T.);
#2225=EDGE_CURVE('',#1746,#1751,#313,.T.);
#2226=EDGE_CURVE('',#1751,#1741,#314,.T.);
#2227=EDGE_CURVE('',#1726,#1749,#1138,.T.);
#2228=EDGE_CURVE('',#1727,#1748,#1139,.T.);
#2229=EDGE_CURVE('',#1728,#1747,#1140,.T.);
#2230=ORIENTED_EDGE('',*,*,#1752,.F.);
#2231=ORIENTED_EDGE('',*,*,#1753,.F.);
#2232=ORIENTED_EDGE('',*,*,#1754,.F.);
#2233=ORIENTED_EDGE('',*,*,#1755,.T.);
#2234=ORIENTED_EDGE('',*,*,#1756,.F.);
#2235=ORIENTED_EDGE('',*,*,#1757,.F.);
#2236=ORIENTED_EDGE('',*,*,#1758,.F.);
#2237=ORIENTED_EDGE('',*,*,#1753,.T.);
#2238=ORIENTED_EDGE('',*,*,#1759,.F.);
#2239=ORIENTED_EDGE('',*,*,#1760,.F.);
#2240=ORIENTED_EDGE('',*,*,#1761,.F.);
#2241=ORIENTED_EDGE('',*,*,#1757,.T.);
#2242=ORIENTED_EDGE('',*,*,#1762,.F.);
#2243=ORIENTED_EDGE('',*,*,#1755,.F.);
#2244=ORIENTED_EDGE('',*,*,#1763,.F.);
#2245=ORIENTED_EDGE('',*,*,#1760,.T.);
#2246=ORIENTED_EDGE('',*,*,#1764,.F.);
#2247=ORIENTED_EDGE('',*,*,#1765,.F.);
#2248=ORIENTED_EDGE('',*,*,#1766,.F.);
#2249=ORIENTED_EDGE('',*,*,#1767,.T.);
#2250=ORIENTED_EDGE('',*,*,#1768,.F.);
#2251=ORIENTED_EDGE('',*,*,#1769,.F.);
#2252=ORIENTED_EDGE('',*,*,#1770,.F.);
#2253=ORIENTED_EDGE('',*,*,#1765,.T.);
#2254=ORIENTED_EDGE('',*,*,#1771,.F.);
#2255=ORIENTED_EDGE('',*,*,#1772,.F.);
#2256=ORIENTED_EDGE('',*,*,#1773,.F.);
#2257=ORIENTED_EDGE('',*,*,#1769,.T.);
#2258=ORIENTED_EDGE('',*,*,#1774,.F.);
#2259=ORIENTED_EDGE('',*,*,#1767,.F.);
#2260=ORIENTED_EDGE('',*,*,#1775,.F.);
#2261=ORIENTED_EDGE('',*,*,#1772,.T.);
#2262=ORIENTED_EDGE('',*,*,#1776,.F.);
#2263=ORIENTED_EDGE('',*,*,#1777,.F.);
#2264=ORIENTED_EDGE('',*,*,#1778,.F.);
#2265=ORIENTED_EDGE('',*,*,#1779,.T.);
#2266=ORIENTED_EDGE('',*,*,#1780,.F.);
#2267=ORIENTED_EDGE('',*,*,#1781,.F.);
#2268=ORIENTED_EDGE('',*,*,#1782,.F.);
#2269=ORIENTED_EDGE('',*,*,#1777,.T.);
#2270=ORIENTED_EDGE('',*,*,#1783,.F.);
#2271=ORIENTED_EDGE('',*,*,#1784,.F.);
#2272=ORIENTED_EDGE('',*,*,#1785,.F.);
#2273=ORIENTED_EDGE('',*,*,#1781,.T.);
#2274=ORIENTED_EDGE('',*,*,#1786,.F.);
#2275=ORIENTED_EDGE('',*,*,#1779,.F.);
#2276=ORIENTED_EDGE('',*,*,#1787,.F.);
#2277=ORIENTED_EDGE('',*,*,#1784,.T.);
#2278=ORIENTED_EDGE('',*,*,#1788,.T.);
#2279=ORIENTED_EDGE('',*,*,#1789,.T.);
#2280=ORIENTED_EDGE('',*,*,#1790,.T.);
#2281=ORIENTED_EDGE('',*,*,#1791,.T.);
#2282=ORIENTED_EDGE('',*,*,#1792,.F.);
#2283=ORIENTED_EDGE('',*,*,#1793,.T.);
#2284=ORIENTED_EDGE('',*,*,#1788,.F.);
#2285=ORIENTED_EDGE('',*,*,#1794,.F.);
#2286=ORIENTED_EDGE('',*,*,#1795,.F.);
#2287=ORIENTED_EDGE('',*,*,#1796,.T.);
#2288=ORIENTED_EDGE('',*,*,#1789,.F.);
#2289=ORIENTED_EDGE('',*,*,#1793,.F.);
#2290=ORIENTED_EDGE('',*,*,#1797,.F.);
#2291=ORIENTED_EDGE('',*,*,#1798,.T.);
#2292=ORIENTED_EDGE('',*,*,#1790,.F.);
#2293=ORIENTED_EDGE('',*,*,#1796,.F.);
#2294=ORIENTED_EDGE('',*,*,#1799,.F.);
#2295=ORIENTED_EDGE('',*,*,#1794,.T.);
#2296=ORIENTED_EDGE('',*,*,#1791,.F.);
#2297=ORIENTED_EDGE('',*,*,#1798,.F.);
#2298=ORIENTED_EDGE('',*,*,#1800,.F.);
#2299=ORIENTED_EDGE('',*,*,#1801,.F.);
#2300=ORIENTED_EDGE('',*,*,#1802,.F.);
#2301=ORIENTED_EDGE('',*,*,#1803,.F.);
#2302=ORIENTED_EDGE('',*,*,#1782,.T.);
#2303=ORIENTED_EDGE('',*,*,#1785,.T.);
#2304=ORIENTED_EDGE('',*,*,#1787,.T.);
#2305=ORIENTED_EDGE('',*,*,#1778,.T.);
#2306=ORIENTED_EDGE('',*,*,#1770,.T.);
#2307=ORIENTED_EDGE('',*,*,#1773,.T.);
#2308=ORIENTED_EDGE('',*,*,#1775,.T.);
#2309=ORIENTED_EDGE('',*,*,#1766,.T.);
#2310=ORIENTED_EDGE('',*,*,#1758,.T.);
#2311=ORIENTED_EDGE('',*,*,#1761,.T.);
#2312=ORIENTED_EDGE('',*,*,#1763,.T.);
#2313=ORIENTED_EDGE('',*,*,#1754,.T.);
#2314=ORIENTED_EDGE('',*,*,#1804,.T.);
#2315=ORIENTED_EDGE('',*,*,#1805,.T.);
#2316=ORIENTED_EDGE('',*,*,#1806,.T.);
#2317=ORIENTED_EDGE('',*,*,#1807,.T.);
#2318=ORIENTED_EDGE('',*,*,#1808,.T.);
#2319=ORIENTED_EDGE('',*,*,#1809,.T.);
#2320=ORIENTED_EDGE('',*,*,#1810,.T.);
#2321=ORIENTED_EDGE('',*,*,#1800,.T.);
#2322=ORIENTED_EDGE('',*,*,#1811,.T.);
#2323=ORIENTED_EDGE('',*,*,#1812,.T.);
#2324=ORIENTED_EDGE('',*,*,#1813,.T.);
#2325=ORIENTED_EDGE('',*,*,#1803,.T.);
#2326=ORIENTED_EDGE('',*,*,#1813,.F.);
#2327=ORIENTED_EDGE('',*,*,#1814,.T.);
#2328=ORIENTED_EDGE('',*,*,#1808,.F.);
#2329=ORIENTED_EDGE('',*,*,#1815,.T.);
#2330=ORIENTED_EDGE('',*,*,#1816,.T.);
#2331=ORIENTED_EDGE('',*,*,#1817,.T.);
#2332=ORIENTED_EDGE('',*,*,#1802,.T.);
#2333=ORIENTED_EDGE('',*,*,#1817,.F.);
#2334=ORIENTED_EDGE('',*,*,#1818,.T.);
#2335=ORIENTED_EDGE('',*,*,#1811,.F.);
#2336=ORIENTED_EDGE('',*,*,#1819,.T.);
#2337=ORIENTED_EDGE('',*,*,#1820,.T.);
#2338=ORIENTED_EDGE('',*,*,#1821,.T.);
#2339=ORIENTED_EDGE('',*,*,#1801,.T.);
#2340=ORIENTED_EDGE('',*,*,#1821,.F.);
#2341=ORIENTED_EDGE('',*,*,#1822,.T.);
#2342=ORIENTED_EDGE('',*,*,#1815,.F.);
#2343=ORIENTED_EDGE('',*,*,#1810,.F.);
#2344=ORIENTED_EDGE('',*,*,#1823,.T.);
#2345=ORIENTED_EDGE('',*,*,#1819,.F.);
#2346=ORIENTED_EDGE('',*,*,#1818,.F.);
#2347=ORIENTED_EDGE('',*,*,#1824,.T.);
#2348=ORIENTED_EDGE('',*,*,#1825,.T.);
#2349=ORIENTED_EDGE('',*,*,#1826,.T.);
#2350=ORIENTED_EDGE('',*,*,#1816,.F.);
#2351=ORIENTED_EDGE('',*,*,#1827,.F.);
#2352=ORIENTED_EDGE('',*,*,#1828,.F.);
#2353=ORIENTED_EDGE('',*,*,#1824,.F.);
#2354=ORIENTED_EDGE('',*,*,#1822,.F.);
#2355=ORIENTED_EDGE('',*,*,#1829,.T.);
#2356=ORIENTED_EDGE('',*,*,#1830,.T.);
#2357=ORIENTED_EDGE('',*,*,#1827,.T.);
#2358=ORIENTED_EDGE('',*,*,#1820,.F.);
#2359=ORIENTED_EDGE('',*,*,#1831,.F.);
#2360=ORIENTED_EDGE('',*,*,#1832,.F.);
#2361=ORIENTED_EDGE('',*,*,#1829,.F.);
#2362=ORIENTED_EDGE('',*,*,#1833,.T.);
#2363=ORIENTED_EDGE('',*,*,#1828,.T.);
#2364=ORIENTED_EDGE('',*,*,#1834,.T.);
#2365=ORIENTED_EDGE('',*,*,#1835,.T.);
#2366=ORIENTED_EDGE('',*,*,#1833,.F.);
#2367=ORIENTED_EDGE('',*,*,#1836,.T.);
#2368=ORIENTED_EDGE('',*,*,#1825,.F.);
#2369=ORIENTED_EDGE('',*,*,#1830,.F.);
#2370=ORIENTED_EDGE('',*,*,#1837,.T.);
#2371=ORIENTED_EDGE('',*,*,#1834,.F.);
#2372=ORIENTED_EDGE('',*,*,#1836,.F.);
#2373=ORIENTED_EDGE('',*,*,#1838,.T.);
#2374=ORIENTED_EDGE('',*,*,#1839,.T.);
#2375=ORIENTED_EDGE('',*,*,#1840,.T.);
#2376=ORIENTED_EDGE('',*,*,#1835,.F.);
#2377=ORIENTED_EDGE('',*,*,#1841,.F.);
#2378=ORIENTED_EDGE('',*,*,#1842,.F.);
#2379=ORIENTED_EDGE('',*,*,#1838,.F.);
#2380=ORIENTED_EDGE('',*,*,#1756,.T.);
#2381=ORIENTED_EDGE('',*,*,#1752,.T.);
#2382=ORIENTED_EDGE('',*,*,#1762,.T.);
#2383=ORIENTED_EDGE('',*,*,#1759,.T.);
#2384=ORIENTED_EDGE('',*,*,#1768,.T.);
#2385=ORIENTED_EDGE('',*,*,#1764,.T.);
#2386=ORIENTED_EDGE('',*,*,#1774,.T.);
#2387=ORIENTED_EDGE('',*,*,#1771,.T.);
#2388=ORIENTED_EDGE('',*,*,#1780,.T.);
#2389=ORIENTED_EDGE('',*,*,#1776,.T.);
#2390=ORIENTED_EDGE('',*,*,#1786,.T.);
#2391=ORIENTED_EDGE('',*,*,#1783,.T.);
#2392=ORIENTED_EDGE('',*,*,#1799,.T.);
#2393=ORIENTED_EDGE('',*,*,#1797,.T.);
#2394=ORIENTED_EDGE('',*,*,#1795,.T.);
#2395=ORIENTED_EDGE('',*,*,#1792,.T.);
#2396=ORIENTED_EDGE('',*,*,#1843,.T.);
#2397=ORIENTED_EDGE('',*,*,#1844,.T.);
#2398=ORIENTED_EDGE('',*,*,#1845,.T.);
#2399=ORIENTED_EDGE('',*,*,#1846,.T.);
#2400=ORIENTED_EDGE('',*,*,#1837,.F.);
#2401=ORIENTED_EDGE('',*,*,#1832,.T.);
#2402=ORIENTED_EDGE('',*,*,#1847,.F.);
#2403=ORIENTED_EDGE('',*,*,#1841,.T.);
#2404=ORIENTED_EDGE('',*,*,#1814,.F.);
#2405=ORIENTED_EDGE('',*,*,#1848,.T.);
#2406=ORIENTED_EDGE('',*,*,#1849,.T.);
#2407=ORIENTED_EDGE('',*,*,#1850,.T.);
#2408=ORIENTED_EDGE('',*,*,#1839,.F.);
#2409=ORIENTED_EDGE('',*,*,#1851,.T.);
#2410=ORIENTED_EDGE('',*,*,#1849,.F.);
#2411=ORIENTED_EDGE('',*,*,#1809,.F.);
#2412=ORIENTED_EDGE('',*,*,#1850,.F.);
#2413=ORIENTED_EDGE('',*,*,#1852,.F.);
#2414=ORIENTED_EDGE('',*,*,#1853,.F.);
#2415=ORIENTED_EDGE('',*,*,#1851,.F.);
#2416=ORIENTED_EDGE('',*,*,#1842,.T.);
#2417=ORIENTED_EDGE('',*,*,#1854,.T.);
#2418=ORIENTED_EDGE('',*,*,#1852,.T.);
#2419=ORIENTED_EDGE('',*,*,#1823,.F.);
#2420=ORIENTED_EDGE('',*,*,#1853,.T.);
#2421=ORIENTED_EDGE('',*,*,#1855,.T.);
#2422=ORIENTED_EDGE('',*,*,#1831,.T.);
#2423=ORIENTED_EDGE('',*,*,#1854,.F.);
#2424=ORIENTED_EDGE('',*,*,#1847,.T.);
#2425=ORIENTED_EDGE('',*,*,#1855,.F.);
#2426=ORIENTED_EDGE('',*,*,#1804,.F.);
#2427=ORIENTED_EDGE('',*,*,#1856,.T.);
#2428=ORIENTED_EDGE('',*,*,#1846,.F.);
#2429=ORIENTED_EDGE('',*,*,#1856,.F.);
#2430=ORIENTED_EDGE('',*,*,#1805,.F.);
#2431=ORIENTED_EDGE('',*,*,#1857,.T.);
#2432=ORIENTED_EDGE('',*,*,#1843,.F.);
#2433=ORIENTED_EDGE('',*,*,#1857,.F.);
#2434=ORIENTED_EDGE('',*,*,#1806,.F.);
#2435=ORIENTED_EDGE('',*,*,#1858,.T.);
#2436=ORIENTED_EDGE('',*,*,#1845,.F.);
#2437=ORIENTED_EDGE('',*,*,#1858,.F.);
#2438=ORIENTED_EDGE('',*,*,#1807,.F.);
#2439=ORIENTED_EDGE('',*,*,#1859,.T.);
#2440=ORIENTED_EDGE('',*,*,#1844,.F.);
#2441=ORIENTED_EDGE('',*,*,#1859,.F.);
#2442=ORIENTED_EDGE('',*,*,#1812,.F.);
#2443=ORIENTED_EDGE('',*,*,#1826,.F.);
#2444=ORIENTED_EDGE('',*,*,#1840,.F.);
#2445=ORIENTED_EDGE('',*,*,#1848,.F.);
#2446=ORIENTED_EDGE('',*,*,#1860,.T.);
#2447=ORIENTED_EDGE('',*,*,#1861,.T.);
#2448=ORIENTED_EDGE('',*,*,#1862,.T.);
#2449=ORIENTED_EDGE('',*,*,#1861,.F.);
#2450=ORIENTED_EDGE('',*,*,#1863,.T.);
#2451=ORIENTED_EDGE('',*,*,#1860,.F.);
#2452=ORIENTED_EDGE('',*,*,#1864,.T.);
#2453=ORIENTED_EDGE('',*,*,#1865,.T.);
#2454=ORIENTED_EDGE('',*,*,#1862,.F.);
#2455=ORIENTED_EDGE('',*,*,#1865,.F.);
#2456=ORIENTED_EDGE('',*,*,#1864,.F.);
#2457=ORIENTED_EDGE('',*,*,#1866,.T.);
#2458=ORIENTED_EDGE('',*,*,#1867,.F.);
#2459=ORIENTED_EDGE('',*,*,#1866,.F.);
#2460=ORIENTED_EDGE('',*,*,#1868,.F.);
#2461=ORIENTED_EDGE('',*,*,#1869,.F.);
#2462=ORIENTED_EDGE('',*,*,#1870,.T.);
#2463=ORIENTED_EDGE('',*,*,#1870,.F.);
#2464=ORIENTED_EDGE('',*,*,#1871,.F.);
#2465=ORIENTED_EDGE('',*,*,#1872,.T.);
#2466=ORIENTED_EDGE('',*,*,#1872,.F.);
#2467=ORIENTED_EDGE('',*,*,#1873,.F.);
#2468=ORIENTED_EDGE('',*,*,#1874,.T.);
#2469=ORIENTED_EDGE('',*,*,#1874,.F.);
#2470=ORIENTED_EDGE('',*,*,#1875,.F.);
#2471=ORIENTED_EDGE('',*,*,#1876,.T.);
#2472=ORIENTED_EDGE('',*,*,#1876,.F.);
#2473=ORIENTED_EDGE('',*,*,#1877,.F.);
#2474=ORIENTED_EDGE('',*,*,#1878,.T.);
#2475=ORIENTED_EDGE('',*,*,#1878,.F.);
#2476=ORIENTED_EDGE('',*,*,#1879,.F.);
#2477=ORIENTED_EDGE('',*,*,#1868,.T.);
#2478=ORIENTED_EDGE('',*,*,#1880,.F.);
#2479=ORIENTED_EDGE('',*,*,#1881,.T.);
#2480=ORIENTED_EDGE('',*,*,#1869,.T.);
#2481=ORIENTED_EDGE('',*,*,#1882,.F.);
#2482=ORIENTED_EDGE('',*,*,#1883,.F.);
#2483=ORIENTED_EDGE('',*,*,#1884,.T.);
#2484=ORIENTED_EDGE('',*,*,#1871,.T.);
#2485=ORIENTED_EDGE('',*,*,#1881,.F.);
#2486=ORIENTED_EDGE('',*,*,#1885,.F.);
#2487=ORIENTED_EDGE('',*,*,#1886,.T.);
#2488=ORIENTED_EDGE('',*,*,#1873,.T.);
#2489=ORIENTED_EDGE('',*,*,#1884,.F.);
#2490=ORIENTED_EDGE('',*,*,#1887,.F.);
#2491=ORIENTED_EDGE('',*,*,#1888,.T.);
#2492=ORIENTED_EDGE('',*,*,#1875,.T.);
#2493=ORIENTED_EDGE('',*,*,#1886,.F.);
#2494=ORIENTED_EDGE('',*,*,#1889,.F.);
#2495=ORIENTED_EDGE('',*,*,#1890,.T.);
#2496=ORIENTED_EDGE('',*,*,#1877,.T.);
#2497=ORIENTED_EDGE('',*,*,#1888,.F.);
#2498=ORIENTED_EDGE('',*,*,#1891,.F.);
#2499=ORIENTED_EDGE('',*,*,#1882,.T.);
#2500=ORIENTED_EDGE('',*,*,#1879,.T.);
#2501=ORIENTED_EDGE('',*,*,#1890,.F.);
#2502=ORIENTED_EDGE('',*,*,#1892,.F.);
#2503=ORIENTED_EDGE('',*,*,#1893,.T.);
#2504=ORIENTED_EDGE('',*,*,#1863,.F.);
#2505=ORIENTED_EDGE('',*,*,#1894,.T.);
#2506=ORIENTED_EDGE('',*,*,#1892,.T.);
#2507=ORIENTED_EDGE('',*,*,#1894,.F.);
#2508=ORIENTED_EDGE('',*,*,#1867,.T.);
#2509=ORIENTED_EDGE('',*,*,#1895,.F.);
#2510=ORIENTED_EDGE('',*,*,#1880,.T.);
#2511=ORIENTED_EDGE('',*,*,#1891,.T.);
#2512=ORIENTED_EDGE('',*,*,#1889,.T.);
#2513=ORIENTED_EDGE('',*,*,#1887,.T.);
#2514=ORIENTED_EDGE('',*,*,#1885,.T.);
#2515=ORIENTED_EDGE('',*,*,#1883,.T.);
#2516=ORIENTED_EDGE('',*,*,#1895,.T.);
#2517=ORIENTED_EDGE('',*,*,#1896,.T.);
#2518=ORIENTED_EDGE('',*,*,#1893,.F.);
#2519=ORIENTED_EDGE('',*,*,#1896,.F.);
#2520=ORIENTED_EDGE('',*,*,#1897,.F.);
#2521=ORIENTED_EDGE('',*,*,#1898,.F.);
#2522=ORIENTED_EDGE('',*,*,#1899,.F.);
#2523=ORIENTED_EDGE('',*,*,#1900,.T.);
#2524=ORIENTED_EDGE('',*,*,#1901,.F.);
#2525=ORIENTED_EDGE('',*,*,#1902,.F.);
#2526=ORIENTED_EDGE('',*,*,#1903,.F.);
#2527=ORIENTED_EDGE('',*,*,#1898,.T.);
#2528=ORIENTED_EDGE('',*,*,#1904,.F.);
#2529=ORIENTED_EDGE('',*,*,#1905,.F.);
#2530=ORIENTED_EDGE('',*,*,#1906,.F.);
#2531=ORIENTED_EDGE('',*,*,#1902,.T.);
#2532=ORIENTED_EDGE('',*,*,#1907,.F.);
#2533=ORIENTED_EDGE('',*,*,#1900,.F.);
#2534=ORIENTED_EDGE('',*,*,#1908,.F.);
#2535=ORIENTED_EDGE('',*,*,#1905,.T.);
#2536=ORIENTED_EDGE('',*,*,#1909,.F.);
#2537=ORIENTED_EDGE('',*,*,#1910,.F.);
#2538=ORIENTED_EDGE('',*,*,#1911,.F.);
#2539=ORIENTED_EDGE('',*,*,#1912,.T.);
#2540=ORIENTED_EDGE('',*,*,#1913,.F.);
#2541=ORIENTED_EDGE('',*,*,#1914,.F.);
#2542=ORIENTED_EDGE('',*,*,#1915,.F.);
#2543=ORIENTED_EDGE('',*,*,#1910,.T.);
#2544=ORIENTED_EDGE('',*,*,#1916,.F.);
#2545=ORIENTED_EDGE('',*,*,#1917,.F.);
#2546=ORIENTED_EDGE('',*,*,#1918,.F.);
#2547=ORIENTED_EDGE('',*,*,#1914,.T.);
#2548=ORIENTED_EDGE('',*,*,#1919,.F.);
#2549=ORIENTED_EDGE('',*,*,#1912,.F.);
#2550=ORIENTED_EDGE('',*,*,#1920,.F.);
#2551=ORIENTED_EDGE('',*,*,#1917,.T.);
#2552=ORIENTED_EDGE('',*,*,#1921,.F.);
#2553=ORIENTED_EDGE('',*,*,#1922,.F.);
#2554=ORIENTED_EDGE('',*,*,#1923,.F.);
#2555=ORIENTED_EDGE('',*,*,#1924,.T.);
#2556=ORIENTED_EDGE('',*,*,#1925,.F.);
#2557=ORIENTED_EDGE('',*,*,#1926,.F.);
#2558=ORIENTED_EDGE('',*,*,#1927,.F.);
#2559=ORIENTED_EDGE('',*,*,#1922,.T.);
#2560=ORIENTED_EDGE('',*,*,#1928,.F.);
#2561=ORIENTED_EDGE('',*,*,#1929,.F.);
#2562=ORIENTED_EDGE('',*,*,#1930,.F.);
#2563=ORIENTED_EDGE('',*,*,#1926,.T.);
#2564=ORIENTED_EDGE('',*,*,#1931,.F.);
#2565=ORIENTED_EDGE('',*,*,#1924,.F.);
#2566=ORIENTED_EDGE('',*,*,#1932,.F.);
#2567=ORIENTED_EDGE('',*,*,#1929,.T.);
#2568=ORIENTED_EDGE('',*,*,#1933,.F.);
#2569=ORIENTED_EDGE('',*,*,#1934,.T.);
#2570=ORIENTED_EDGE('',*,*,#1935,.F.);
#2571=ORIENTED_EDGE('',*,*,#1936,.F.);
#2572=ORIENTED_EDGE('',*,*,#1937,.F.);
#2573=ORIENTED_EDGE('',*,*,#1903,.T.);
#2574=ORIENTED_EDGE('',*,*,#1906,.T.);
#2575=ORIENTED_EDGE('',*,*,#1908,.T.);
#2576=ORIENTED_EDGE('',*,*,#1899,.T.);
#2577=ORIENTED_EDGE('',*,*,#1915,.T.);
#2578=ORIENTED_EDGE('',*,*,#1918,.T.);
#2579=ORIENTED_EDGE('',*,*,#1920,.T.);
#2580=ORIENTED_EDGE('',*,*,#1911,.T.);
#2581=ORIENTED_EDGE('',*,*,#1927,.T.);
#2582=ORIENTED_EDGE('',*,*,#1930,.T.);
#2583=ORIENTED_EDGE('',*,*,#1932,.T.);
#2584=ORIENTED_EDGE('',*,*,#1923,.T.);
#2585=ORIENTED_EDGE('',*,*,#1938,.T.);
#2586=ORIENTED_EDGE('',*,*,#1939,.T.);
#2587=ORIENTED_EDGE('',*,*,#1940,.T.);
#2588=ORIENTED_EDGE('',*,*,#1941,.T.);
#2589=ORIENTED_EDGE('',*,*,#1942,.F.);
#2590=ORIENTED_EDGE('',*,*,#1943,.T.);
#2591=ORIENTED_EDGE('',*,*,#1938,.F.);
#2592=ORIENTED_EDGE('',*,*,#1944,.F.);
#2593=ORIENTED_EDGE('',*,*,#1945,.F.);
#2594=ORIENTED_EDGE('',*,*,#1946,.T.);
#2595=ORIENTED_EDGE('',*,*,#1939,.F.);
#2596=ORIENTED_EDGE('',*,*,#1943,.F.);
#2597=ORIENTED_EDGE('',*,*,#1947,.F.);
#2598=ORIENTED_EDGE('',*,*,#1948,.T.);
#2599=ORIENTED_EDGE('',*,*,#1940,.F.);
#2600=ORIENTED_EDGE('',*,*,#1946,.F.);
#2601=ORIENTED_EDGE('',*,*,#1949,.F.);
#2602=ORIENTED_EDGE('',*,*,#1944,.T.);
#2603=ORIENTED_EDGE('',*,*,#1941,.F.);
#2604=ORIENTED_EDGE('',*,*,#1948,.F.);
#2605=ORIENTED_EDGE('',*,*,#1950,.F.);
#2606=ORIENTED_EDGE('',*,*,#1951,.F.);
#2607=ORIENTED_EDGE('',*,*,#1952,.F.);
#2608=ORIENTED_EDGE('',*,*,#1934,.F.);
#2609=ORIENTED_EDGE('',*,*,#1953,.F.);
#2610=ORIENTED_EDGE('',*,*,#1954,.F.);
#2611=ORIENTED_EDGE('',*,*,#1955,.F.);
#2612=ORIENTED_EDGE('',*,*,#1956,.F.);
#2613=ORIENTED_EDGE('',*,*,#1951,.T.);
#2614=ORIENTED_EDGE('',*,*,#1949,.T.);
#2615=ORIENTED_EDGE('',*,*,#1947,.T.);
#2616=ORIENTED_EDGE('',*,*,#1945,.T.);
#2617=ORIENTED_EDGE('',*,*,#1942,.T.);
#2618=ORIENTED_EDGE('',*,*,#1925,.T.);
#2619=ORIENTED_EDGE('',*,*,#1921,.T.);
#2620=ORIENTED_EDGE('',*,*,#1931,.T.);
#2621=ORIENTED_EDGE('',*,*,#1928,.T.);
#2622=ORIENTED_EDGE('',*,*,#1913,.T.);
#2623=ORIENTED_EDGE('',*,*,#1909,.T.);
#2624=ORIENTED_EDGE('',*,*,#1919,.T.);
#2625=ORIENTED_EDGE('',*,*,#1916,.T.);
#2626=ORIENTED_EDGE('',*,*,#1901,.T.);
#2627=ORIENTED_EDGE('',*,*,#1897,.T.);
#2628=ORIENTED_EDGE('',*,*,#1907,.T.);
#2629=ORIENTED_EDGE('',*,*,#1904,.T.);
#2630=ORIENTED_EDGE('',*,*,#1933,.T.);
#2631=ORIENTED_EDGE('',*,*,#1957,.T.);
#2632=ORIENTED_EDGE('',*,*,#1953,.T.);
#2633=ORIENTED_EDGE('',*,*,#1950,.T.);
#2634=ORIENTED_EDGE('',*,*,#1936,.T.);
#2635=ORIENTED_EDGE('',*,*,#1958,.F.);
#2636=ORIENTED_EDGE('',*,*,#1955,.T.);
#2637=ORIENTED_EDGE('',*,*,#1959,.F.);
#2638=ORIENTED_EDGE('',*,*,#1935,.T.);
#2639=ORIENTED_EDGE('',*,*,#1952,.T.);
#2640=ORIENTED_EDGE('',*,*,#1956,.T.);
#2641=ORIENTED_EDGE('',*,*,#1958,.T.);
#2642=ORIENTED_EDGE('',*,*,#1937,.T.);
#2643=ORIENTED_EDGE('',*,*,#1959,.T.);
#2644=ORIENTED_EDGE('',*,*,#1954,.T.);
#2645=ORIENTED_EDGE('',*,*,#1957,.F.);
#2646=ORIENTED_EDGE('',*,*,#1960,.F.);
#2647=ORIENTED_EDGE('',*,*,#1961,.F.);
#2648=ORIENTED_EDGE('',*,*,#1962,.F.);
#2649=ORIENTED_EDGE('',*,*,#1963,.F.);
#2650=ORIENTED_EDGE('',*,*,#1964,.F.);
#2651=ORIENTED_EDGE('',*,*,#1965,.T.);
#2652=ORIENTED_EDGE('',*,*,#1966,.F.);
#2653=ORIENTED_EDGE('',*,*,#1967,.F.);
#2654=ORIENTED_EDGE('',*,*,#1968,.F.);
#2655=ORIENTED_EDGE('',*,*,#1969,.F.);
#2656=ORIENTED_EDGE('',*,*,#1963,.T.);
#2657=ORIENTED_EDGE('',*,*,#1970,.F.);
#2658=ORIENTED_EDGE('',*,*,#1971,.F.);
#2659=ORIENTED_EDGE('',*,*,#1972,.F.);
#2660=ORIENTED_EDGE('',*,*,#1961,.T.);
#2661=ORIENTED_EDGE('',*,*,#1973,.F.);
#2662=ORIENTED_EDGE('',*,*,#1965,.F.);
#2663=ORIENTED_EDGE('',*,*,#1974,.F.);
#2664=ORIENTED_EDGE('',*,*,#1975,.T.);
#2665=ORIENTED_EDGE('',*,*,#1976,.F.);
#2666=ORIENTED_EDGE('',*,*,#1977,.F.);
#2667=ORIENTED_EDGE('',*,*,#1975,.F.);
#2668=ORIENTED_EDGE('',*,*,#1978,.F.);
#2669=ORIENTED_EDGE('',*,*,#1968,.T.);
#2670=ORIENTED_EDGE('',*,*,#1979,.F.);
#2671=ORIENTED_EDGE('',*,*,#1971,.T.);
#2672=ORIENTED_EDGE('',*,*,#1976,.T.);
#2673=ORIENTED_EDGE('',*,*,#1970,.T.);
#2674=ORIENTED_EDGE('',*,*,#1960,.T.);
#2675=ORIENTED_EDGE('',*,*,#1980,.F.);
#2676=ORIENTED_EDGE('',*,*,#1981,.F.);
#2677=ORIENTED_EDGE('',*,*,#1982,.F.);
#2678=ORIENTED_EDGE('',*,*,#1983,.F.);
#2679=ORIENTED_EDGE('',*,*,#1984,.F.);
#2680=ORIENTED_EDGE('',*,*,#1985,.T.);
#2681=ORIENTED_EDGE('',*,*,#1986,.T.);
#2682=ORIENTED_EDGE('',*,*,#1987,.T.);
#2683=ORIENTED_EDGE('',*,*,#1988,.T.);
#2684=ORIENTED_EDGE('',*,*,#1989,.T.);
#2685=ORIENTED_EDGE('',*,*,#1990,.T.);
#2686=ORIENTED_EDGE('',*,*,#1991,.T.);
#2687=ORIENTED_EDGE('',*,*,#1992,.T.);
#2688=ORIENTED_EDGE('',*,*,#1991,.F.);
#2689=ORIENTED_EDGE('',*,*,#1993,.F.);
#2690=ORIENTED_EDGE('',*,*,#1994,.F.);
#2691=ORIENTED_EDGE('',*,*,#1995,.F.);
#2692=ORIENTED_EDGE('',*,*,#1996,.F.);
#2693=ORIENTED_EDGE('',*,*,#1997,.T.);
#2694=ORIENTED_EDGE('',*,*,#1990,.F.);
#2695=ORIENTED_EDGE('',*,*,#1998,.T.);
#2696=ORIENTED_EDGE('',*,*,#1999,.F.);
#2697=ORIENTED_EDGE('',*,*,#1993,.T.);
#2698=ORIENTED_EDGE('',*,*,#1989,.F.);
#2699=ORIENTED_EDGE('',*,*,#2000,.F.);
#2700=ORIENTED_EDGE('',*,*,#2001,.F.);
#2701=ORIENTED_EDGE('',*,*,#2002,.F.);
#2702=ORIENTED_EDGE('',*,*,#2003,.F.);
#2703=ORIENTED_EDGE('',*,*,#2004,.T.);
#2704=ORIENTED_EDGE('',*,*,#2005,.F.);
#2705=ORIENTED_EDGE('',*,*,#2006,.F.);
#2706=ORIENTED_EDGE('',*,*,#2007,.F.);
#2707=ORIENTED_EDGE('',*,*,#1998,.F.);
#2708=ORIENTED_EDGE('',*,*,#1988,.F.);
#2709=ORIENTED_EDGE('',*,*,#2008,.F.);
#2710=ORIENTED_EDGE('',*,*,#2009,.F.);
#2711=ORIENTED_EDGE('',*,*,#2010,.F.);
#2712=ORIENTED_EDGE('',*,*,#2000,.T.);
#2713=ORIENTED_EDGE('',*,*,#1992,.F.);
#2714=ORIENTED_EDGE('',*,*,#1997,.F.);
#2715=ORIENTED_EDGE('',*,*,#2011,.F.);
#2716=ORIENTED_EDGE('',*,*,#2012,.F.);
#2717=ORIENTED_EDGE('',*,*,#2013,.T.);
#2718=ORIENTED_EDGE('',*,*,#2011,.T.);
#2719=ORIENTED_EDGE('',*,*,#1996,.T.);
#2720=ORIENTED_EDGE('',*,*,#2014,.F.);
#2721=ORIENTED_EDGE('',*,*,#2015,.F.);
#2722=ORIENTED_EDGE('',*,*,#2016,.F.);
#2723=ORIENTED_EDGE('',*,*,#2010,.T.);
#2724=ORIENTED_EDGE('',*,*,#2017,.F.);
#2725=ORIENTED_EDGE('',*,*,#2018,.F.);
#2726=ORIENTED_EDGE('',*,*,#2019,.F.);
#2727=ORIENTED_EDGE('',*,*,#2001,.T.);
#2728=ORIENTED_EDGE('',*,*,#2012,.T.);
#2729=ORIENTED_EDGE('',*,*,#2016,.T.);
#2730=ORIENTED_EDGE('',*,*,#2020,.T.);
#2731=ORIENTED_EDGE('',*,*,#2021,.T.);
#2732=ORIENTED_EDGE('',*,*,#2009,.T.);
#2733=ORIENTED_EDGE('',*,*,#2022,.T.);
#2734=ORIENTED_EDGE('',*,*,#2023,.T.);
#2735=ORIENTED_EDGE('',*,*,#2017,.T.);
#2736=ORIENTED_EDGE('',*,*,#2024,.T.);
#2737=ORIENTED_EDGE('',*,*,#2025,.T.);
#2738=ORIENTED_EDGE('',*,*,#2026,.T.);
#2739=ORIENTED_EDGE('',*,*,#2027,.T.);
#2740=ORIENTED_EDGE('',*,*,#2028,.T.);
#2741=ORIENTED_EDGE('',*,*,#2029,.T.);
#2742=ORIENTED_EDGE('',*,*,#2030,.T.);
#2743=ORIENTED_EDGE('',*,*,#2031,.T.);
#2744=ORIENTED_EDGE('',*,*,#1985,.F.);
#2745=ORIENTED_EDGE('',*,*,#2013,.F.);
#2746=ORIENTED_EDGE('',*,*,#2032,.F.);
#2747=ORIENTED_EDGE('',*,*,#2033,.T.);
#2748=ORIENTED_EDGE('',*,*,#2030,.F.);
#2749=ORIENTED_EDGE('',*,*,#2034,.F.);
#2750=ORIENTED_EDGE('',*,*,#1986,.F.);
#2751=ORIENTED_EDGE('',*,*,#2034,.T.);
#2752=ORIENTED_EDGE('',*,*,#2029,.F.);
#2753=ORIENTED_EDGE('',*,*,#2035,.T.);
#2754=ORIENTED_EDGE('',*,*,#1987,.F.);
#2755=ORIENTED_EDGE('',*,*,#2035,.F.);
#2756=ORIENTED_EDGE('',*,*,#2028,.F.);
#2757=ORIENTED_EDGE('',*,*,#2036,.F.);
#2758=ORIENTED_EDGE('',*,*,#2037,.F.);
#2759=ORIENTED_EDGE('',*,*,#2008,.T.);
#2760=ORIENTED_EDGE('',*,*,#2027,.F.);
#2761=ORIENTED_EDGE('',*,*,#2038,.F.);
#2762=ORIENTED_EDGE('',*,*,#2039,.F.);
#2763=ORIENTED_EDGE('',*,*,#2036,.T.);
#2764=ORIENTED_EDGE('',*,*,#2031,.F.);
#2765=ORIENTED_EDGE('',*,*,#2033,.F.);
#2766=ORIENTED_EDGE('',*,*,#2040,.F.);
#2767=ORIENTED_EDGE('',*,*,#2041,.T.);
#2768=ORIENTED_EDGE('',*,*,#2039,.T.);
#2769=ORIENTED_EDGE('',*,*,#2042,.T.);
#2770=ORIENTED_EDGE('',*,*,#2043,.T.);
#2771=ORIENTED_EDGE('',*,*,#2044,.T.);
#2772=ORIENTED_EDGE('',*,*,#2045,.T.);
#2773=ORIENTED_EDGE('',*,*,#2046,.T.);
#2774=ORIENTED_EDGE('',*,*,#2047,.T.);
#2775=ORIENTED_EDGE('',*,*,#2048,.T.);
#2776=ORIENTED_EDGE('',*,*,#2049,.T.);
#2777=ORIENTED_EDGE('',*,*,#2050,.T.);
#2778=ORIENTED_EDGE('',*,*,#2005,.T.);
#2779=ORIENTED_EDGE('',*,*,#2051,.T.);
#2780=ORIENTED_EDGE('',*,*,#2050,.F.);
#2781=ORIENTED_EDGE('',*,*,#2052,.T.);
#2782=ORIENTED_EDGE('',*,*,#2053,.F.);
#2783=ORIENTED_EDGE('',*,*,#2006,.T.);
#2784=ORIENTED_EDGE('',*,*,#2049,.F.);
#2785=ORIENTED_EDGE('',*,*,#2054,.F.);
#2786=ORIENTED_EDGE('',*,*,#2055,.T.);
#2787=ORIENTED_EDGE('',*,*,#2056,.T.);
#2788=ORIENTED_EDGE('',*,*,#2057,.F.);
#2789=ORIENTED_EDGE('',*,*,#2052,.F.);
#2790=ORIENTED_EDGE('',*,*,#2048,.F.);
#2791=ORIENTED_EDGE('',*,*,#2058,.F.);
#2792=ORIENTED_EDGE('',*,*,#2059,.F.);
#2793=ORIENTED_EDGE('',*,*,#2054,.T.);
#2794=ORIENTED_EDGE('',*,*,#2051,.F.);
#2795=ORIENTED_EDGE('',*,*,#2004,.F.);
#2796=ORIENTED_EDGE('',*,*,#2060,.F.);
#2797=ORIENTED_EDGE('',*,*,#2061,.T.);
#2798=ORIENTED_EDGE('',*,*,#2060,.T.);
#2799=ORIENTED_EDGE('',*,*,#2062,.T.);
#2800=ORIENTED_EDGE('',*,*,#2063,.T.);
#2801=ORIENTED_EDGE('',*,*,#2064,.T.);
#2802=ORIENTED_EDGE('',*,*,#2059,.T.);
#2803=ORIENTED_EDGE('',*,*,#2065,.T.);
#2804=ORIENTED_EDGE('',*,*,#2066,.T.);
#2805=ORIENTED_EDGE('',*,*,#2067,.T.);
#2806=ORIENTED_EDGE('',*,*,#1994,.T.);
#2807=ORIENTED_EDGE('',*,*,#1999,.T.);
#2808=ORIENTED_EDGE('',*,*,#2007,.T.);
#2809=ORIENTED_EDGE('',*,*,#2053,.T.);
#2810=ORIENTED_EDGE('',*,*,#2057,.T.);
#2811=ORIENTED_EDGE('',*,*,#2068,.T.);
#2812=ORIENTED_EDGE('',*,*,#2068,.F.);
#2813=ORIENTED_EDGE('',*,*,#2056,.F.);
#2814=ORIENTED_EDGE('',*,*,#2069,.F.);
#2815=ORIENTED_EDGE('',*,*,#1995,.T.);
#2816=ORIENTED_EDGE('',*,*,#2002,.T.);
#2817=ORIENTED_EDGE('',*,*,#2019,.T.);
#2818=ORIENTED_EDGE('',*,*,#2070,.T.);
#2819=ORIENTED_EDGE('',*,*,#2071,.T.);
#2820=ORIENTED_EDGE('',*,*,#2032,.T.);
#2821=ORIENTED_EDGE('',*,*,#2021,.F.);
#2822=ORIENTED_EDGE('',*,*,#2072,.F.);
#2823=ORIENTED_EDGE('',*,*,#2073,.F.);
#2824=ORIENTED_EDGE('',*,*,#2037,.T.);
#2825=ORIENTED_EDGE('',*,*,#2044,.F.);
#2826=ORIENTED_EDGE('',*,*,#2074,.F.);
#2827=ORIENTED_EDGE('',*,*,#2022,.F.);
#2828=ORIENTED_EDGE('',*,*,#2055,.F.);
#2829=ORIENTED_EDGE('',*,*,#2067,.F.);
#2830=ORIENTED_EDGE('',*,*,#2075,.F.);
#2831=ORIENTED_EDGE('',*,*,#2076,.F.);
#2832=ORIENTED_EDGE('',*,*,#2026,.F.);
#2833=ORIENTED_EDGE('',*,*,#2077,.F.);
#2834=ORIENTED_EDGE('',*,*,#2045,.F.);
#2835=ORIENTED_EDGE('',*,*,#2061,.F.);
#2836=ORIENTED_EDGE('',*,*,#2078,.F.);
#2837=ORIENTED_EDGE('',*,*,#2038,.T.);
#2838=ORIENTED_EDGE('',*,*,#2078,.T.);
#2839=ORIENTED_EDGE('',*,*,#2064,.F.);
#2840=ORIENTED_EDGE('',*,*,#2079,.F.);
#2841=ORIENTED_EDGE('',*,*,#2042,.F.);
#2842=ORIENTED_EDGE('',*,*,#1974,.T.);
#2843=ORIENTED_EDGE('',*,*,#1964,.T.);
#2844=ORIENTED_EDGE('',*,*,#1969,.T.);
#2845=ORIENTED_EDGE('',*,*,#1978,.T.);
#2846=ORIENTED_EDGE('',*,*,#2080,.F.);
#2847=ORIENTED_EDGE('',*,*,#2081,.F.);
#2848=ORIENTED_EDGE('',*,*,#2082,.F.);
#2849=ORIENTED_EDGE('',*,*,#2065,.F.);
#2850=ORIENTED_EDGE('',*,*,#2083,.F.);
#2851=ORIENTED_EDGE('',*,*,#2066,.F.);
#2852=ORIENTED_EDGE('',*,*,#2084,.F.);
#2853=ORIENTED_EDGE('',*,*,#2085,.F.);
#2854=ORIENTED_EDGE('',*,*,#2086,.F.);
#2855=ORIENTED_EDGE('',*,*,#2087,.F.);
#2856=ORIENTED_EDGE('',*,*,#2063,.F.);
#2857=ORIENTED_EDGE('',*,*,#2088,.F.);
#2858=ORIENTED_EDGE('',*,*,#2089,.F.);
#2859=ORIENTED_EDGE('',*,*,#2090,.F.);
#2860=ORIENTED_EDGE('',*,*,#2091,.F.);
#2861=ORIENTED_EDGE('',*,*,#2092,.F.);
#2862=ORIENTED_EDGE('',*,*,#2043,.F.);
#2863=ORIENTED_EDGE('',*,*,#2093,.F.);
#2864=ORIENTED_EDGE('',*,*,#2094,.F.);
#2865=ORIENTED_EDGE('',*,*,#2093,.T.);
#2866=ORIENTED_EDGE('',*,*,#2079,.T.);
#2867=ORIENTED_EDGE('',*,*,#2089,.T.);
#2868=ORIENTED_EDGE('',*,*,#2095,.T.);
#2869=ORIENTED_EDGE('',*,*,#2096,.F.);
#2870=ORIENTED_EDGE('',*,*,#2020,.F.);
#2871=ORIENTED_EDGE('',*,*,#2097,.F.);
#2872=ORIENTED_EDGE('',*,*,#2070,.F.);
#2873=ORIENTED_EDGE('',*,*,#2098,.F.);
#2874=ORIENTED_EDGE('',*,*,#2099,.F.);
#2875=ORIENTED_EDGE('',*,*,#2100,.F.);
#2876=ORIENTED_EDGE('',*,*,#2101,.F.);
#2877=ORIENTED_EDGE('',*,*,#2023,.F.);
#2878=ORIENTED_EDGE('',*,*,#2098,.T.);
#2879=ORIENTED_EDGE('',*,*,#2018,.T.);
#2880=ORIENTED_EDGE('',*,*,#2101,.T.);
#2881=ORIENTED_EDGE('',*,*,#2102,.T.);
#2882=ORIENTED_EDGE('',*,*,#2100,.T.);
#2883=ORIENTED_EDGE('',*,*,#2074,.T.);
#2884=ORIENTED_EDGE('',*,*,#2094,.T.);
#2885=ORIENTED_EDGE('',*,*,#2103,.T.);
#2886=ORIENTED_EDGE('',*,*,#2088,.T.);
#2887=ORIENTED_EDGE('',*,*,#2104,.T.);
#2888=ORIENTED_EDGE('',*,*,#2099,.T.);
#2889=ORIENTED_EDGE('',*,*,#2105,.T.);
#2890=ORIENTED_EDGE('',*,*,#2090,.T.);
#2891=ORIENTED_EDGE('',*,*,#2106,.T.);
#2892=ORIENTED_EDGE('',*,*,#2097,.T.);
#2893=ORIENTED_EDGE('',*,*,#2015,.T.);
#2894=ORIENTED_EDGE('',*,*,#2096,.T.);
#2895=ORIENTED_EDGE('',*,*,#2107,.T.);
#2896=ORIENTED_EDGE('',*,*,#2087,.T.);
#2897=ORIENTED_EDGE('',*,*,#2072,.T.);
#2898=ORIENTED_EDGE('',*,*,#2040,.T.);
#2899=ORIENTED_EDGE('',*,*,#2073,.T.);
#2900=ORIENTED_EDGE('',*,*,#2086,.T.);
#2901=ORIENTED_EDGE('',*,*,#2081,.T.);
#2902=ORIENTED_EDGE('',*,*,#2083,.T.);
#2903=ORIENTED_EDGE('',*,*,#2108,.T.);
#2904=ORIENTED_EDGE('',*,*,#2092,.T.);
#2905=ORIENTED_EDGE('',*,*,#2075,.T.);
#2906=ORIENTED_EDGE('',*,*,#2085,.T.);
#2907=ORIENTED_EDGE('',*,*,#2109,.T.);
#2908=ORIENTED_EDGE('',*,*,#2084,.T.);
#2909=ORIENTED_EDGE('',*,*,#2082,.T.);
#2910=ORIENTED_EDGE('',*,*,#2102,.F.);
#2911=ORIENTED_EDGE('',*,*,#2103,.F.);
#2912=ORIENTED_EDGE('',*,*,#2095,.F.);
#2913=ORIENTED_EDGE('',*,*,#2105,.F.);
#2914=ORIENTED_EDGE('',*,*,#2110,.F.);
#2915=ORIENTED_EDGE('',*,*,#2111,.F.);
#2916=ORIENTED_EDGE('',*,*,#2112,.F.);
#2917=ORIENTED_EDGE('',*,*,#2113,.F.);
#2918=ORIENTED_EDGE('',*,*,#2106,.F.);
#2919=ORIENTED_EDGE('',*,*,#2108,.F.);
#2920=ORIENTED_EDGE('',*,*,#2109,.F.);
#2921=ORIENTED_EDGE('',*,*,#2107,.F.);
#2922=ORIENTED_EDGE('',*,*,#2114,.T.);
#2923=ORIENTED_EDGE('',*,*,#2115,.T.);
#2924=ORIENTED_EDGE('',*,*,#2116,.T.);
#2925=ORIENTED_EDGE('',*,*,#2117,.T.);
#2926=ORIENTED_EDGE('',*,*,#2118,.T.);
#2927=ORIENTED_EDGE('',*,*,#2119,.T.);
#2928=ORIENTED_EDGE('',*,*,#2120,.T.);
#2929=ORIENTED_EDGE('',*,*,#2121,.T.);
#2930=ORIENTED_EDGE('',*,*,#2122,.T.);
#2931=ORIENTED_EDGE('',*,*,#2123,.T.);
#2932=ORIENTED_EDGE('',*,*,#2124,.T.);
#2933=ORIENTED_EDGE('',*,*,#1983,.T.);
#2934=ORIENTED_EDGE('',*,*,#2125,.T.);
#2935=ORIENTED_EDGE('',*,*,#2126,.T.);
#2936=ORIENTED_EDGE('',*,*,#2127,.T.);
#2937=ORIENTED_EDGE('',*,*,#2128,.T.);
#2938=ORIENTED_EDGE('',*,*,#2129,.T.);
#2939=ORIENTED_EDGE('',*,*,#2130,.T.);
#2940=ORIENTED_EDGE('',*,*,#2131,.T.);
#2941=ORIENTED_EDGE('',*,*,#2132,.T.);
#2942=ORIENTED_EDGE('',*,*,#2133,.T.);
#2943=ORIENTED_EDGE('',*,*,#2134,.T.);
#2944=ORIENTED_EDGE('',*,*,#2135,.T.);
#2945=ORIENTED_EDGE('',*,*,#2136,.T.);
#2946=ORIENTED_EDGE('',*,*,#2137,.T.);
#2947=ORIENTED_EDGE('',*,*,#2138,.T.);
#2948=ORIENTED_EDGE('',*,*,#2139,.T.);
#2949=ORIENTED_EDGE('',*,*,#2140,.T.);
#2950=ORIENTED_EDGE('',*,*,#1981,.T.);
#2951=ORIENTED_EDGE('',*,*,#2141,.T.);
#2952=ORIENTED_EDGE('',*,*,#2024,.F.);
#2953=ORIENTED_EDGE('',*,*,#2041,.F.);
#2954=ORIENTED_EDGE('',*,*,#2080,.T.);
#2955=ORIENTED_EDGE('',*,*,#2058,.T.);
#2956=ORIENTED_EDGE('',*,*,#2047,.F.);
#2957=ORIENTED_EDGE('',*,*,#2142,.F.);
#2958=ORIENTED_EDGE('',*,*,#2025,.F.);
#2959=ORIENTED_EDGE('',*,*,#2142,.T.);
#2960=ORIENTED_EDGE('',*,*,#2046,.F.);
#2961=ORIENTED_EDGE('',*,*,#2077,.T.);
#2962=ORIENTED_EDGE('',*,*,#2143,.T.);
#2963=ORIENTED_EDGE('',*,*,#2129,.F.);
#2964=ORIENTED_EDGE('',*,*,#2144,.T.);
#2965=ORIENTED_EDGE('',*,*,#2131,.F.);
#2966=ORIENTED_EDGE('',*,*,#2145,.T.);
#2967=ORIENTED_EDGE('',*,*,#2125,.F.);
#2968=ORIENTED_EDGE('',*,*,#1982,.T.);
#2969=ORIENTED_EDGE('',*,*,#2140,.F.);
#2970=ORIENTED_EDGE('',*,*,#2146,.T.);
#2971=ORIENTED_EDGE('',*,*,#2122,.F.);
#2972=ORIENTED_EDGE('',*,*,#2147,.T.);
#2973=ORIENTED_EDGE('',*,*,#2134,.F.);
#2974=ORIENTED_EDGE('',*,*,#2148,.F.);
#2975=ORIENTED_EDGE('',*,*,#2123,.F.);
#2976=ORIENTED_EDGE('',*,*,#2146,.F.);
#2977=ORIENTED_EDGE('',*,*,#2133,.F.);
#2978=ORIENTED_EDGE('',*,*,#1977,.T.);
#2979=ORIENTED_EDGE('',*,*,#1984,.T.);
#2980=ORIENTED_EDGE('',*,*,#2124,.F.);
#2981=ORIENTED_EDGE('',*,*,#2148,.T.);
#2982=ORIENTED_EDGE('',*,*,#2141,.F.);
#2983=ORIENTED_EDGE('',*,*,#1980,.T.);
#2984=ORIENTED_EDGE('',*,*,#1966,.T.);
#2985=ORIENTED_EDGE('',*,*,#1973,.T.);
#2986=ORIENTED_EDGE('',*,*,#2069,.T.);
#2987=ORIENTED_EDGE('',*,*,#2076,.T.);
#2988=ORIENTED_EDGE('',*,*,#2091,.T.);
#2989=ORIENTED_EDGE('',*,*,#2014,.T.);
#2990=ORIENTED_EDGE('',*,*,#2114,.F.);
#2991=ORIENTED_EDGE('',*,*,#2149,.T.);
#2992=ORIENTED_EDGE('',*,*,#2110,.T.);
#2993=ORIENTED_EDGE('',*,*,#2149,.F.);
#2994=ORIENTED_EDGE('',*,*,#2115,.F.);
#2995=ORIENTED_EDGE('',*,*,#2150,.T.);
#2996=ORIENTED_EDGE('',*,*,#2111,.T.);
#2997=ORIENTED_EDGE('',*,*,#2150,.F.);
#2998=ORIENTED_EDGE('',*,*,#2116,.F.);
#2999=ORIENTED_EDGE('',*,*,#2151,.T.);
#3000=ORIENTED_EDGE('',*,*,#2112,.T.);
#3001=ORIENTED_EDGE('',*,*,#2151,.F.);
#3002=ORIENTED_EDGE('',*,*,#1979,.T.);
#3003=ORIENTED_EDGE('',*,*,#1967,.T.);
#3004=ORIENTED_EDGE('',*,*,#1962,.T.);
#3005=ORIENTED_EDGE('',*,*,#1972,.T.);
#3006=ORIENTED_EDGE('',*,*,#2117,.F.);
#3007=ORIENTED_EDGE('',*,*,#2152,.T.);
#3008=ORIENTED_EDGE('',*,*,#2113,.T.);
#3009=ORIENTED_EDGE('',*,*,#2152,.F.);
#3010=ORIENTED_EDGE('',*,*,#2147,.F.);
#3011=ORIENTED_EDGE('',*,*,#2121,.F.);
#3012=ORIENTED_EDGE('',*,*,#2153,.F.);
#3013=ORIENTED_EDGE('',*,*,#2135,.F.);
#3014=ORIENTED_EDGE('',*,*,#2153,.T.);
#3015=ORIENTED_EDGE('',*,*,#2120,.F.);
#3016=ORIENTED_EDGE('',*,*,#2154,.F.);
#3017=ORIENTED_EDGE('',*,*,#2136,.F.);
#3018=ORIENTED_EDGE('',*,*,#2154,.T.);
#3019=ORIENTED_EDGE('',*,*,#2119,.F.);
#3020=ORIENTED_EDGE('',*,*,#2155,.F.);
#3021=ORIENTED_EDGE('',*,*,#2137,.F.);
#3022=ORIENTED_EDGE('',*,*,#2155,.T.);
#3023=ORIENTED_EDGE('',*,*,#2118,.F.);
#3024=ORIENTED_EDGE('',*,*,#2156,.T.);
#3025=ORIENTED_EDGE('',*,*,#2138,.F.);
#3026=ORIENTED_EDGE('',*,*,#2156,.F.);
#3027=ORIENTED_EDGE('',*,*,#2126,.F.);
#3028=ORIENTED_EDGE('',*,*,#2145,.F.);
#3029=ORIENTED_EDGE('',*,*,#2139,.F.);
#3030=ORIENTED_EDGE('',*,*,#2144,.F.);
#3031=ORIENTED_EDGE('',*,*,#2128,.F.);
#3032=ORIENTED_EDGE('',*,*,#2157,.F.);
#3033=ORIENTED_EDGE('',*,*,#2132,.F.);
#3034=ORIENTED_EDGE('',*,*,#2157,.T.);
#3035=ORIENTED_EDGE('',*,*,#2127,.F.);
#3036=ORIENTED_EDGE('',*,*,#2143,.F.);
#3037=ORIENTED_EDGE('',*,*,#2130,.F.);
#3038=ORIENTED_EDGE('',*,*,#2062,.F.);
#3039=ORIENTED_EDGE('',*,*,#2003,.T.);
#3040=ORIENTED_EDGE('',*,*,#2071,.F.);
#3041=ORIENTED_EDGE('',*,*,#2104,.F.);
#3042=ORIENTED_EDGE('',*,*,#2158,.F.);
#3043=ORIENTED_EDGE('',*,*,#2159,.F.);
#3044=ORIENTED_EDGE('',*,*,#2160,.F.);
#3045=ORIENTED_EDGE('',*,*,#2161,.F.);
#3046=ORIENTED_EDGE('',*,*,#2162,.F.);
#3047=ORIENTED_EDGE('',*,*,#2163,.T.);
#3048=ORIENTED_EDGE('',*,*,#2164,.F.);
#3049=ORIENTED_EDGE('',*,*,#2165,.T.);
#3050=ORIENTED_EDGE('',*,*,#2166,.F.);
#3051=ORIENTED_EDGE('',*,*,#2165,.F.);
#3052=ORIENTED_EDGE('',*,*,#2167,.F.);
#3053=ORIENTED_EDGE('',*,*,#2168,.F.);
#3054=ORIENTED_EDGE('',*,*,#2169,.F.);
#3055=ORIENTED_EDGE('',*,*,#2161,.T.);
#3056=ORIENTED_EDGE('',*,*,#2170,.F.);
#3057=ORIENTED_EDGE('',*,*,#2163,.F.);
#3058=ORIENTED_EDGE('',*,*,#2171,.F.);
#3059=ORIENTED_EDGE('',*,*,#2172,.F.);
#3060=ORIENTED_EDGE('',*,*,#2173,.F.);
#3061=ORIENTED_EDGE('',*,*,#2174,.F.);
#3062=ORIENTED_EDGE('',*,*,#2175,.T.);
#3063=ORIENTED_EDGE('',*,*,#2158,.T.);
#3064=ORIENTED_EDGE('',*,*,#2169,.T.);
#3065=ORIENTED_EDGE('',*,*,#2162,.T.);
#3066=ORIENTED_EDGE('',*,*,#2166,.T.);
#3067=ORIENTED_EDGE('',*,*,#2176,.T.);
#3068=ORIENTED_EDGE('',*,*,#2177,.T.);
#3069=ORIENTED_EDGE('',*,*,#2178,.T.);
#3070=ORIENTED_EDGE('',*,*,#2179,.T.);
#3071=ORIENTED_EDGE('',*,*,#2180,.T.);
#3072=ORIENTED_EDGE('',*,*,#2181,.T.);
#3073=ORIENTED_EDGE('',*,*,#2171,.T.);
#3074=ORIENTED_EDGE('',*,*,#2182,.T.);
#3075=ORIENTED_EDGE('',*,*,#2183,.T.);
#3076=ORIENTED_EDGE('',*,*,#2184,.T.);
#3077=ORIENTED_EDGE('',*,*,#2174,.T.);
#3078=ORIENTED_EDGE('',*,*,#2184,.F.);
#3079=ORIENTED_EDGE('',*,*,#2185,.T.);
#3080=ORIENTED_EDGE('',*,*,#2179,.F.);
#3081=ORIENTED_EDGE('',*,*,#2186,.T.);
#3082=ORIENTED_EDGE('',*,*,#2187,.T.);
#3083=ORIENTED_EDGE('',*,*,#2188,.T.);
#3084=ORIENTED_EDGE('',*,*,#2173,.T.);
#3085=ORIENTED_EDGE('',*,*,#2188,.F.);
#3086=ORIENTED_EDGE('',*,*,#2189,.T.);
#3087=ORIENTED_EDGE('',*,*,#2182,.F.);
#3088=ORIENTED_EDGE('',*,*,#2190,.T.);
#3089=ORIENTED_EDGE('',*,*,#2191,.T.);
#3090=ORIENTED_EDGE('',*,*,#2192,.T.);
#3091=ORIENTED_EDGE('',*,*,#2172,.T.);
#3092=ORIENTED_EDGE('',*,*,#2192,.F.);
#3093=ORIENTED_EDGE('',*,*,#2193,.T.);
#3094=ORIENTED_EDGE('',*,*,#2186,.F.);
#3095=ORIENTED_EDGE('',*,*,#2181,.F.);
#3096=ORIENTED_EDGE('',*,*,#2194,.T.);
#3097=ORIENTED_EDGE('',*,*,#2190,.F.);
#3098=ORIENTED_EDGE('',*,*,#2189,.F.);
#3099=ORIENTED_EDGE('',*,*,#2195,.T.);
#3100=ORIENTED_EDGE('',*,*,#2196,.T.);
#3101=ORIENTED_EDGE('',*,*,#2197,.T.);
#3102=ORIENTED_EDGE('',*,*,#2187,.F.);
#3103=ORIENTED_EDGE('',*,*,#2198,.F.);
#3104=ORIENTED_EDGE('',*,*,#2199,.F.);
#3105=ORIENTED_EDGE('',*,*,#2195,.F.);
#3106=ORIENTED_EDGE('',*,*,#2193,.F.);
#3107=ORIENTED_EDGE('',*,*,#2200,.T.);
#3108=ORIENTED_EDGE('',*,*,#2201,.T.);
#3109=ORIENTED_EDGE('',*,*,#2198,.T.);
#3110=ORIENTED_EDGE('',*,*,#2191,.F.);
#3111=ORIENTED_EDGE('',*,*,#2202,.F.);
#3112=ORIENTED_EDGE('',*,*,#2203,.F.);
#3113=ORIENTED_EDGE('',*,*,#2200,.F.);
#3114=ORIENTED_EDGE('',*,*,#2204,.T.);
#3115=ORIENTED_EDGE('',*,*,#2199,.T.);
#3116=ORIENTED_EDGE('',*,*,#2205,.T.);
#3117=ORIENTED_EDGE('',*,*,#2206,.T.);
#3118=ORIENTED_EDGE('',*,*,#2204,.F.);
#3119=ORIENTED_EDGE('',*,*,#2207,.T.);
#3120=ORIENTED_EDGE('',*,*,#2196,.F.);
#3121=ORIENTED_EDGE('',*,*,#2201,.F.);
#3122=ORIENTED_EDGE('',*,*,#2208,.T.);
#3123=ORIENTED_EDGE('',*,*,#2205,.F.);
#3124=ORIENTED_EDGE('',*,*,#2207,.F.);
#3125=ORIENTED_EDGE('',*,*,#2209,.T.);
#3126=ORIENTED_EDGE('',*,*,#2210,.T.);
#3127=ORIENTED_EDGE('',*,*,#2211,.T.);
#3128=ORIENTED_EDGE('',*,*,#2206,.F.);
#3129=ORIENTED_EDGE('',*,*,#2212,.F.);
#3130=ORIENTED_EDGE('',*,*,#2213,.F.);
#3131=ORIENTED_EDGE('',*,*,#2209,.F.);
#3132=ORIENTED_EDGE('',*,*,#2160,.T.);
#3133=ORIENTED_EDGE('',*,*,#2214,.T.);
#3134=ORIENTED_EDGE('',*,*,#2167,.T.);
#3135=ORIENTED_EDGE('',*,*,#2164,.T.);
#3136=ORIENTED_EDGE('',*,*,#2170,.T.);
#3137=ORIENTED_EDGE('',*,*,#2215,.T.);
#3138=ORIENTED_EDGE('',*,*,#2216,.T.);
#3139=ORIENTED_EDGE('',*,*,#2217,.T.);
#3140=ORIENTED_EDGE('',*,*,#2208,.F.);
#3141=ORIENTED_EDGE('',*,*,#2203,.T.);
#3142=ORIENTED_EDGE('',*,*,#2218,.F.);
#3143=ORIENTED_EDGE('',*,*,#2212,.T.);
#3144=ORIENTED_EDGE('',*,*,#2185,.F.);
#3145=ORIENTED_EDGE('',*,*,#2219,.T.);
#3146=ORIENTED_EDGE('',*,*,#2220,.T.);
#3147=ORIENTED_EDGE('',*,*,#2221,.T.);
#3148=ORIENTED_EDGE('',*,*,#2210,.F.);
#3149=ORIENTED_EDGE('',*,*,#2222,.T.);
#3150=ORIENTED_EDGE('',*,*,#2220,.F.);
#3151=ORIENTED_EDGE('',*,*,#2180,.F.);
#3152=ORIENTED_EDGE('',*,*,#2221,.F.);
#3153=ORIENTED_EDGE('',*,*,#2223,.F.);
#3154=ORIENTED_EDGE('',*,*,#2224,.F.);
#3155=ORIENTED_EDGE('',*,*,#2222,.F.);
#3156=ORIENTED_EDGE('',*,*,#2213,.T.);
#3157=ORIENTED_EDGE('',*,*,#2225,.T.);
#3158=ORIENTED_EDGE('',*,*,#2223,.T.);
#3159=ORIENTED_EDGE('',*,*,#2194,.F.);
#3160=ORIENTED_EDGE('',*,*,#2224,.T.);
#3161=ORIENTED_EDGE('',*,*,#2226,.T.);
#3162=ORIENTED_EDGE('',*,*,#2202,.T.);
#3163=ORIENTED_EDGE('',*,*,#2225,.F.);
#3164=ORIENTED_EDGE('',*,*,#2218,.T.);
#3165=ORIENTED_EDGE('',*,*,#2226,.F.);
#3166=ORIENTED_EDGE('',*,*,#2175,.F.);
#3167=ORIENTED_EDGE('',*,*,#2227,.T.);
#3168=ORIENTED_EDGE('',*,*,#2217,.F.);
#3169=ORIENTED_EDGE('',*,*,#2227,.F.);
#3170=ORIENTED_EDGE('',*,*,#2159,.T.);
#3171=ORIENTED_EDGE('',*,*,#2176,.F.);
#3172=ORIENTED_EDGE('',*,*,#2168,.T.);
#3173=ORIENTED_EDGE('',*,*,#2214,.F.);
#3174=ORIENTED_EDGE('',*,*,#2177,.F.);
#3175=ORIENTED_EDGE('',*,*,#2228,.T.);
#3176=ORIENTED_EDGE('',*,*,#2216,.F.);
#3177=ORIENTED_EDGE('',*,*,#2228,.F.);
#3178=ORIENTED_EDGE('',*,*,#2178,.F.);
#3179=ORIENTED_EDGE('',*,*,#2229,.T.);
#3180=ORIENTED_EDGE('',*,*,#2215,.F.);
#3181=ORIENTED_EDGE('',*,*,#2229,.F.);
#3182=ORIENTED_EDGE('',*,*,#2183,.F.);
#3183=ORIENTED_EDGE('',*,*,#2197,.F.);
#3184=ORIENTED_EDGE('',*,*,#2211,.F.);
#3185=ORIENTED_EDGE('',*,*,#2219,.F.);
#3186=PLANE('',#3566);
#3187=PLANE('',#3567);
#3188=PLANE('',#3568);
#3189=PLANE('',#3569);
#3190=PLANE('',#3570);
#3191=PLANE('',#3571);
#3192=PLANE('',#3572);
#3193=PLANE('',#3573);
#3194=PLANE('',#3574);
#3195=PLANE('',#3575);
#3196=PLANE('',#3576);
#3197=PLANE('',#3577);
#3198=PLANE('',#3578);
#3199=PLANE('',#3579);
#3200=PLANE('',#3580);
#3201=PLANE('',#3581);
#3202=PLANE('',#3582);
#3203=PLANE('',#3583);
#3204=PLANE('',#3610);
#3205=PLANE('',#3613);
#3206=PLANE('',#3623);
#3207=PLANE('',#3634);
#3208=PLANE('',#3644);
#3209=PLANE('',#3650);
#3210=PLANE('',#3656);
#3211=PLANE('',#3657);
#3212=PLANE('',#3658);
#3213=PLANE('',#3659);
#3214=PLANE('',#3660);
#3215=PLANE('',#3661);
#3216=PLANE('',#3662);
#3217=PLANE('',#3663);
#3218=PLANE('',#3664);
#3219=PLANE('',#3665);
#3220=PLANE('',#3666);
#3221=PLANE('',#3667);
#3222=PLANE('',#3668);
#3223=PLANE('',#3672);
#3224=PLANE('',#3673);
#3225=PLANE('',#3677);
#3226=PLANE('',#3678);
#3227=PLANE('',#3679);
#3228=PLANE('',#3680);
#3229=PLANE('',#3681);
#3230=PLANE('',#3682);
#3231=PLANE('',#3683);
#3232=PLANE('',#3684);
#3233=PLANE('',#3685);
#3234=PLANE('',#3686);
#3235=PLANE('',#3687);
#3236=PLANE('',#3688);
#3237=PLANE('',#3689);
#3238=PLANE('',#3691);
#3239=PLANE('',#3692);
#3240=PLANE('',#3693);
#3241=PLANE('',#3694);
#3242=PLANE('',#3695);
#3243=PLANE('',#3698);
#3244=PLANE('',#3699);
#3245=PLANE('',#3700);
#3246=PLANE('',#3701);
#3247=PLANE('',#3702);
#3248=PLANE('',#3703);
#3249=PLANE('',#3706);
#3250=PLANE('',#3707);
#3251=PLANE('',#3708);
#3252=PLANE('',#3709);
#3253=PLANE('',#3720);
#3254=PLANE('',#3722);
#3255=PLANE('',#3723);
#3256=PLANE('',#3727);
#3257=PLANE('',#3728);
#3258=PLANE('',#3738);
#3259=PLANE('',#3739);
#3260=PLANE('',#3740);
#3261=PLANE('',#3747);
#3262=PLANE('',#3748);
#3263=PLANE('',#3757);
#3264=PLANE('',#3758);
#3265=PLANE('',#3759);
#3266=PLANE('',#3760);
#3267=PLANE('',#3761);
#3268=PLANE('',#3762);
#3269=PLANE('',#3798);
#3270=PLANE('',#3803);
#3271=PLANE('',#3812);
#3272=PLANE('',#3814);
#3273=PLANE('',#3818);
#3274=PLANE('',#3819);
#3275=PLANE('',#3820);
#3276=PLANE('',#3821);
#3277=PLANE('',#3822);
#3278=PLANE('',#3824);
#3279=PLANE('',#3831);
#3280=PLANE('',#3832);
#3281=PLANE('',#3833);
#3282=PLANE('',#3836);
#3283=PLANE('',#3837);
#3284=PLANE('',#3838);
#3285=PLANE('',#3839);
#3286=PLANE('',#3840);
#3287=PLANE('',#3841);
#3288=PLANE('',#3842);
#3289=PLANE('',#3869);
#3290=PLANE('',#3872);
#3291=PLANE('',#3882);
#3292=PLANE('',#3893);
#3293=PLANE('',#3903);
#3294=ADVANCED_FACE('',(#360),#3186,.F.);
#3295=ADVANCED_FACE('',(#361),#3187,.F.);
#3296=ADVANCED_FACE('',(#362),#3188,.F.);
#3297=ADVANCED_FACE('',(#363),#3189,.F.);
#3298=ADVANCED_FACE('',(#364),#3190,.F.);
#3299=ADVANCED_FACE('',(#365),#3191,.F.);
#3300=ADVANCED_FACE('',(#366),#3192,.F.);
#3301=ADVANCED_FACE('',(#367),#3193,.F.);
#3302=ADVANCED_FACE('',(#368),#3194,.F.);
#3303=ADVANCED_FACE('',(#369),#3195,.F.);
#3304=ADVANCED_FACE('',(#370),#3196,.F.);
#3305=ADVANCED_FACE('',(#371),#3197,.F.);
#3306=ADVANCED_FACE('',(#372),#3198,.T.);
#3307=ADVANCED_FACE('',(#373),#3199,.T.);
#3308=ADVANCED_FACE('',(#374),#3200,.T.);
#3309=ADVANCED_FACE('',(#375),#3201,.T.);
#3310=ADVANCED_FACE('',(#376),#3202,.T.);
#3311=ADVANCED_FACE('',(#377,#315,#316,#317,#318,#319,#320,#321),#3203,
 .F.);
#3312=ADVANCED_FACE('',(#378),#113,.T.);
#3313=ADVANCED_FACE('',(#379),#114,.T.);
#3314=ADVANCED_FACE('',(#380),#88,.T.);
#3315=ADVANCED_FACE('',(#381),#115,.T.);
#3316=ADVANCED_FACE('',(#382),#89,.T.);
#3317=ADVANCED_FACE('',(#383),#116,.T.);
#3318=ADVANCED_FACE('',(#384),#90,.T.);
#3319=ADVANCED_FACE('',(#385),#91,.T.);
#3320=ADVANCED_FACE('',(#386),#117,.T.);
#3321=ADVANCED_FACE('',(#387),#3204,.T.);
#3322=ADVANCED_FACE('',(#388),#118,.T.);
#3323=ADVANCED_FACE('',(#389),#3205,.T.);
#3324=ADVANCED_FACE('',(#390),#119,.T.);
#3325=ADVANCED_FACE('',(#391),#92,.T.);
#3326=ADVANCED_FACE('',(#392),#93,.T.);
#3327=ADVANCED_FACE('',(#393),#120,.T.);
#3328=ADVANCED_FACE('',(#394,#322,#323,#324,#325,#326,#327,#328,#329),#3206,
 .T.);
#3329=ADVANCED_FACE('',(#395),#121,.T.);
#3330=ADVANCED_FACE('',(#396),#122,.T.);
#3331=ADVANCED_FACE('',(#397),#94,.T.);
#3332=ADVANCED_FACE('',(#398),#3207,.T.);
#3333=ADVANCED_FACE('',(#399),#123,.T.);
#3334=ADVANCED_FACE('',(#400),#124,.T.);
#3335=ADVANCED_FACE('',(#401),#95,.T.);
#3336=ADVANCED_FACE('',(#402),#125,.F.);
#3337=ADVANCED_FACE('',(#403),#126,.F.);
#3338=ADVANCED_FACE('',(#404),#127,.F.);
#3339=ADVANCED_FACE('',(#405),#128,.F.);
#3340=ADVANCED_FACE('',(#406),#3208,.T.);
#3341=ADVANCED_FACE('',(#407),#71,.F.);
#3342=ADVANCED_FACE('',(#408,#330),#3209,.T.);
#3343=ADVANCED_FACE('',(#409),#129,.T.);
#3344=ADVANCED_FACE('',(#410),#70,.T.);
#3345=ADVANCED_FACE('',(#411),#3210,.F.);
#3346=ADVANCED_FACE('',(#412),#3211,.F.);
#3347=ADVANCED_FACE('',(#413),#3212,.F.);
#3348=ADVANCED_FACE('',(#414),#3213,.F.);
#3349=ADVANCED_FACE('',(#415),#3214,.F.);
#3350=ADVANCED_FACE('',(#416),#3215,.F.);
#3351=ADVANCED_FACE('',(#417),#3216,.F.);
#3352=ADVANCED_FACE('',(#418),#3217,.F.);
#3353=ADVANCED_FACE('',(#419),#3218,.F.);
#3354=ADVANCED_FACE('',(#420),#3219,.F.);
#3355=ADVANCED_FACE('',(#421),#3220,.F.);
#3356=ADVANCED_FACE('',(#422),#3221,.F.);
#3357=ADVANCED_FACE('',(#423,#331),#3222,.T.);
#3358=ADVANCED_FACE('',(#424),#130,.T.);
#3359=ADVANCED_FACE('',(#425),#3223,.T.);
#3360=ADVANCED_FACE('',(#426,#332),#3224,.T.);
#3361=ADVANCED_FACE('',(#427),#96,.T.);
#3362=ADVANCED_FACE('',(#428),#3225,.F.);
#3363=ADVANCED_FACE('',(#429),#3226,.F.);
#3364=ADVANCED_FACE('',(#430),#3227,.F.);
#3365=ADVANCED_FACE('',(#431),#3228,.F.);
#3366=ADVANCED_FACE('',(#432),#3229,.F.);
#3367=ADVANCED_FACE('',(#433),#3230,.F.);
#3368=ADVANCED_FACE('',(#434),#3231,.F.);
#3369=ADVANCED_FACE('',(#435),#3232,.F.);
#3370=ADVANCED_FACE('',(#436),#3233,.F.);
#3371=ADVANCED_FACE('',(#437),#3234,.F.);
#3372=ADVANCED_FACE('',(#438),#3235,.F.);
#3373=ADVANCED_FACE('',(#439),#3236,.F.);
#3374=ADVANCED_FACE('',(#440,#333,#334,#335),#3237,.F.);
#3375=ADVANCED_FACE('',(#441),#3238,.T.);
#3376=ADVANCED_FACE('',(#442),#3239,.T.);
#3377=ADVANCED_FACE('',(#443),#3240,.T.);
#3378=ADVANCED_FACE('',(#444),#3241,.T.);
#3379=ADVANCED_FACE('',(#445),#3242,.T.);
#3380=ADVANCED_FACE('',(#446),#131,.F.);
#3381=ADVANCED_FACE('',(#447,#336,#337,#338,#339),#3243,.T.);
#3382=ADVANCED_FACE('',(#448),#3244,.T.);
#3383=ADVANCED_FACE('',(#449),#3245,.T.);
#3384=ADVANCED_FACE('',(#450),#3246,.T.);
#3385=ADVANCED_FACE('',(#451),#3247,.T.);
#3386=ADVANCED_FACE('',(#452),#3248,.F.);
#3387=ADVANCED_FACE('',(#453),#3249,.F.);
#3388=ADVANCED_FACE('',(#454),#3250,.F.);
#3389=ADVANCED_FACE('',(#455),#3251,.F.);
#3390=ADVANCED_FACE('',(#456),#3252,.F.);
#3391=ADVANCED_FACE('',(#457),#132,.T.);
#3392=ADVANCED_FACE('',(#458),#133,.T.);
#3393=ADVANCED_FACE('',(#459),#3253,.T.);
#3394=ADVANCED_FACE('',(#460),#3254,.T.);
#3395=ADVANCED_FACE('',(#461),#3255,.T.);
#3396=ADVANCED_FACE('',(#462),#47,.F.);
#3397=ADVANCED_FACE('',(#463),#48,.F.);
#3398=ADVANCED_FACE('',(#464),#3256,.T.);
#3399=ADVANCED_FACE('',(#465),#3257,.T.);
#3400=ADVANCED_FACE('',(#466),#134,.T.);
#3401=ADVANCED_FACE('',(#467),#135,.T.);
#3402=ADVANCED_FACE('',(#468),#136,.T.);
#3403=ADVANCED_FACE('',(#469),#3258,.T.);
#3404=ADVANCED_FACE('',(#470),#3259,.T.);
#3405=ADVANCED_FACE('',(#471),#3260,.T.);
#3406=ADVANCED_FACE('',(#472),#49,.F.);
#3407=ADVANCED_FACE('',(#473),#50,.F.);
#3408=ADVANCED_FACE('',(#474),#137,.T.);
#3409=ADVANCED_FACE('',(#475),#138,.T.);
#3410=ADVANCED_FACE('',(#476),#3261,.T.);
#3411=ADVANCED_FACE('',(#477),#3262,.T.);
#3412=ADVANCED_FACE('',(#478),#51,.F.);
#3413=ADVANCED_FACE('',(#479),#52,.F.);
#3414=ADVANCED_FACE('',(#480),#139,.T.);
#3415=ADVANCED_FACE('',(#481),#140,.T.);
#3416=ADVANCED_FACE('',(#482),#141,.T.);
#3417=ADVANCED_FACE('',(#483),#53,.F.);
#3418=ADVANCED_FACE('',(#484),#142,.T.);
#3419=ADVANCED_FACE('',(#485),#3263,.T.);
#3420=ADVANCED_FACE('',(#486),#3264,.T.);
#3421=ADVANCED_FACE('',(#487),#3265,.T.);
#3422=ADVANCED_FACE('',(#488),#3266,.T.);
#3423=ADVANCED_FACE('',(#489,#340),#3267,.T.);
#3424=ADVANCED_FACE('',(#490),#3268,.T.);
#3425=ADVANCED_FACE('',(#491),#97,.T.);
#3426=ADVANCED_FACE('',(#492),#98,.T.);
#3427=ADVANCED_FACE('',(#493),#99,.T.);
#3428=ADVANCED_FACE('',(#494),#100,.T.);
#3429=ADVANCED_FACE('',(#495),#101,.T.);
#3430=ADVANCED_FACE('',(#496),#143,.T.);
#3431=ADVANCED_FACE('',(#497),#102,.T.);
#3432=ADVANCED_FACE('',(#498),#103,.T.);
#3433=ADVANCED_FACE('',(#499),#104,.T.);
#3434=ADVANCED_FACE('',(#500),#144,.T.);
#3435=ADVANCED_FACE('',(#501),#145,.T.);
#3436=ADVANCED_FACE('',(#502),#146,.T.);
#3437=ADVANCED_FACE('',(#503),#147,.T.);
#3438=ADVANCED_FACE('',(#504),#148,.T.);
#3439=ADVANCED_FACE('',(#505),#149,.T.);
#3440=ADVANCED_FACE('',(#506),#150,.T.);
#3441=ADVANCED_FACE('',(#507),#151,.T.);
#3442=ADVANCED_FACE('',(#508,#341,#342,#343,#344),#3269,.F.);
#3443=ADVANCED_FACE('',(#509,#345,#346,#347,#348,#349,#350),#3270,.T.);
#3444=ADVANCED_FACE('',(#510),#3271,.T.);
#3445=ADVANCED_FACE('',(#511),#3272,.T.);
#3446=ADVANCED_FACE('',(#512),#3273,.T.);
#3447=ADVANCED_FACE('',(#513),#3274,.T.);
#3448=ADVANCED_FACE('',(#514),#3275,.F.);
#3449=ADVANCED_FACE('',(#515),#3276,.F.);
#3450=ADVANCED_FACE('',(#516),#3277,.F.);
#3451=ADVANCED_FACE('',(#517),#152,.T.);
#3452=ADVANCED_FACE('',(#518),#3278,.F.);
#3453=ADVANCED_FACE('',(#519),#153,.T.);
#3454=ADVANCED_FACE('',(#520),#154,.F.);
#3455=ADVANCED_FACE('',(#521),#155,.F.);
#3456=ADVANCED_FACE('',(#522,#351),#156,.F.);
#3457=ADVANCED_FACE('',(#523),#157,.F.);
#3458=ADVANCED_FACE('',(#524),#158,.T.);
#3459=ADVANCED_FACE('',(#525),#3279,.F.);
#3460=ADVANCED_FACE('',(#526),#3280,.F.);
#3461=ADVANCED_FACE('',(#527),#3281,.F.);
#3462=ADVANCED_FACE('',(#528),#159,.T.);
#3463=ADVANCED_FACE('',(#529),#160,.T.);
#3464=ADVANCED_FACE('',(#530),#3282,.F.);
#3465=ADVANCED_FACE('',(#531),#3283,.T.);
#3466=ADVANCED_FACE('',(#532),#3284,.F.);
#3467=ADVANCED_FACE('',(#533),#3285,.F.);
#3468=ADVANCED_FACE('',(#534),#3286,.F.);
#3469=ADVANCED_FACE('',(#535),#3287,.F.);
#3470=ADVANCED_FACE('',(#536,#352,#353,#354,#355),#3288,.F.);
#3471=ADVANCED_FACE('',(#537),#161,.T.);
#3472=ADVANCED_FACE('',(#538),#162,.T.);
#3473=ADVANCED_FACE('',(#539),#105,.T.);
#3474=ADVANCED_FACE('',(#540),#163,.T.);
#3475=ADVANCED_FACE('',(#541),#106,.T.);
#3476=ADVANCED_FACE('',(#542),#164,.T.);
#3477=ADVANCED_FACE('',(#543),#107,.T.);
#3478=ADVANCED_FACE('',(#544),#108,.T.);
#3479=ADVANCED_FACE('',(#545),#165,.T.);
#3480=ADVANCED_FACE('',(#546),#3289,.T.);
#3481=ADVANCED_FACE('',(#547),#166,.T.);
#3482=ADVANCED_FACE('',(#548),#3290,.T.);
#3483=ADVANCED_FACE('',(#549),#167,.T.);
#3484=ADVANCED_FACE('',(#550),#109,.T.);
#3485=ADVANCED_FACE('',(#551),#110,.T.);
#3486=ADVANCED_FACE('',(#552),#168,.T.);
#3487=ADVANCED_FACE('',(#553,#356,#357,#358,#359),#3291,.T.);
#3488=ADVANCED_FACE('',(#554),#169,.T.);
#3489=ADVANCED_FACE('',(#555),#170,.T.);
#3490=ADVANCED_FACE('',(#556),#111,.T.);
#3491=ADVANCED_FACE('',(#557),#3292,.T.);
#3492=ADVANCED_FACE('',(#558),#171,.T.);
#3493=ADVANCED_FACE('',(#559),#172,.T.);
#3494=ADVANCED_FACE('',(#560),#112,.T.);
#3495=ADVANCED_FACE('',(#561),#173,.F.);
#3496=ADVANCED_FACE('',(#562),#174,.F.);
#3497=ADVANCED_FACE('',(#563),#175,.F.);
#3498=ADVANCED_FACE('',(#564),#176,.F.);
#3499=ADVANCED_FACE('',(#565),#3293,.T.);
#3500=CLOSED_SHELL('',(#3294,#3295,#3296,#3297,#3298,#3299,#3300,#3301,
#3302,#3303,#3304,#3305,#3306,#3307,#3308,#3309,#3310,#3311,#3312,#3313,
#3314,#3315,#3316,#3317,#3318,#3319,#3320,#3321,#3322,#3323,#3324,#3325,
#3326,#3327,#3328,#3329,#3330,#3331,#3332,#3333,#3334,#3335,#3336,#3337,
#3338,#3339,#3340));
#3501=CLOSED_SHELL('',(#3341,#3342,#3343,#3344,#3345,#3346,#3347,#3348,
#3349,#3350,#3351,#3352,#3353,#3354,#3355,#3356,#3357,#3358,#3359,#3360,
#3361));
#3502=CLOSED_SHELL('',(#3362,#3363,#3364,#3365,#3366,#3367,#3368,#3369,
#3370,#3371,#3372,#3373,#3374,#3375,#3376,#3377,#3378,#3379,#3380,#3381,
#3382,#3383,#3384,#3385));
#3503=CLOSED_SHELL('',(#3386,#3387,#3388,#3389,#3390,#3391,#3392,#3393,
#3394,#3395,#3396,#3397,#3398,#3399,#3400,#3401,#3402,#3403,#3404,#3405,
#3406,#3407,#3408,#3409,#3410,#3411,#3412,#3413,#3414,#3415,#3416,#3417,
#3418,#3419,#3420,#3421,#3422,#3423,#3424,#3425,#3426,#3427,#3428,#3429,
#3430,#3431,#3432,#3433,#3434,#3435,#3436,#3437,#3438,#3439,#3440,#3441,
#3442,#3443,#3444,#3445,#3446,#3447,#3448,#3449,#3450,#3451,#3452,#3453,
#3454,#3455,#3456,#3457,#3458,#3459,#3460,#3461,#3462,#3463,#3464,#3465));
#3504=CLOSED_SHELL('',(#3466,#3467,#3468,#3469,#3470,#3471,#3472,#3473,
#3474,#3475,#3476,#3477,#3478,#3479,#3480,#3481,#3482,#3483,#3484,#3485,
#3486,#3487,#3488,#3489,#3490,#3491,#3492,#3493,#3494,#3495,#3496,#3497,
#3498,#3499));
#3505=DERIVED_UNIT_ELEMENT(#3515,1.);
#3506=DERIVED_UNIT_ELEMENT(#6211,-3.);
#3507=DERIVED_UNIT_ELEMENT(#3515,1.);
#3508=DERIVED_UNIT_ELEMENT(#6211,-3.);
#3509=DERIVED_UNIT_ELEMENT(#3515,1.);
#3510=DERIVED_UNIT_ELEMENT(#6211,-3.);
#3511=DERIVED_UNIT_ELEMENT(#3515,1.);
#3512=DERIVED_UNIT_ELEMENT(#6211,-3.);
#3513=DERIVED_UNIT_ELEMENT(#3515,1.);
#3514=DERIVED_UNIT_ELEMENT(#6211,-3.);
#3515=(
MASS_UNIT()
NAMED_UNIT(*)
SI_UNIT(.KILO.,.GRAM.)
);
#3516=DERIVED_UNIT((#3505,#3506));
#3517=DERIVED_UNIT((#3507,#3508));
#3518=DERIVED_UNIT((#3509,#3510));
#3519=DERIVED_UNIT((#3511,#3512));
#3520=DERIVED_UNIT((#3513,#3514));
#3521=MEASURE_REPRESENTATION_ITEM('density measure',
POSITIVE_RATIO_MEASURE(7850.),#3516);
#3522=MEASURE_REPRESENTATION_ITEM('density measure',
POSITIVE_RATIO_MEASURE(7850.),#3517);
#3523=MEASURE_REPRESENTATION_ITEM('density measure',
POSITIVE_RATIO_MEASURE(7850.),#3518);
#3524=MEASURE_REPRESENTATION_ITEM('density measure',
POSITIVE_RATIO_MEASURE(7850.),#3519);
#3525=MEASURE_REPRESENTATION_ITEM('density measure',
POSITIVE_RATIO_MEASURE(7750.),#3520);
#3526=PROPERTY_DEFINITION_REPRESENTATION(#3551,#3536);
#3527=PROPERTY_DEFINITION_REPRESENTATION(#3552,#3537);
#3528=PROPERTY_DEFINITION_REPRESENTATION(#3553,#3538);
#3529=PROPERTY_DEFINITION_REPRESENTATION(#3554,#3539);
#3530=PROPERTY_DEFINITION_REPRESENTATION(#3555,#3540);
#3531=PROPERTY_DEFINITION_REPRESENTATION(#3556,#3541);
#3532=PROPERTY_DEFINITION_REPRESENTATION(#3557,#3542);
#3533=PROPERTY_DEFINITION_REPRESENTATION(#3558,#3543);
#3534=PROPERTY_DEFINITION_REPRESENTATION(#3559,#3544);
#3535=PROPERTY_DEFINITION_REPRESENTATION(#3560,#3545);
#3536=REPRESENTATION('material name',(#3546),#6204);
#3537=REPRESENTATION('density',(#3521),#6204);
#3538=REPRESENTATION('material name',(#3547),#6205);
#3539=REPRESENTATION('density',(#3522),#6205);
#3540=REPRESENTATION('material name',(#3548),#6206);
#3541=REPRESENTATION('density',(#3523),#6206);
#3542=REPRESENTATION('material name',(#3549),#6207);
#3543=REPRESENTATION('density',(#3524),#6207);
#3544=REPRESENTATION('material name',(#3550),#6208);
#3545=REPRESENTATION('density',(#3525),#6208);
#3546=DESCRIPTIVE_REPRESENTATION_ITEM('Steel','Steel');
#3547=DESCRIPTIVE_REPRESENTATION_ITEM('Steel','Steel');
#3548=DESCRIPTIVE_REPRESENTATION_ITEM('Steel','Steel');
#3549=DESCRIPTIVE_REPRESENTATION_ITEM('Steel','Steel');
#3550=DESCRIPTIVE_REPRESENTATION_ITEM('Steel 4.6, Plain',
'Steel 4.6, Plain');
#3551=PROPERTY_DEFINITION('material property','material name',#6243);
#3552=PROPERTY_DEFINITION('material property','density of part',#6243);
#3553=PROPERTY_DEFINITION('material property','material name',#6244);
#3554=PROPERTY_DEFINITION('material property','density of part',#6244);
#3555=PROPERTY_DEFINITION('material property','material name',#6245);
#3556=PROPERTY_DEFINITION('material property','density of part',#6245);
#3557=PROPERTY_DEFINITION('material property','material name',#6246);
#3558=PROPERTY_DEFINITION('material property','density of part',#6246);
#3559=PROPERTY_DEFINITION('material property','material name',#6247);
#3560=PROPERTY_DEFINITION('material property','density of part',#6247);
#3561=AXIS2_PLACEMENT_3D('',#4941,#3913,#3914);
#3562=AXIS2_PLACEMENT_3D('',#4942,#3915,#3916);
#3563=AXIS2_PLACEMENT_3D('',#4943,#3917,#3918);
#3564=AXIS2_PLACEMENT_3D('',#4944,#3919,#3920);
#3565=AXIS2_PLACEMENT_3D('',#4945,#3921,#3922);
#3566=AXIS2_PLACEMENT_3D('',#4946,#3923,#3924);
#3567=AXIS2_PLACEMENT_3D('',#4955,#3929,#3930);
#3568=AXIS2_PLACEMENT_3D('',#4961,#3934,#3935);
#3569=AXIS2_PLACEMENT_3D('',#4967,#3939,#3940);
#3570=AXIS2_PLACEMENT_3D('',#4970,#3943,#3944);
#3571=AXIS2_PLACEMENT_3D('',#4979,#3949,#3950);
#3572=AXIS2_PLACEMENT_3D('',#4985,#3954,#3955);
#3573=AXIS2_PLACEMENT_3D('',#4991,#3959,#3960);
#3574=AXIS2_PLACEMENT_3D('',#4994,#3963,#3964);
#3575=AXIS2_PLACEMENT_3D('',#5003,#3969,#3970);
#3576=AXIS2_PLACEMENT_3D('',#5009,#3974,#3975);
#3577=AXIS2_PLACEMENT_3D('',#5015,#3979,#3980);
#3578=AXIS2_PLACEMENT_3D('',#5018,#3983,#3984);
#3579=AXIS2_PLACEMENT_3D('',#5027,#3989,#3990);
#3580=AXIS2_PLACEMENT_3D('',#5033,#3994,#3995);
#3581=AXIS2_PLACEMENT_3D('',#5037,#3998,#3999);
#3582=AXIS2_PLACEMENT_3D('',#5041,#4002,#4003);
#3583=AXIS2_PLACEMENT_3D('',#5043,#4005,#4006);
#3584=AXIS2_PLACEMENT_3D('',#5053,#4011,#4012);
#3585=AXIS2_PLACEMENT_3D('',#5055,#4013,#4014);
#3586=AXIS2_PLACEMENT_3D('',#5057,#4015,#4016);
#3587=AXIS2_PLACEMENT_3D('',#5059,#4017,#4018);
#3588=AXIS2_PLACEMENT_3D('',#5060,#4019,#4020);
#3589=AXIS2_PLACEMENT_3D('',#5062,#4021,#4022);
#3590=AXIS2_PLACEMENT_3D('',#5065,#4024,#4025);
#3591=AXIS2_PLACEMENT_3D('',#5066,#4026,#4027);
#3592=AXIS2_PLACEMENT_3D('',#5068,#4028,#4029);
#3593=AXIS2_PLACEMENT_3D('',#5071,#4031,#4032);
#3594=AXIS2_PLACEMENT_3D('',#5072,#4033,#4034);
#3595=AXIS2_PLACEMENT_3D('',#5073,#4035,#4036);
#3596=AXIS2_PLACEMENT_3D('',#5074,#4037,#4038);
#3597=AXIS2_PLACEMENT_3D('',#5076,#4039,#4040);
#3598=AXIS2_PLACEMENT_3D('',#5079,#4042,#4043);
#3599=AXIS2_PLACEMENT_3D('',#5080,#4044,#4045);
#3600=AXIS2_PLACEMENT_3D('',#5081,#4046,#4047);
#3601=AXIS2_PLACEMENT_3D('',#5082,#4048,#4049);
#3602=AXIS2_PLACEMENT_3D('',#5084,#4050,#4051);
#3603=AXIS2_PLACEMENT_3D('',#5087,#4053,#4054);
#3604=AXIS2_PLACEMENT_3D('',#5088,#4055,#4056);
#3605=AXIS2_PLACEMENT_3D('',#5089,#4057,#4058);
#3606=AXIS2_PLACEMENT_3D('',#5090,#4059,#4060);
#3607=AXIS2_PLACEMENT_3D('',#5091,#4061,#4062);
#3608=AXIS2_PLACEMENT_3D('',#5092,#4063,#4064);
#3609=AXIS2_PLACEMENT_3D('',#5096,#4066,#4067);
#3610=AXIS2_PLACEMENT_3D('',#5098,#4069,#4070);
#3611=AXIS2_PLACEMENT_3D('',#5102,#4073,#4074);
#3612=AXIS2_PLACEMENT_3D('',#5105,#4076,#4077);
#3613=AXIS2_PLACEMENT_3D('',#5106,#4078,#4079);
#3614=AXIS2_PLACEMENT_3D('',#5110,#4082,#4083);
#3615=AXIS2_PLACEMENT_3D('',#5112,#4084,#4085);
#3616=AXIS2_PLACEMENT_3D('',#5114,#4086,#4087);
#3617=AXIS2_PLACEMENT_3D('',#5116,#4089,#4090);
#3618=AXIS2_PLACEMENT_3D('',#5117,#4091,#4092);
#3619=AXIS2_PLACEMENT_3D('',#5118,#4093,#4094);
#3620=AXIS2_PLACEMENT_3D('',#5119,#4095,#4096);
#3621=AXIS2_PLACEMENT_3D('',#5120,#4097,#4098);
#3622=AXIS2_PLACEMENT_3D('',#5124,#4100,#4101);
#3623=AXIS2_PLACEMENT_3D('',#5126,#4103,#4104);
#3624=AXIS2_PLACEMENT_3D('',#5131,#4107,#4108);
#3625=AXIS2_PLACEMENT_3D('',#5133,#4109,#4110);
#3626=AXIS2_PLACEMENT_3D('',#5135,#4111,#4112);
#3627=AXIS2_PLACEMENT_3D('',#5137,#4113,#4114);
#3628=AXIS2_PLACEMENT_3D('',#5138,#4115,#4116);
#3629=AXIS2_PLACEMENT_3D('',#5139,#4117,#4118);
#3630=AXIS2_PLACEMENT_3D('',#5140,#4119,#4120);
#3631=AXIS2_PLACEMENT_3D('',#5143,#4122,#4123);
#3632=AXIS2_PLACEMENT_3D('',#5145,#4125,#4126);
#3633=AXIS2_PLACEMENT_3D('',#5146,#4127,#4128);
#3634=AXIS2_PLACEMENT_3D('',#5147,#4129,#4130);
#3635=AXIS2_PLACEMENT_3D('',#5151,#4133,#4134);
#3636=AXIS2_PLACEMENT_3D('',#5152,#4135,#4136);
#3637=AXIS2_PLACEMENT_3D('',#5153,#4137,#4138);
#3638=AXIS2_PLACEMENT_3D('',#5154,#4139,#4140);
#3639=AXIS2_PLACEMENT_3D('',#5155,#4141,#4142);
#3640=AXIS2_PLACEMENT_3D('',#5156,#4143,#4144);
#3641=AXIS2_PLACEMENT_3D('',#5158,#4146,#4147);
#3642=AXIS2_PLACEMENT_3D('',#5160,#4149,#4150);
#3643=AXIS2_PLACEMENT_3D('',#5162,#4152,#4153);
#3644=AXIS2_PLACEMENT_3D('',#5164,#4155,#4156);
#3645=AXIS2_PLACEMENT_3D('',#5165,#4157,#4158);
#3646=AXIS2_PLACEMENT_3D('',#5166,#4159,#4160);
#3647=AXIS2_PLACEMENT_3D('',#5168,#4161,#4162);
#3648=AXIS2_PLACEMENT_3D('',#5170,#4163,#4164);
#3649=AXIS2_PLACEMENT_3D('',#5171,#4165,#4166);
#3650=AXIS2_PLACEMENT_3D('',#5172,#4167,#4168);
#3651=AXIS2_PLACEMENT_3D('',#5174,#4169,#4170);
#3652=AXIS2_PLACEMENT_3D('',#5175,#4171,#4172);
#3653=AXIS2_PLACEMENT_3D('',#5177,#4173,#4174);
#3654=AXIS2_PLACEMENT_3D('',#5179,#4176,#4177);
#3655=AXIS2_PLACEMENT_3D('',#5182,#4179,#4180);
#3656=AXIS2_PLACEMENT_3D('',#5183,#4181,#4182);
#3657=AXIS2_PLACEMENT_3D('',#5190,#4186,#4187);
#3658=AXIS2_PLACEMENT_3D('',#5194,#4190,#4191);
#3659=AXIS2_PLACEMENT_3D('',#5198,#4194,#4195);
#3660=AXIS2_PLACEMENT_3D('',#5202,#4198,#4199);
#3661=AXIS2_PLACEMENT_3D('',#5206,#4202,#4203);
#3662=AXIS2_PLACEMENT_3D('',#5208,#4205,#4206);
#3663=AXIS2_PLACEMENT_3D('',#5214,#4210,#4211);
#3664=AXIS2_PLACEMENT_3D('',#5218,#4214,#4215);
#3665=AXIS2_PLACEMENT_3D('',#5222,#4218,#4219);
#3666=AXIS2_PLACEMENT_3D('',#5226,#4222,#4223);
#3667=AXIS2_PLACEMENT_3D('',#5230,#4226,#4227);
#3668=AXIS2_PLACEMENT_3D('',#5232,#4229,#4230);
#3669=AXIS2_PLACEMENT_3D('',#5234,#4231,#4232);
#3670=AXIS2_PLACEMENT_3D('',#5236,#4233,#4234);
#3671=AXIS2_PLACEMENT_3D('',#5237,#4235,#4236);
#3672=AXIS2_PLACEMENT_3D('',#5239,#4238,#4239);
#3673=AXIS2_PLACEMENT_3D('',#5240,#4240,#4241);
#3674=AXIS2_PLACEMENT_3D('',#5242,#4242,#4243);
#3675=AXIS2_PLACEMENT_3D('',#5243,#4244,#4245);
#3676=AXIS2_PLACEMENT_3D('',#5244,#4246,#4247);
#3677=AXIS2_PLACEMENT_3D('',#5245,#4248,#4249);
#3678=AXIS2_PLACEMENT_3D('',#5254,#4254,#4255);
#3679=AXIS2_PLACEMENT_3D('',#5260,#4259,#4260);
#3680=AXIS2_PLACEMENT_3D('',#5266,#4264,#4265);
#3681=AXIS2_PLACEMENT_3D('',#5269,#4268,#4269);
#3682=AXIS2_PLACEMENT_3D('',#5278,#4274,#4275);
#3683=AXIS2_PLACEMENT_3D('',#5284,#4279,#4280);
#3684=AXIS2_PLACEMENT_3D('',#5290,#4284,#4285);
#3685=AXIS2_PLACEMENT_3D('',#5293,#4288,#4289);
#3686=AXIS2_PLACEMENT_3D('',#5302,#4294,#4295);
#3687=AXIS2_PLACEMENT_3D('',#5308,#4299,#4300);
#3688=AXIS2_PLACEMENT_3D('',#5314,#4304,#4305);
#3689=AXIS2_PLACEMENT_3D('',#5317,#4308,#4309);
#3690=AXIS2_PLACEMENT_3D('',#5322,#4311,#4312);
#3691=AXIS2_PLACEMENT_3D('',#5328,#4316,#4317);
#3692=AXIS2_PLACEMENT_3D('',#5337,#4322,#4323);
#3693=AXIS2_PLACEMENT_3D('',#5343,#4327,#4328);
#3694=AXIS2_PLACEMENT_3D('',#5347,#4331,#4332);
#3695=AXIS2_PLACEMENT_3D('',#5351,#4335,#4336);
#3696=AXIS2_PLACEMENT_3D('',#5353,#4338,#4339);
#3697=AXIS2_PLACEMENT_3D('',#5357,#4341,#4342);
#3698=AXIS2_PLACEMENT_3D('',#5359,#4344,#4345);
#3699=AXIS2_PLACEMENT_3D('',#5367,#4350,#4351);
#3700=AXIS2_PLACEMENT_3D('',#5369,#4353,#4354);
#3701=AXIS2_PLACEMENT_3D('',#5372,#4357,#4358);
#3702=AXIS2_PLACEMENT_3D('',#5373,#4359,#4360);
#3703=AXIS2_PLACEMENT_3D('',#5374,#4361,#4362);
#3704=AXIS2_PLACEMENT_3D('',#5377,#4363,#4364);
#3705=AXIS2_PLACEMENT_3D('',#5381,#4366,#4367);
#3706=AXIS2_PLACEMENT_3D('',#5389,#4372,#4373);
#3707=AXIS2_PLACEMENT_3D('',#5395,#4377,#4378);
#3708=AXIS2_PLACEMENT_3D('',#5401,#4382,#4383);
#3709=AXIS2_PLACEMENT_3D('',#5407,#4387,#4388);
#3710=AXIS2_PLACEMENT_3D('',#5409,#4389,#4390);
#3711=AXIS2_PLACEMENT_3D('',#5412,#4393,#4394);
#3712=AXIS2_PLACEMENT_3D('',#5413,#4395,#4396);
#3713=AXIS2_PLACEMENT_3D('',#5417,#4398,#4399);
#3714=AXIS2_PLACEMENT_3D('',#5421,#4401,#4402);
#3715=AXIS2_PLACEMENT_3D('',#5423,#4404,#4405);
#3716=AXIS2_PLACEMENT_3D('',#5426,#4406,#4407);
#3717=AXIS2_PLACEMENT_3D('',#5430,#4409,#4410);
#3718=AXIS2_PLACEMENT_3D('',#5443,#4411,#4412);
#3719=AXIS2_PLACEMENT_3D('',#5447,#4414,#4415);
#3720=AXIS2_PLACEMENT_3D('',#5458,#4416,#4417);
#3721=AXIS2_PLACEMENT_3D('',#5462,#4419,#4420);
#3722=AXIS2_PLACEMENT_3D('',#5468,#4424,#4425);
#3723=AXIS2_PLACEMENT_3D('',#5472,#4428,#4429);
#3724=AXIS2_PLACEMENT_3D('',#5478,#4432,#4433);
#3725=AXIS2_PLACEMENT_3D('',#5484,#4436,#4437);
#3726=AXIS2_PLACEMENT_3D('',#5487,#4439,#4440);
#3727=AXIS2_PLACEMENT_3D('',#5566,#4443,#4444);
#3728=AXIS2_PLACEMENT_3D('',#5572,#4448,#4449);
#3729=AXIS2_PLACEMENT_3D('',#5578,#4453,#4454);
#3730=AXIS2_PLACEMENT_3D('',#5580,#4455,#4456);
#3731=AXIS2_PLACEMENT_3D('',#5582,#4458,#4459);
#3732=AXIS2_PLACEMENT_3D('',#5585,#4461,#4462);
#3733=AXIS2_PLACEMENT_3D('',#5586,#4463,#4464);
#3734=AXIS2_PLACEMENT_3D('',#5589,#4465,#4466);
#3735=AXIS2_PLACEMENT_3D('',#5593,#4468,#4469);
#3736=AXIS2_PLACEMENT_3D('',#5606,#4470,#4471);
#3737=AXIS2_PLACEMENT_3D('',#5610,#4473,#4474);
#3738=AXIS2_PLACEMENT_3D('',#5621,#4475,#4476);
#3739=AXIS2_PLACEMENT_3D('',#5626,#4480,#4481);
#3740=AXIS2_PLACEMENT_3D('',#5628,#4483,#4484);
#3741=AXIS2_PLACEMENT_3D('',#5696,#4489,#4490);
#3742=AXIS2_PLACEMENT_3D('',#5700,#4492,#4493);
#3743=AXIS2_PLACEMENT_3D('',#5702,#4495,#4496);
#3744=AXIS2_PLACEMENT_3D('',#5705,#4497,#4498);
#3745=AXIS2_PLACEMENT_3D('',#5709,#4500,#4501);
#3746=AXIS2_PLACEMENT_3D('',#5722,#4502,#4503);
#3747=AXIS2_PLACEMENT_3D('',#5734,#4505,#4506);
#3748=AXIS2_PLACEMENT_3D('',#5738,#4509,#4510);
#3749=AXIS2_PLACEMENT_3D('',#5745,#4514,#4515);
#3750=AXIS2_PLACEMENT_3D('',#5810,#4518,#4519);
#3751=AXIS2_PLACEMENT_3D('',#5814,#4521,#4522);
#3752=AXIS2_PLACEMENT_3D('',#5816,#4524,#4525);
#3753=AXIS2_PLACEMENT_3D('',#5820,#4527,#4528);
#3754=AXIS2_PLACEMENT_3D('',#5822,#4530,#4531);
#3755=AXIS2_PLACEMENT_3D('',#5863,#4532,#4533);
#3756=AXIS2_PLACEMENT_3D('',#5865,#4534,#4535);
#3757=AXIS2_PLACEMENT_3D('',#5867,#4537,#4538);
#3758=AXIS2_PLACEMENT_3D('',#5871,#4541,#4542);
#3759=AXIS2_PLACEMENT_3D('',#5873,#4544,#4545);
#3760=AXIS2_PLACEMENT_3D('',#5877,#4548,#4549);
#3761=AXIS2_PLACEMENT_3D('',#5880,#4552,#4553);
#3762=AXIS2_PLACEMENT_3D('',#5882,#4555,#4556);
#3763=AXIS2_PLACEMENT_3D('',#5887,#4560,#4561);
#3764=AXIS2_PLACEMENT_3D('',#5889,#4562,#4563);
#3765=AXIS2_PLACEMENT_3D('',#5890,#4564,#4565);
#3766=AXIS2_PLACEMENT_3D('',#5891,#4566,#4567);
#3767=AXIS2_PLACEMENT_3D('',#5893,#4568,#4569);
#3768=AXIS2_PLACEMENT_3D('',#5894,#4570,#4571);
#3769=AXIS2_PLACEMENT_3D('',#5895,#4572,#4573);
#3770=AXIS2_PLACEMENT_3D('',#5896,#4574,#4575);
#3771=AXIS2_PLACEMENT_3D('',#5898,#4576,#4577);
#3772=AXIS2_PLACEMENT_3D('',#5899,#4578,#4579);
#3773=AXIS2_PLACEMENT_3D('',#5900,#4580,#4581);
#3774=AXIS2_PLACEMENT_3D('',#5902,#4582,#4583);
#3775=AXIS2_PLACEMENT_3D('',#5903,#4584,#4585);
#3776=AXIS2_PLACEMENT_3D('',#5904,#4586,#4587);
#3777=AXIS2_PLACEMENT_3D('',#5905,#4588,#4589);
#3778=AXIS2_PLACEMENT_3D('',#5907,#4590,#4591);
#3779=AXIS2_PLACEMENT_3D('',#5908,#4592,#4593);
#3780=AXIS2_PLACEMENT_3D('',#5909,#4594,#4595);
#3781=AXIS2_PLACEMENT_3D('',#5911,#4597,#4598);
#3782=AXIS2_PLACEMENT_3D('',#5913,#4599,#4600);
#3783=AXIS2_PLACEMENT_3D('',#5914,#4601,#4602);
#3784=AXIS2_PLACEMENT_3D('',#5915,#4603,#4604);
#3785=AXIS2_PLACEMENT_3D('',#5917,#4605,#4606);
#3786=AXIS2_PLACEMENT_3D('',#5918,#4607,#4608);
#3787=AXIS2_PLACEMENT_3D('',#5919,#4609,#4610);
#3788=AXIS2_PLACEMENT_3D('',#5921,#4611,#4612);
#3789=AXIS2_PLACEMENT_3D('',#5922,#4613,#4614);
#3790=AXIS2_PLACEMENT_3D('',#5923,#4615,#4616);
#3791=AXIS2_PLACEMENT_3D('',#5925,#4618,#4619);
#3792=AXIS2_PLACEMENT_3D('',#5927,#4621,#4622);
#3793=AXIS2_PLACEMENT_3D('',#5930,#4625,#4626);
#3794=AXIS2_PLACEMENT_3D('',#5932,#4628,#4629);
#3795=AXIS2_PLACEMENT_3D('',#5934,#4631,#4632);
#3796=AXIS2_PLACEMENT_3D('',#5935,#4633,#4634);
#3797=AXIS2_PLACEMENT_3D('',#5937,#4636,#4637);
#3798=AXIS2_PLACEMENT_3D('',#5939,#4639,#4640);
#3799=AXIS2_PLACEMENT_3D('',#5941,#4641,#4642);
#3800=AXIS2_PLACEMENT_3D('',#5943,#4643,#4644);
#3801=AXIS2_PLACEMENT_3D('',#5945,#4645,#4646);
#3802=AXIS2_PLACEMENT_3D('',#5947,#4647,#4648);
#3803=AXIS2_PLACEMENT_3D('',#5948,#4649,#4650);
#3804=AXIS2_PLACEMENT_3D('',#5950,#4651,#4652);
#3805=AXIS2_PLACEMENT_3D('',#5952,#4653,#4654);
#3806=AXIS2_PLACEMENT_3D('',#5954,#4655,#4656);
#3807=AXIS2_PLACEMENT_3D('',#5956,#4657,#4658);
#3808=AXIS2_PLACEMENT_3D('',#5965,#4662,#4663);
#3809=AXIS2_PLACEMENT_3D('',#5969,#4665,#4666);
#3810=AXIS2_PLACEMENT_3D('',#5973,#4669,#4670);
#3811=AXIS2_PLACEMENT_3D('',#5978,#4672,#4673);
#3812=AXIS2_PLACEMENT_3D('',#5980,#4675,#4676);
#3813=AXIS2_PLACEMENT_3D('',#5986,#4679,#4680);
#3814=AXIS2_PLACEMENT_3D('',#5987,#4681,#4682);
#3815=AXIS2_PLACEMENT_3D('',#5990,#4683,#4684);
#3816=AXIS2_PLACEMENT_3D('',#5994,#4686,#4687);
#3817=AXIS2_PLACEMENT_3D('',#6002,#4691,#4692);
#3818=AXIS2_PLACEMENT_3D('',#6005,#4695,#4696);
#3819=AXIS2_PLACEMENT_3D('',#6007,#4698,#4699);
#3820=AXIS2_PLACEMENT_3D('',#6008,#4700,#4701);
#3821=AXIS2_PLACEMENT_3D('',#6011,#4704,#4705);
#3822=AXIS2_PLACEMENT_3D('',#6013,#4707,#4708);
#3823=AXIS2_PLACEMENT_3D('',#6016,#4711,#4712);
#3824=AXIS2_PLACEMENT_3D('',#6018,#4714,#4715);
#3825=AXIS2_PLACEMENT_3D('',#6019,#4716,#4717);
#3826=AXIS2_PLACEMENT_3D('',#6020,#4718,#4719);
#3827=AXIS2_PLACEMENT_3D('',#6022,#4721,#4722);
#3828=AXIS2_PLACEMENT_3D('',#6024,#4724,#4725);
#3829=AXIS2_PLACEMENT_3D('',#6026,#4727,#4728);
#3830=AXIS2_PLACEMENT_3D('',#6028,#4730,#4731);
#3831=AXIS2_PLACEMENT_3D('',#6030,#4733,#4734);
#3832=AXIS2_PLACEMENT_3D('',#6032,#4736,#4737);
#3833=AXIS2_PLACEMENT_3D('',#6034,#4739,#4740);
#3834=AXIS2_PLACEMENT_3D('',#6036,#4742,#4743);
#3835=AXIS2_PLACEMENT_3D('',#6037,#4744,#4745);
#3836=AXIS2_PLACEMENT_3D('',#6039,#4747,#4748);
#3837=AXIS2_PLACEMENT_3D('',#6040,#4749,#4750);
#3838=AXIS2_PLACEMENT_3D('',#6041,#4751,#4752);
#3839=AXIS2_PLACEMENT_3D('',#6050,#4757,#4758);
#3840=AXIS2_PLACEMENT_3D('',#6059,#4763,#4764);
#3841=AXIS2_PLACEMENT_3D('',#6065,#4768,#4769);
#3842=AXIS2_PLACEMENT_3D('',#6068,#4772,#4773);
#3843=AXIS2_PLACEMENT_3D('',#6078,#4778,#4779);
#3844=AXIS2_PLACEMENT_3D('',#6079,#4780,#4781);
#3845=AXIS2_PLACEMENT_3D('',#6081,#4782,#4783);
#3846=AXIS2_PLACEMENT_3D('',#6083,#4784,#4785);
#3847=AXIS2_PLACEMENT_3D('',#6084,#4786,#4787);
#3848=AXIS2_PLACEMENT_3D('',#6086,#4788,#4789);
#3849=AXIS2_PLACEMENT_3D('',#6089,#4791,#4792);
#3850=AXIS2_PLACEMENT_3D('',#6090,#4793,#4794);
#3851=AXIS2_PLACEMENT_3D('',#6092,#4795,#4796);
#3852=AXIS2_PLACEMENT_3D('',#6095,#4798,#4799);
#3853=AXIS2_PLACEMENT_3D('',#6096,#4800,#4801);
#3854=AXIS2_PLACEMENT_3D('',#6097,#4802,#4803);
#3855=AXIS2_PLACEMENT_3D('',#6098,#4804,#4805);
#3856=AXIS2_PLACEMENT_3D('',#6100,#4806,#4807);
#3857=AXIS2_PLACEMENT_3D('',#6103,#4809,#4810);
#3858=AXIS2_PLACEMENT_3D('',#6104,#4811,#4812);
#3859=AXIS2_PLACEMENT_3D('',#6105,#4813,#4814);
#3860=AXIS2_PLACEMENT_3D('',#6106,#4815,#4816);
#3861=AXIS2_PLACEMENT_3D('',#6108,#4817,#4818);
#3862=AXIS2_PLACEMENT_3D('',#6111,#4820,#4821);
#3863=AXIS2_PLACEMENT_3D('',#6112,#4822,#4823);
#3864=AXIS2_PLACEMENT_3D('',#6113,#4824,#4825);
#3865=AXIS2_PLACEMENT_3D('',#6114,#4826,#4827);
#3866=AXIS2_PLACEMENT_3D('',#6115,#4828,#4829);
#3867=AXIS2_PLACEMENT_3D('',#6116,#4830,#4831);
#3868=AXIS2_PLACEMENT_3D('',#6120,#4833,#4834);
#3869=AXIS2_PLACEMENT_3D('',#6122,#4836,#4837);
#3870=AXIS2_PLACEMENT_3D('',#6126,#4840,#4841);
#3871=AXIS2_PLACEMENT_3D('',#6129,#4843,#4844);
#3872=AXIS2_PLACEMENT_3D('',#6130,#4845,#4846);
#3873=AXIS2_PLACEMENT_3D('',#6134,#4849,#4850);
#3874=AXIS2_PLACEMENT_3D('',#6136,#4851,#4852);
#3875=AXIS2_PLACEMENT_3D('',#6138,#4853,#4854);
#3876=AXIS2_PLACEMENT_3D('',#6140,#4856,#4857);
#3877=AXIS2_PLACEMENT_3D('',#6141,#4858,#4859);
#3878=AXIS2_PLACEMENT_3D('',#6142,#4860,#4861);
#3879=AXIS2_PLACEMENT_3D('',#6143,#4862,#4863);
#3880=AXIS2_PLACEMENT_3D('',#6144,#4864,#4865);
#3881=AXIS2_PLACEMENT_3D('',#6148,#4867,#4868);
#3882=AXIS2_PLACEMENT_3D('',#6150,#4870,#4871);
#3883=AXIS2_PLACEMENT_3D('',#6154,#4874,#4875);
#3884=AXIS2_PLACEMENT_3D('',#6156,#4876,#4877);
#3885=AXIS2_PLACEMENT_3D('',#6158,#4878,#4879);
#3886=AXIS2_PLACEMENT_3D('',#6160,#4880,#4881);
#3887=AXIS2_PLACEMENT_3D('',#6161,#4882,#4883);
#3888=AXIS2_PLACEMENT_3D('',#6162,#4884,#4885);
#3889=AXIS2_PLACEMENT_3D('',#6163,#4886,#4887);
#3890=AXIS2_PLACEMENT_3D('',#6166,#4889,#4890);
#3891=AXIS2_PLACEMENT_3D('',#6168,#4892,#4893);
#3892=AXIS2_PLACEMENT_3D('',#6169,#4894,#4895);
#3893=AXIS2_PLACEMENT_3D('',#6170,#4896,#4897);
#3894=AXIS2_PLACEMENT_3D('',#6174,#4900,#4901);
#3895=AXIS2_PLACEMENT_3D('',#6175,#4902,#4903);
#3896=AXIS2_PLACEMENT_3D('',#6176,#4904,#4905);
#3897=AXIS2_PLACEMENT_3D('',#6177,#4906,#4907);
#3898=AXIS2_PLACEMENT_3D('',#6178,#4908,#4909);
#3899=AXIS2_PLACEMENT_3D('',#6179,#4910,#4911);
#3900=AXIS2_PLACEMENT_3D('',#6181,#4913,#4914);
#3901=AXIS2_PLACEMENT_3D('',#6182,#4915,#4916);
#3902=AXIS2_PLACEMENT_3D('',#6184,#4918,#4919);
#3903=AXIS2_PLACEMENT_3D('',#6186,#4921,#4922);
#3904=AXIS2_PLACEMENT_3D('',#6187,#4923,#4924);
#3905=AXIS2_PLACEMENT_3D('',#6188,#4925,#4926);
#3906=AXIS2_PLACEMENT_3D('',#6189,#4927,#4928);
#3907=AXIS2_PLACEMENT_3D('',#6190,#4929,#4930);
#3908=AXIS2_PLACEMENT_3D('',#6191,#4931,#4932);
#3909=AXIS2_PLACEMENT_3D('',#6192,#4933,#4934);
#3910=AXIS2_PLACEMENT_3D('',#6193,#4935,#4936);
#3911=AXIS2_PLACEMENT_3D('',#6194,#4937,#4938);
#3912=AXIS2_PLACEMENT_3D('',#6195,#4939,#4940);
#3913=DIRECTION('axis',(0.,0.,1.));
#3914=DIRECTION('refdir',(1.,0.,0.));
#3915=DIRECTION('axis',(0.,0.,1.));
#3916=DIRECTION('refdir',(1.,0.,0.));
#3917=DIRECTION('axis',(0.,0.,1.));
#3918=DIRECTION('refdir',(1.,0.,0.));
#3919=DIRECTION('axis',(0.,0.,1.));
#3920=DIRECTION('refdir',(1.,0.,0.));
#3921=DIRECTION('axis',(0.,0.,1.));
#3922=DIRECTION('refdir',(1.,0.,0.));
#3923=DIRECTION('center_axis',(0.,1.,0.));
#3924=DIRECTION('ref_axis',(-1.,0.,0.));
#3925=DIRECTION('',(1.,0.,0.));
#3926=DIRECTION('',(0.,0.,1.));
#3927=DIRECTION('',(-1.,0.,0.));
#3928=DIRECTION('',(0.,0.,1.));
#3929=DIRECTION('center_axis',(-1.,0.,0.));
#3930=DIRECTION('ref_axis',(0.,-1.,0.));
#3931=DIRECTION('',(0.,1.,0.));
#3932=DIRECTION('',(0.,0.,1.));
#3933=DIRECTION('',(0.,-1.,0.));
#3934=DIRECTION('center_axis',(0.,-1.,0.));
#3935=DIRECTION('ref_axis',(1.,0.,0.));
#3936=DIRECTION('',(-1.,0.,0.));
#3937=DIRECTION('',(0.,0.,1.));
#3938=DIRECTION('',(1.,0.,0.));
#3939=DIRECTION('center_axis',(1.,0.,0.));
#3940=DIRECTION('ref_axis',(0.,1.,0.));
#3941=DIRECTION('',(0.,-1.,0.));
#3942=DIRECTION('',(0.,1.,0.));
#3943=DIRECTION('center_axis',(0.,-1.,0.));
#3944=DIRECTION('ref_axis',(1.,0.,0.));
#3945=DIRECTION('',(-1.,0.,0.));
#3946=DIRECTION('',(0.,0.,1.));
#3947=DIRECTION('',(1.,0.,0.));
#3948=DIRECTION('',(0.,0.,1.));
#3949=DIRECTION('center_axis',(1.,0.,0.));
#3950=DIRECTION('ref_axis',(0.,1.,0.));
#3951=DIRECTION('',(0.,-1.,0.));
#3952=DIRECTION('',(0.,0.,1.));
#3953=DIRECTION('',(0.,1.,0.));
#3954=DIRECTION('center_axis',(0.,1.,0.));
#3955=DIRECTION('ref_axis',(-1.,0.,0.));
#3956=DIRECTION('',(1.,0.,0.));
#3957=DIRECTION('',(0.,0.,1.));
#3958=DIRECTION('',(-1.,0.,0.));
#3959=DIRECTION('center_axis',(-1.,0.,0.));
#3960=DIRECTION('ref_axis',(0.,-1.,0.));
#3961=DIRECTION('',(0.,1.,0.));
#3962=DIRECTION('',(0.,-1.,0.));
#3963=DIRECTION('center_axis',(0.,-1.,0.));
#3964=DIRECTION('ref_axis',(1.,0.,0.));
#3965=DIRECTION('',(-1.,0.,0.));
#3966=DIRECTION('',(0.,0.,1.));
#3967=DIRECTION('',(1.,0.,0.));
#3968=DIRECTION('',(0.,0.,1.));
#3969=DIRECTION('center_axis',(1.,0.,0.));
#3970=DIRECTION('ref_axis',(0.,1.,0.));
#3971=DIRECTION('',(0.,-1.,0.));
#3972=DIRECTION('',(0.,0.,1.));
#3973=DIRECTION('',(0.,1.,0.));
#3974=DIRECTION('center_axis',(0.,1.,0.));
#3975=DIRECTION('ref_axis',(-1.,0.,0.));
#3976=DIRECTION('',(1.,0.,0.));
#3977=DIRECTION('',(0.,0.,1.));
#3978=DIRECTION('',(-1.,0.,0.));
#3979=DIRECTION('center_axis',(-1.,0.,0.));
#3980=DIRECTION('ref_axis',(0.,-1.,0.));
#3981=DIRECTION('',(0.,1.,0.));
#3982=DIRECTION('',(0.,-1.,0.));
#3983=DIRECTION('center_axis',(0.,0.,1.));
#3984=DIRECTION('ref_axis',(1.,0.,0.));
#3985=DIRECTION('',(1.,0.,0.));
#3986=DIRECTION('',(0.,1.,0.));
#3987=DIRECTION('',(-1.,0.,0.));
#3988=DIRECTION('',(0.,-1.,0.));
#3989=DIRECTION('center_axis',(0.,-1.,0.));
#3990=DIRECTION('ref_axis',(1.,0.,0.));
#3991=DIRECTION('',(-1.,0.,0.));
#3992=DIRECTION('',(0.,0.,1.));
#3993=DIRECTION('',(0.,0.,1.));
#3994=DIRECTION('center_axis',(1.,0.,0.));
#3995=DIRECTION('ref_axis',(0.,1.,0.));
#3996=DIRECTION('',(0.,-1.,0.));
#3997=DIRECTION('',(0.,0.,1.));
#3998=DIRECTION('center_axis',(0.,1.,0.));
#3999=DIRECTION('ref_axis',(-1.,0.,0.));
#4000=DIRECTION('',(1.,0.,0.));
#4001=DIRECTION('',(0.,0.,1.));
#4002=DIRECTION('center_axis',(-1.,0.,0.));
#4003=DIRECTION('ref_axis',(0.,-1.,0.));
#4004=DIRECTION('',(0.,1.,0.));
#4005=DIRECTION('center_axis',(0.,0.,1.));
#4006=DIRECTION('ref_axis',(1.,0.,0.));
#4007=DIRECTION('',(0.,-1.,0.));
#4008=DIRECTION('',(-1.,0.,0.));
#4009=DIRECTION('',(0.,1.,0.));
#4010=DIRECTION('',(1.,0.,0.));
#4011=DIRECTION('center_axis',(0.,0.,-1.));
#4012=DIRECTION('ref_axis',(1.,0.,0.));
#4013=DIRECTION('center_axis',(0.,0.,-1.));
#4014=DIRECTION('ref_axis',(1.,0.,0.));
#4015=DIRECTION('center_axis',(0.,0.,-1.));
#4016=DIRECTION('ref_axis',(1.,0.,0.));
#4017=DIRECTION('center_axis',(0.,0.,-1.));
#4018=DIRECTION('ref_axis',(1.,0.,0.));
#4019=DIRECTION('center_axis',(0.,1.,0.));
#4020=DIRECTION('ref_axis',(-0.707106781186561,0.,-0.707106781186534));
#4021=DIRECTION('center_axis',(0.,1.,0.));
#4022=DIRECTION('ref_axis',(0.,0.,-1.));
#4023=DIRECTION('',(0.,1.,0.));
#4024=DIRECTION('center_axis',(0.,-1.,0.));
#4025=DIRECTION('ref_axis',(-1.,0.,0.));
#4026=DIRECTION('center_axis',(-1.,0.,0.));
#4027=DIRECTION('ref_axis',(0.,-0.707106781186561,-0.707106781186534));
#4028=DIRECTION('center_axis',(-1.,0.,0.));
#4029=DIRECTION('ref_axis',(0.,0.,-1.));
#4030=DIRECTION('',(-1.,0.,0.));
#4031=DIRECTION('center_axis',(1.,0.,0.));
#4032=DIRECTION('ref_axis',(0.,-1.,0.));
#4033=DIRECTION('center_axis',(-0.816496580927725,0.408248290463863,0.408248290463866));
#4034=DIRECTION('ref_axis',(-0.577350269189626,-0.577350269189626,-0.577350269189626));
#4035=DIRECTION('center_axis',(0.,0.,-1.));
#4036=DIRECTION('ref_axis',(-0.707106781186548,-0.707106781186548,0.));
#4037=DIRECTION('center_axis',(0.,-1.,0.));
#4038=DIRECTION('ref_axis',(0.707106781186545,0.,-0.70710678118655));
#4039=DIRECTION('center_axis',(0.,-1.,0.));
#4040=DIRECTION('ref_axis',(0.,0.,-1.));
#4041=DIRECTION('',(0.,-1.,0.));
#4042=DIRECTION('center_axis',(0.,1.,0.));
#4043=DIRECTION('ref_axis',(1.,0.,0.));
#4044=DIRECTION('center_axis',(-0.816496580927726,-0.408248290463863,-0.408248290463863));
#4045=DIRECTION('ref_axis',(0.577350269189626,-0.577350269189626,-0.577350269189626));
#4046=DIRECTION('center_axis',(0.,0.,-1.));
#4047=DIRECTION('ref_axis',(0.707106781186533,-0.707106781186562,0.));
#4048=DIRECTION('center_axis',(1.,0.,0.));
#4049=DIRECTION('ref_axis',(0.,0.70710678118655,-0.707106781186545));
#4050=DIRECTION('center_axis',(1.,0.,0.));
#4051=DIRECTION('ref_axis',(0.,0.,-1.));
#4052=DIRECTION('',(1.,0.,0.));
#4053=DIRECTION('center_axis',(-1.,0.,0.));
#4054=DIRECTION('ref_axis',(0.,1.,0.));
#4055=DIRECTION('center_axis',(-0.40824829046386,-0.40824829046386,-0.816496580927729));
#4056=DIRECTION('ref_axis',(0.577350269189626,0.577350269189626,-0.577350269189626));
#4057=DIRECTION('center_axis',(0.,0.,-1.));
#4058=DIRECTION('ref_axis',(0.707106781186551,0.707106781186544,0.));
#4059=DIRECTION('center_axis',(0.408248290463882,-0.408248290463858,-0.816496580927719));
#4060=DIRECTION('ref_axis',(-0.577350269189643,0.577350269189607,-0.577350269189628));
#4061=DIRECTION('center_axis',(0.,0.,-1.));
#4062=DIRECTION('ref_axis',(-0.707106781186562,0.707106781186533,0.));
#4063=DIRECTION('center_axis',(0.,0.,1.));
#4064=DIRECTION('ref_axis',(0.707106781186532,-0.707106781186563,0.));
#4065=DIRECTION('',(0.,0.,1.));
#4066=DIRECTION('center_axis',(0.,0.,-1.));
#4067=DIRECTION('ref_axis',(1.,0.,0.));
#4068=DIRECTION('',(0.,0.,-1.));
#4069=DIRECTION('center_axis',(1.,0.,0.));
#4070=DIRECTION('ref_axis',(0.,1.,0.));
#4071=DIRECTION('',(0.,0.,-1.));
#4072=DIRECTION('',(0.,1.,0.));
#4073=DIRECTION('center_axis',(0.,0.,1.));
#4074=DIRECTION('ref_axis',(0.707106781186547,0.707106781186547,0.));
#4075=DIRECTION('',(0.,0.,1.));
#4076=DIRECTION('center_axis',(0.,0.,-1.));
#4077=DIRECTION('ref_axis',(0.,1.,0.));
#4078=DIRECTION('center_axis',(0.,1.,0.));
#4079=DIRECTION('ref_axis',(-1.,0.,0.));
#4080=DIRECTION('',(0.,0.,-1.));
#4081=DIRECTION('',(-1.,0.,0.));
#4082=DIRECTION('center_axis',(0.,1.,0.));
#4083=DIRECTION('ref_axis',(0.707106781186545,0.,0.70710678118655));
#4084=DIRECTION('center_axis',(0.,1.,0.));
#4085=DIRECTION('ref_axis',(0.,0.,1.));
#4086=DIRECTION('center_axis',(0.,-1.,0.));
#4087=DIRECTION('ref_axis',(1.,0.,0.));
#4088=DIRECTION('',(0.,-1.,0.));
#4089=DIRECTION('center_axis',(-0.816496580927726,-0.408248290463863,0.408248290463863));
#4090=DIRECTION('ref_axis',(0.577350269189626,-0.577350269189626,0.577350269189626));
#4091=DIRECTION('center_axis',(1.,0.,0.));
#4092=DIRECTION('ref_axis',(0.,-0.70710678118656,0.707106781186535));
#4093=DIRECTION('center_axis',(0.408248290463859,-0.816496580927729,0.408248290463862));
#4094=DIRECTION('ref_axis',(0.577350269189624,0.577350269189624,0.57735026918963));
#4095=DIRECTION('center_axis',(1.,0.,0.));
#4096=DIRECTION('ref_axis',(0.,0.707106781186547,0.707106781186548));
#4097=DIRECTION('center_axis',(1.,0.,0.));
#4098=DIRECTION('ref_axis',(0.,-0.707106781186561,0.707106781186534));
#4099=DIRECTION('',(-1.,0.,0.));
#4100=DIRECTION('center_axis',(1.,0.,0.));
#4101=DIRECTION('ref_axis',(0.,0.,1.));
#4102=DIRECTION('',(1.,0.,0.));
#4103=DIRECTION('center_axis',(0.,0.,1.));
#4104=DIRECTION('ref_axis',(1.,0.,0.));
#4105=DIRECTION('',(1.,0.,0.));
#4106=DIRECTION('',(0.,1.,0.));
#4107=DIRECTION('center_axis',(0.,0.,-1.));
#4108=DIRECTION('ref_axis',(1.,0.,0.));
#4109=DIRECTION('center_axis',(0.,0.,-1.));
#4110=DIRECTION('ref_axis',(1.,0.,0.));
#4111=DIRECTION('center_axis',(0.,0.,-1.));
#4112=DIRECTION('ref_axis',(1.,0.,0.));
#4113=DIRECTION('center_axis',(0.,0.,-1.));
#4114=DIRECTION('ref_axis',(1.,0.,0.));
#4115=DIRECTION('center_axis',(-1.,0.,0.));
#4116=DIRECTION('ref_axis',(0.,0.70710678118655,0.707106781186545));
#4117=DIRECTION('center_axis',(-1.,0.,0.));
#4118=DIRECTION('ref_axis',(0.,0.707106781186547,0.707106781186548));
#4119=DIRECTION('center_axis',(0.,0.,1.));
#4120=DIRECTION('ref_axis',(-0.707106781186547,-0.707106781186547,0.));
#4121=DIRECTION('',(0.,0.,1.));
#4122=DIRECTION('center_axis',(0.,0.,-1.));
#4123=DIRECTION('ref_axis',(0.,-1.,0.));
#4124=DIRECTION('',(0.,0.,-1.));
#4125=DIRECTION('center_axis',(-0.816496580927725,0.408248290463863,-0.408248290463866));
#4126=DIRECTION('ref_axis',(-0.577350269189626,-0.577350269189626,0.577350269189626));
#4127=DIRECTION('center_axis',(0.,-1.,0.));
#4128=DIRECTION('ref_axis',(-0.70710678118656,0.,0.707106781186535));
#4129=DIRECTION('center_axis',(-1.,0.,0.));
#4130=DIRECTION('ref_axis',(0.,-1.,0.));
#4131=DIRECTION('',(0.,-1.,0.));
#4132=DIRECTION('',(0.,0.,1.));
#4133=DIRECTION('center_axis',(0.,-1.,0.));
#4134=DIRECTION('ref_axis',(-0.707106781186561,0.,0.707106781186534));
#4135=DIRECTION('center_axis',(0.,-1.,0.));
#4136=DIRECTION('ref_axis',(0.,0.,1.));
#4137=DIRECTION('center_axis',(0.,0.,1.));
#4138=DIRECTION('ref_axis',(-0.707106781186568,0.707106781186527,0.));
#4139=DIRECTION('center_axis',(0.,0.,-1.));
#4140=DIRECTION('ref_axis',(-1.,0.,0.));
#4141=DIRECTION('center_axis',(-0.816496580927721,-0.408248290463872,-0.408248290463864));
#4142=DIRECTION('ref_axis',(-0.577350269189626,0.577350269189626,0.577350269189626));
#4143=DIRECTION('center_axis',(0.,0.,1.));
#4144=DIRECTION('ref_axis',(1.,0.,0.));
#4145=DIRECTION('',(0.,0.,1.));
#4146=DIRECTION('center_axis',(0.,0.,1.));
#4147=DIRECTION('ref_axis',(1.,0.,0.));
#4148=DIRECTION('',(0.,0.,1.));
#4149=DIRECTION('center_axis',(0.,0.,1.));
#4150=DIRECTION('ref_axis',(1.,0.,0.));
#4151=DIRECTION('',(0.,0.,1.));
#4152=DIRECTION('center_axis',(0.,0.,1.));
#4153=DIRECTION('ref_axis',(1.,0.,0.));
#4154=DIRECTION('',(0.,0.,1.));
#4155=DIRECTION('center_axis',(0.,-1.,0.));
#4156=DIRECTION('ref_axis',(1.,0.,0.));
#4157=DIRECTION('axis',(0.,0.,1.));
#4158=DIRECTION('refdir',(1.,0.,0.));
#4159=DIRECTION('center_axis',(2.98951193896782E-15,0.,-1.));
#4160=DIRECTION('ref_axis',(-1.,0.,-2.99694023360154E-15));
#4161=DIRECTION('center_axis',(2.98951193896782E-15,0.,-1.));
#4162=DIRECTION('ref_axis',(-1.,0.,-2.98951193896782E-15));
#4163=DIRECTION('center_axis',(-1.22464679914735E-16,-1.,-3.66109622706973E-31));
#4164=DIRECTION('ref_axis',(1.,-1.22464679914735E-16,2.99694023360154E-15));
#4165=DIRECTION('center_axis',(-2.98951193896782E-15,0.,1.));
#4166=DIRECTION('ref_axis',(-1.,0.,-2.98701958282306E-15));
#4167=DIRECTION('center_axis',(2.98951193896782E-15,0.,-1.));
#4168=DIRECTION('ref_axis',(-1.,0.,-2.98951193896782E-15));
#4169=DIRECTION('center_axis',(2.98951193896782E-15,0.,-1.));
#4170=DIRECTION('ref_axis',(1.,0.,2.98951193896782E-15));
#4171=DIRECTION('center_axis',(2.98951193896782E-15,0.,-1.));
#4172=DIRECTION('ref_axis',(-1.,0.,-3.18390889036492E-15));
#4173=DIRECTION('center_axis',(-2.98951193896782E-15,0.,1.));
#4174=DIRECTION('ref_axis',(-1.,0.,-3.18390889036492E-15));
#4175=DIRECTION('',(-2.98951193896782E-15,0.,1.));
#4176=DIRECTION('center_axis',(-2.98951193896782E-15,0.,1.));
#4177=DIRECTION('ref_axis',(-1.,0.,-3.20932640038604E-15));
#4178=DIRECTION('',(-0.739271628119036,9.05346633076432E-17,-0.673407350611968));
#4179=DIRECTION('center_axis',(2.98951193896782E-15,0.,-1.));
#4180=DIRECTION('ref_axis',(-1.,0.,-3.20932640038604E-15));
#4181=DIRECTION('center_axis',(0.0435778713738291,-0.0754790873051733,-0.996194698091746));
#4182=DIRECTION('ref_axis',(-0.866025403784439,-0.5,0.));
#4183=DIRECTION('',(-3.1876232916583E-16,0.997141949694316,-0.0755508581011305));
#4184=DIRECTION('',(-0.866025403784439,-0.5,0.));
#4185=DIRECTION('',(-0.863550259614423,0.498570974847158,-0.0755508581011305));
#4186=DIRECTION('center_axis',(0.0871557427476581,1.0474827575487E-17,-0.996194698091746));
#4187=DIRECTION('ref_axis',(1.20185167898973E-16,-1.,0.));
#4188=DIRECTION('',(1.20185167898973E-16,-1.,0.));
#4189=DIRECTION('',(-0.863550259614423,-0.498570974847158,-0.0755508581011305));
#4190=DIRECTION('center_axis',(0.0435778713738291,0.0754790873051733,-0.996194698091746));
#4191=DIRECTION('ref_axis',(0.866025403784439,-0.5,0.));
#4192=DIRECTION('',(0.866025403784439,-0.5,0.));
#4193=DIRECTION('',(-1.59381164582915E-16,-0.997141949694316,-0.0755508581011305));
#4194=DIRECTION('center_axis',(-0.0435778713738291,0.0754790873051733,-0.996194698091746));
#4195=DIRECTION('ref_axis',(0.866025403784439,0.5,0.));
#4196=DIRECTION('',(0.866025403784439,0.5,0.));
#4197=DIRECTION('',(0.863550259614423,-0.498570974847158,-0.0755508581011305));
#4198=DIRECTION('center_axis',(-0.0871557427476581,3.14244827264609E-17,
-0.996194698091746));
#4199=DIRECTION('ref_axis',(3.60555503696918E-16,1.,0.));
#4200=DIRECTION('',(3.60555503696918E-16,1.,0.));
#4201=DIRECTION('',(0.863550259614423,0.498570974847158,-0.0755508581011305));
#4202=DIRECTION('center_axis',(-0.043577871373829,-0.0754790873051733,-0.996194698091746));
#4203=DIRECTION('ref_axis',(-0.866025403784439,0.5,0.));
#4204=DIRECTION('',(-0.866025403784439,0.5,0.));
#4205=DIRECTION('center_axis',(0.5,-0.866025403784439,0.));
#4206=DIRECTION('ref_axis',(-0.866025403784439,-0.5,0.));
#4207=DIRECTION('',(-0.866025403784439,-0.5,-2.588993284063E-15));
#4208=DIRECTION('',(0.,0.,-1.));
#4209=DIRECTION('',(0.,0.,-1.));
#4210=DIRECTION('center_axis',(1.,1.20185167898973E-16,0.));
#4211=DIRECTION('ref_axis',(1.20185167898973E-16,-1.,0.));
#4212=DIRECTION('',(1.20185167898973E-16,-1.,3.59294994320831E-31));
#4213=DIRECTION('',(0.,0.,-1.));
#4214=DIRECTION('center_axis',(0.5,0.866025403784439,0.));
#4215=DIRECTION('ref_axis',(0.866025403784439,-0.5,0.));
#4216=DIRECTION('',(0.866025403784439,-0.5,2.588993284063E-15));
#4217=DIRECTION('',(0.,0.,-1.));
#4218=DIRECTION('center_axis',(-0.5,0.866025403784439,0.));
#4219=DIRECTION('ref_axis',(0.866025403784439,0.5,0.));
#4220=DIRECTION('',(0.866025403784439,0.5,2.588993284063E-15));
#4221=DIRECTION('',(0.,0.,-1.));
#4222=DIRECTION('center_axis',(-1.,3.60555503696918E-16,0.));
#4223=DIRECTION('ref_axis',(3.60555503696918E-16,1.,0.));
#4224=DIRECTION('',(3.60555503696918E-16,1.,1.07788498296249E-30));
#4225=DIRECTION('',(0.,0.,-1.));
#4226=DIRECTION('center_axis',(-0.5,-0.866025403784439,0.));
#4227=DIRECTION('ref_axis',(-0.866025403784439,0.5,0.));
#4228=DIRECTION('',(-0.866025403784439,0.5,-2.588993284063E-15));
#4229=DIRECTION('center_axis',(-2.98951193896782E-15,0.,1.));
#4230=DIRECTION('ref_axis',(1.,0.,2.98951193896782E-15));
#4231=DIRECTION('center_axis',(2.98951193896782E-15,0.,-1.));
#4232=DIRECTION('ref_axis',(1.,0.,2.98951193896782E-15));
#4233=DIRECTION('center_axis',(2.98951193896782E-15,0.,-1.));
#4234=DIRECTION('ref_axis',(1.,0.,2.98951193896782E-15));
#4235=DIRECTION('center_axis',(2.98951193896782E-15,0.,-1.));
#4236=DIRECTION('ref_axis',(-1.,0.,-3.18390889036492E-15));
#4237=DIRECTION('',(-2.98951193896782E-15,0.,1.));
#4238=DIRECTION('center_axis',(2.98951193896782E-15,0.,-1.));
#4239=DIRECTION('ref_axis',(-1.,0.,-2.98951193896782E-15));
#4240=DIRECTION('center_axis',(-2.98951193896782E-15,0.,1.));
#4241=DIRECTION('ref_axis',(1.,0.,2.98951193896782E-15));
#4242=DIRECTION('center_axis',(2.98951193896782E-15,0.,-1.));
#4243=DIRECTION('ref_axis',(1.,0.,2.98951193896782E-15));
#4244=DIRECTION('center_axis',(6.12323399573677E-17,0.,1.));
#4245=DIRECTION('ref_axis',(1.,0.,0.));
#4246=DIRECTION('center_axis',(1.22464679914735E-16,-1.,0.));
#4247=DIRECTION('ref_axis',(-1.,-1.22464679914735E-16,0.));
#4248=DIRECTION('center_axis',(0.,1.,0.));
#4249=DIRECTION('ref_axis',(-1.,0.,0.));
#4250=DIRECTION('',(1.,0.,0.));
#4251=DIRECTION('',(0.,0.,1.));
#4252=DIRECTION('',(-1.,0.,0.));
#4253=DIRECTION('',(0.,0.,1.));
#4254=DIRECTION('center_axis',(-1.,0.,0.));
#4255=DIRECTION('ref_axis',(0.,-1.,0.));
#4256=DIRECTION('',(0.,1.,0.));
#4257=DIRECTION('',(0.,0.,1.));
#4258=DIRECTION('',(0.,-1.,0.));
#4259=DIRECTION('center_axis',(0.,-1.,0.));
#4260=DIRECTION('ref_axis',(1.,0.,0.));
#4261=DIRECTION('',(-1.,0.,0.));
#4262=DIRECTION('',(0.,0.,1.));
#4263=DIRECTION('',(1.,0.,0.));
#4264=DIRECTION('center_axis',(1.,0.,0.));
#4265=DIRECTION('ref_axis',(0.,1.,0.));
#4266=DIRECTION('',(0.,-1.,0.));
#4267=DIRECTION('',(0.,1.,0.));
#4268=DIRECTION('center_axis',(0.,-1.,0.));
#4269=DIRECTION('ref_axis',(1.,0.,0.));
#4270=DIRECTION('',(-1.,0.,0.));
#4271=DIRECTION('',(0.,0.,1.));
#4272=DIRECTION('',(1.,0.,0.));
#4273=DIRECTION('',(0.,0.,1.));
#4274=DIRECTION('center_axis',(1.,0.,0.));
#4275=DIRECTION('ref_axis',(0.,1.,0.));
#4276=DIRECTION('',(0.,-1.,0.));
#4277=DIRECTION('',(0.,0.,1.));
#4278=DIRECTION('',(0.,1.,0.));
#4279=DIRECTION('center_axis',(0.,1.,0.));
#4280=DIRECTION('ref_axis',(-1.,0.,0.));
#4281=DIRECTION('',(1.,0.,0.));
#4282=DIRECTION('',(0.,0.,1.));
#4283=DIRECTION('',(-1.,0.,0.));
#4284=DIRECTION('center_axis',(-1.,0.,0.));
#4285=DIRECTION('ref_axis',(0.,-1.,0.));
#4286=DIRECTION('',(0.,1.,0.));
#4287=DIRECTION('',(0.,-1.,0.));
#4288=DIRECTION('center_axis',(0.,-1.,0.));
#4289=DIRECTION('ref_axis',(1.,0.,0.));
#4290=DIRECTION('',(-1.,0.,0.));
#4291=DIRECTION('',(0.,0.,1.));
#4292=DIRECTION('',(1.,0.,0.));
#4293=DIRECTION('',(0.,0.,1.));
#4294=DIRECTION('center_axis',(1.,0.,0.));
#4295=DIRECTION('ref_axis',(0.,1.,0.));
#4296=DIRECTION('',(0.,-1.,0.));
#4297=DIRECTION('',(0.,0.,1.));
#4298=DIRECTION('',(0.,1.,0.));
#4299=DIRECTION('center_axis',(0.,1.,0.));
#4300=DIRECTION('ref_axis',(-1.,0.,0.));
#4301=DIRECTION('',(1.,0.,0.));
#4302=DIRECTION('',(0.,0.,1.));
#4303=DIRECTION('',(-1.,0.,0.));
#4304=DIRECTION('center_axis',(-1.,0.,0.));
#4305=DIRECTION('ref_axis',(0.,-1.,0.));
#4306=DIRECTION('',(0.,1.,0.));
#4307=DIRECTION('',(0.,-1.,0.));
#4308=DIRECTION('center_axis',(0.,0.,1.));
#4309=DIRECTION('ref_axis',(1.,0.,0.));
#4310=DIRECTION('',(0.,1.,0.));
#4311=DIRECTION('center_axis',(0.,0.,-1.));
#4312=DIRECTION('ref_axis',(1.,0.,0.));
#4313=DIRECTION('',(1.,0.,0.));
#4314=DIRECTION('',(0.,-1.,0.));
#4315=DIRECTION('',(-1.,0.,0.));
#4316=DIRECTION('center_axis',(0.,0.,1.));
#4317=DIRECTION('ref_axis',(1.,0.,0.));
#4318=DIRECTION('',(1.,0.,0.));
#4319=DIRECTION('',(0.,1.,0.));
#4320=DIRECTION('',(-1.,0.,0.));
#4321=DIRECTION('',(0.,-1.,0.));
#4322=DIRECTION('center_axis',(0.,-1.,0.));
#4323=DIRECTION('ref_axis',(1.,0.,0.));
#4324=DIRECTION('',(-1.,0.,0.));
#4325=DIRECTION('',(0.,0.,1.));
#4326=DIRECTION('',(0.,0.,1.));
#4327=DIRECTION('center_axis',(1.,0.,0.));
#4328=DIRECTION('ref_axis',(0.,1.,0.));
#4329=DIRECTION('',(0.,-1.,0.));
#4330=DIRECTION('',(0.,0.,1.));
#4331=DIRECTION('center_axis',(0.,1.,0.));
#4332=DIRECTION('ref_axis',(-1.,0.,0.));
#4333=DIRECTION('',(1.,0.,0.));
#4334=DIRECTION('',(0.,0.,1.));
#4335=DIRECTION('center_axis',(-1.,0.,0.));
#4336=DIRECTION('ref_axis',(0.,-1.,0.));
#4337=DIRECTION('',(0.,1.,0.));
#4338=DIRECTION('center_axis',(0.,0.,1.));
#4339=DIRECTION('ref_axis',(1.,0.,0.));
#4340=DIRECTION('',(0.,0.,-1.));
#4341=DIRECTION('center_axis',(0.,0.,-1.));
#4342=DIRECTION('ref_axis',(1.,0.,0.));
#4343=DIRECTION('',(0.,0.,1.));
#4344=DIRECTION('center_axis',(0.,0.,1.));
#4345=DIRECTION('ref_axis',(1.,0.,0.));
#4346=DIRECTION('',(0.,-1.,0.));
#4347=DIRECTION('',(1.,0.,0.));
#4348=DIRECTION('',(0.,1.,0.));
#4349=DIRECTION('',(-1.,0.,0.));
#4350=DIRECTION('center_axis',(1.,0.,0.));
#4351=DIRECTION('ref_axis',(0.,1.,0.));
#4352=DIRECTION('',(0.,0.,1.));
#4353=DIRECTION('center_axis',(-1.,0.,0.));
#4354=DIRECTION('ref_axis',(0.,-1.,0.));
#4355=DIRECTION('',(0.,0.,-1.));
#4356=DIRECTION('',(0.,0.,1.));
#4357=DIRECTION('center_axis',(0.,-1.,0.));
#4358=DIRECTION('ref_axis',(1.,0.,0.));
#4359=DIRECTION('center_axis',(0.,1.,0.));
#4360=DIRECTION('ref_axis',(-1.,0.,0.));
#4361=DIRECTION('center_axis',(0.,0.,-1.));
#4362=DIRECTION('ref_axis',(1.,0.,0.));
#4363=DIRECTION('center_axis',(0.,0.,-1.));
#4364=DIRECTION('ref_axis',(-1.,0.,0.));
#4365=DIRECTION('',(0.,-1.,0.));
#4366=DIRECTION('center_axis',(0.,0.,1.));
#4367=DIRECTION('ref_axis',(-1.,0.,0.));
#4368=DIRECTION('',(0.,-1.,0.));
#4369=DIRECTION('',(1.,0.,0.));
#4370=DIRECTION('',(0.,-1.,0.));
#4371=DIRECTION('',(-1.,0.,0.));
#4372=DIRECTION('center_axis',(1.,0.,0.));
#4373=DIRECTION('ref_axis',(0.,0.,1.));
#4374=DIRECTION('',(0.,0.,-1.));
#4375=DIRECTION('',(0.,-1.,0.));
#4376=DIRECTION('',(0.,0.,1.));
#4377=DIRECTION('center_axis',(1.,0.,0.));
#4378=DIRECTION('ref_axis',(0.,0.,1.));
#4379=DIRECTION('',(0.,0.,-1.));
#4380=DIRECTION('',(0.,-1.,0.));
#4381=DIRECTION('',(0.,0.,1.));
#4382=DIRECTION('center_axis',(-1.,0.,0.));
#4383=DIRECTION('ref_axis',(0.,0.,-1.));
#4384=DIRECTION('',(0.,0.,1.));
#4385=DIRECTION('',(0.,0.,-1.));
#4386=DIRECTION('',(0.,-1.,0.));
#4387=DIRECTION('center_axis',(0.,0.,1.));
#4388=DIRECTION('ref_axis',(-1.,0.,0.));
#4389=DIRECTION('center_axis',(0.,0.,1.));
#4390=DIRECTION('ref_axis',(-1.,0.,0.));
#4391=DIRECTION('',(1.,0.,0.));
#4392=DIRECTION('',(-1.,0.,0.));
#4393=DIRECTION('center_axis',(0.,0.,-1.));
#4394=DIRECTION('ref_axis',(-1.,0.,0.));
#4395=DIRECTION('center_axis',(0.,0.,1.));
#4396=DIRECTION('ref_axis',(-1.,0.,0.));
#4397=DIRECTION('',(0.,0.,1.));
#4398=DIRECTION('center_axis',(0.,0.,1.));
#4399=DIRECTION('ref_axis',(-1.,0.,0.));
#4400=DIRECTION('',(0.,0.,-1.));
#4401=DIRECTION('center_axis',(0.,0.,1.));
#4402=DIRECTION('ref_axis',(-1.,0.,0.));
#4403=DIRECTION('',(0.,0.,1.));
#4404=DIRECTION('center_axis',(0.,0.,1.));
#4405=DIRECTION('ref_axis',(-0.70710678118655,-0.707106781186545,0.));
#4406=DIRECTION('center_axis',(0.,0.,-1.));
#4407=DIRECTION('ref_axis',(-0.70710678118655,-0.707106781186545,0.));
#4408=DIRECTION('',(0.,0.,-1.));
#4409=DIRECTION('center_axis',(0.,0.,1.));
#4410=DIRECTION('ref_axis',(-0.70710678118655,-0.707106781186545,0.));
#4411=DIRECTION('center_axis',(0.,0.,1.));
#4412=DIRECTION('ref_axis',(-0.70710678118655,-0.707106781186545,0.));
#4413=DIRECTION('',(0.,0.,1.));
#4414=DIRECTION('center_axis',(0.,0.,-1.));
#4415=DIRECTION('ref_axis',(-0.70710678118655,-0.707106781186545,0.));
#4416=DIRECTION('center_axis',(0.,0.,1.));
#4417=DIRECTION('ref_axis',(-1.,0.,0.));
#4418=DIRECTION('',(-1.,0.,0.));
#4419=DIRECTION('center_axis',(0.,0.,-1.));
#4420=DIRECTION('ref_axis',(0.70710678118655,-0.707106781186545,0.));
#4421=DIRECTION('',(0.,-1.,0.));
#4422=DIRECTION('',(1.,0.,0.));
#4423=DIRECTION('',(0.,-1.,0.));
#4424=DIRECTION('center_axis',(0.,-1.,0.));
#4425=DIRECTION('ref_axis',(0.,0.,-1.));
#4426=DIRECTION('',(1.,0.,0.));
#4427=DIRECTION('',(0.,0.,-1.));
#4428=DIRECTION('center_axis',(0.,0.,-1.));
#4429=DIRECTION('ref_axis',(0.,1.,0.));
#4430=DIRECTION('',(0.,-1.,0.));
#4431=DIRECTION('',(-1.,0.,0.));
#4432=DIRECTION('center_axis',(0.,0.,-1.));
#4433=DIRECTION('ref_axis',(0.707106781186541,-0.707106781186554,0.));
#4434=DIRECTION('',(0.,-1.,0.));
#4435=DIRECTION('',(1.,0.,0.));
#4436=DIRECTION('center_axis',(0.,0.,1.));
#4437=DIRECTION('ref_axis',(0.707106781186541,0.707106781186554,0.));
#4438=DIRECTION('',(0.,1.,0.));
#4439=DIRECTION('center_axis',(0.,0.,1.));
#4440=DIRECTION('ref_axis',(0.70710678118655,-0.707106781186545,0.));
#4441=DIRECTION('',(-1.,0.,0.));
#4442=DIRECTION('',(-1.,0.,0.));
#4443=DIRECTION('center_axis',(0.,-1.,0.));
#4444=DIRECTION('ref_axis',(1.,0.,0.));
#4445=DIRECTION('',(0.,0.,-1.));
#4446=DIRECTION('',(1.,0.,0.));
#4447=DIRECTION('',(0.,0.,1.));
#4448=DIRECTION('center_axis',(0.,-1.,0.));
#4449=DIRECTION('ref_axis',(1.,0.,0.));
#4450=DIRECTION('',(0.,0.,1.));
#4451=DIRECTION('',(-1.,0.,0.));
#4452=DIRECTION('',(0.,0.,-1.));
#4453=DIRECTION('center_axis',(0.,0.,1.));
#4454=DIRECTION('ref_axis',(-0.707106781186541,-0.707106781186554,0.));
#4455=DIRECTION('center_axis',(0.,0.,1.));
#4456=DIRECTION('ref_axis',(0.,-1.,0.));
#4457=DIRECTION('',(0.,0.,-1.));
#4458=DIRECTION('center_axis',(0.,0.,1.));
#4459=DIRECTION('ref_axis',(-0.707106781186541,-0.707106781186554,0.));
#4460=DIRECTION('',(0.,0.,-1.));
#4461=DIRECTION('center_axis',(0.,0.,-1.));
#4462=DIRECTION('ref_axis',(-1.,0.,0.));
#4463=DIRECTION('center_axis',(0.,0.,1.));
#4464=DIRECTION('ref_axis',(-0.707106781186541,0.707106781186554,0.));
#4465=DIRECTION('center_axis',(0.,0.,-1.));
#4466=DIRECTION('ref_axis',(-0.707106781186541,0.707106781186554,0.));
#4467=DIRECTION('',(0.,0.,-1.));
#4468=DIRECTION('center_axis',(0.,0.,1.));
#4469=DIRECTION('ref_axis',(-0.707106781186541,0.707106781186554,0.));
#4470=DIRECTION('center_axis',(0.,0.,1.));
#4471=DIRECTION('ref_axis',(-0.707106781186541,0.707106781186554,0.));
#4472=DIRECTION('',(0.,0.,1.));
#4473=DIRECTION('center_axis',(0.,0.,-1.));
#4474=DIRECTION('ref_axis',(-0.707106781186541,0.707106781186554,0.));
#4475=DIRECTION('center_axis',(0.,0.,1.));
#4476=DIRECTION('ref_axis',(0.,1.,0.));
#4477=DIRECTION('',(0.,-1.,0.));
#4478=DIRECTION('',(-1.,0.,0.));
#4479=DIRECTION('',(0.,1.,0.));
#4480=DIRECTION('center_axis',(-1.,0.,0.));
#4481=DIRECTION('ref_axis',(0.,0.,1.));
#4482=DIRECTION('',(0.,-1.,0.));
#4483=DIRECTION('center_axis',(0.,0.,-1.));
#4484=DIRECTION('ref_axis',(0.,-1.,0.));
#4485=DIRECTION('',(-1.,0.,0.));
#4486=DIRECTION('',(0.,1.,0.));
#4487=DIRECTION('',(0.,1.,0.));
#4488=DIRECTION('',(0.,1.,0.));
#4489=DIRECTION('center_axis',(0.,0.,1.));
#4490=DIRECTION('ref_axis',(-0.707106781186541,0.707106781186554,0.));
#4491=DIRECTION('',(0.,0.,-1.));
#4492=DIRECTION('center_axis',(0.,0.,-1.));
#4493=DIRECTION('ref_axis',(0.,1.,0.));
#4494=DIRECTION('',(0.,0.,1.));
#4495=DIRECTION('center_axis',(0.,0.,-1.));
#4496=DIRECTION('ref_axis',(0.707106781186541,0.707106781186554,0.));
#4497=DIRECTION('center_axis',(0.,0.,1.));
#4498=DIRECTION('ref_axis',(0.707106781186541,0.707106781186554,0.));
#4499=DIRECTION('',(0.,0.,1.));
#4500=DIRECTION('center_axis',(0.,0.,-1.));
#4501=DIRECTION('ref_axis',(0.707106781186541,0.707106781186554,0.));
#4502=DIRECTION('center_axis',(0.,0.,-1.));
#4503=DIRECTION('ref_axis',(0.707106781186541,0.707106781186554,0.));
#4504=DIRECTION('',(0.,0.,-1.));
#4505=DIRECTION('center_axis',(1.,0.,0.));
#4506=DIRECTION('ref_axis',(0.,0.,-1.));
#4507=DIRECTION('',(0.,-1.,0.));
#4508=DIRECTION('',(0.,0.,1.));
#4509=DIRECTION('center_axis',(0.,0.,1.));
#4510=DIRECTION('ref_axis',(0.,-1.,0.));
#4511=DIRECTION('',(1.,0.,0.));
#4512=DIRECTION('',(0.,-1.,0.));
#4513=DIRECTION('',(1.,0.,0.));
#4514=DIRECTION('center_axis',(0.,0.,-1.));
#4515=DIRECTION('ref_axis',(0.70710678118655,-0.707106781186545,0.));
#4516=DIRECTION('',(0.,1.,0.));
#4517=DIRECTION('',(0.,1.,0.));
#4518=DIRECTION('center_axis',(0.,0.,1.));
#4519=DIRECTION('ref_axis',(0.707106781186554,0.707106781186541,0.));
#4520=DIRECTION('',(0.,0.,-1.));
#4521=DIRECTION('center_axis',(0.,0.,-1.));
#4522=DIRECTION('ref_axis',(1.,0.,0.));
#4523=DIRECTION('',(0.,0.,1.));
#4524=DIRECTION('center_axis',(0.,0.,1.));
#4525=DIRECTION('ref_axis',(0.707106781186554,0.707106781186541,0.));
#4526=DIRECTION('',(0.,0.,1.));
#4527=DIRECTION('center_axis',(0.,0.,1.));
#4528=DIRECTION('ref_axis',(0.,1.,0.));
#4529=DIRECTION('',(0.,0.,-1.));
#4530=DIRECTION('center_axis',(0.,0.,1.));
#4531=DIRECTION('ref_axis',(0.70710678118655,-0.707106781186545,0.));
#4532=DIRECTION('center_axis',(0.,0.,1.));
#4533=DIRECTION('ref_axis',(0.707106781186541,-0.707106781186554,0.));
#4534=DIRECTION('center_axis',(0.,0.,-1.));
#4535=DIRECTION('ref_axis',(0.,-1.,0.));
#4536=DIRECTION('',(0.,0.,1.));
#4537=DIRECTION('center_axis',(-1.,0.,0.));
#4538=DIRECTION('ref_axis',(0.,-1.,0.));
#4539=DIRECTION('',(0.,-1.,0.));
#4540=DIRECTION('',(0.,0.,1.));
#4541=DIRECTION('center_axis',(-1.,0.,0.));
#4542=DIRECTION('ref_axis',(0.,-1.,0.));
#4543=DIRECTION('',(0.,1.,0.));
#4544=DIRECTION('center_axis',(1.,0.,0.));
#4545=DIRECTION('ref_axis',(0.,1.,0.));
#4546=DIRECTION('',(0.,1.,0.));
#4547=DIRECTION('',(0.,0.,1.));
#4548=DIRECTION('center_axis',(0.,0.,-1.));
#4549=DIRECTION('ref_axis',(-1.,0.,0.));
#4550=DIRECTION('',(-1.,0.,0.));
#4551=DIRECTION('',(1.,0.,0.));
#4552=DIRECTION('center_axis',(0.,1.,0.));
#4553=DIRECTION('ref_axis',(-1.,0.,0.));
#4554=DIRECTION('',(1.,0.,0.));
#4555=DIRECTION('center_axis',(0.,1.,0.));
#4556=DIRECTION('ref_axis',(-1.,0.,0.));
#4557=DIRECTION('',(1.,0.,0.));
#4558=DIRECTION('',(0.,0.,-1.));
#4559=DIRECTION('',(-1.,0.,0.));
#4560=DIRECTION('center_axis',(0.408248290463862,-0.816496580927725,0.408248290463866));
#4561=DIRECTION('ref_axis',(0.577350269189625,0.577350269189625,0.577350269189628));
#4562=DIRECTION('center_axis',(0.,1.,0.));
#4563=DIRECTION('ref_axis',(1.,0.,0.));
#4564=DIRECTION('center_axis',(1.,0.,0.));
#4565=DIRECTION('ref_axis',(0.,0.,1.));
#4566=DIRECTION('center_axis',(-0.816496580927732,-0.408248290463862,-0.408248290463852));
#4567=DIRECTION('ref_axis',(-0.577350269189618,0.577350269189639,0.577350269189621));
#4568=DIRECTION('center_axis',(-1.,0.,0.));
#4569=DIRECTION('ref_axis',(0.,1.,0.));
#4570=DIRECTION('center_axis',(0.,0.,1.));
#4571=DIRECTION('ref_axis',(-1.,0.,0.));
#4572=DIRECTION('center_axis',(-1.77635683940026E-14,1.,0.));
#4573=DIRECTION('ref_axis',(0.,0.,1.));
#4574=DIRECTION('center_axis',(0.408248290463853,-0.816496580927735,-0.408248290463854));
#4575=DIRECTION('ref_axis',(0.577350269189632,0.57735026918961,-0.577350269189636));
#4576=DIRECTION('center_axis',(1.77635683940026E-14,1.,0.));
#4577=DIRECTION('ref_axis',(0.,0.,-1.));
#4578=DIRECTION('center_axis',(1.,0.,0.));
#4579=DIRECTION('ref_axis',(0.,1.,0.));
#4580=DIRECTION('center_axis',(-0.81649658092773,-0.408248290463861,0.408248290463858));
#4581=DIRECTION('ref_axis',(0.577350269189626,-0.577350269189626,0.577350269189626));
#4582=DIRECTION('center_axis',(1.,0.,0.));
#4583=DIRECTION('ref_axis',(0.,-1.,0.));
#4584=DIRECTION('center_axis',(0.,0.,1.));
#4585=DIRECTION('ref_axis',(1.,0.,0.));
#4586=DIRECTION('center_axis',(0.,-1.,0.));
#4587=DIRECTION('ref_axis',(0.,0.,1.));
#4588=DIRECTION('center_axis',(-0.408248290463843,-0.816496580927744,-0.408248290463847));
#4589=DIRECTION('ref_axis',(-0.577350269189635,0.577350269189607,-0.577350269189636));
#4590=DIRECTION('center_axis',(-1.,0.,0.));
#4591=DIRECTION('ref_axis',(0.,0.,-1.));
#4592=DIRECTION('center_axis',(0.,1.,3.5527136788005E-14));
#4593=DIRECTION('ref_axis',(-1.,0.,0.));
#4594=DIRECTION('center_axis',(-1.,0.,0.));
#4595=DIRECTION('ref_axis',(0.,0.70710678118654,-0.707106781186555));
#4596=DIRECTION('',(-1.,0.,0.));
#4597=DIRECTION('center_axis',(-0.816496580927732,0.408248290463855,-0.408248290463859));
#4598=DIRECTION('ref_axis',(-0.577350269189618,-0.577350269189639,0.577350269189621));
#4599=DIRECTION('center_axis',(0.,-1.,0.));
#4600=DIRECTION('ref_axis',(-1.,0.,0.));
#4601=DIRECTION('center_axis',(-1.,0.,0.));
#4602=DIRECTION('ref_axis',(0.,0.,1.));
#4603=DIRECTION('center_axis',(-0.816496580927729,-0.408248290463861,-0.408248290463858));
#4604=DIRECTION('ref_axis',(0.577350269189626,-0.577350269189626,-0.577350269189626));
#4605=DIRECTION('center_axis',(1.,0.,0.));
#4606=DIRECTION('ref_axis',(0.,0.,-1.));
#4607=DIRECTION('center_axis',(0.,-1.,0.));
#4608=DIRECTION('ref_axis',(1.,0.,0.));
#4609=DIRECTION('center_axis',(-0.816496580927732,0.408248290463855,0.408248290463859));
#4610=DIRECTION('ref_axis',(-0.577350269189618,-0.577350269189639,-0.57735026918962));
#4611=DIRECTION('center_axis',(0.,-1.,0.));
#4612=DIRECTION('ref_axis',(0.,0.,-1.));
#4613=DIRECTION('center_axis',(-1.,0.,0.));
#4614=DIRECTION('ref_axis',(0.,-1.,0.));
#4615=DIRECTION('center_axis',(1.,0.,0.));
#4616=DIRECTION('ref_axis',(0.,-0.707106781186553,-0.707106781186542));
#4617=DIRECTION('',(1.,0.,0.));
#4618=DIRECTION('center_axis',(0.,-1.,0.));
#4619=DIRECTION('ref_axis',(-0.707106781186546,0.,-0.707106781186549));
#4620=DIRECTION('',(0.,-1.,0.));
#4621=DIRECTION('center_axis',(0.,1.,0.));
#4622=DIRECTION('ref_axis',(0.707106781186546,0.,-0.707106781186549));
#4623=DIRECTION('',(0.,-1.,0.));
#4624=DIRECTION('',(0.,1.,0.));
#4625=DIRECTION('center_axis',(1.,0.,0.));
#4626=DIRECTION('ref_axis',(0.,-0.707106781186551,0.707106781186544));
#4627=DIRECTION('',(-1.,0.,0.));
#4628=DIRECTION('center_axis',(0.,-1.,0.));
#4629=DIRECTION('ref_axis',(-0.707106781186544,0.,0.707106781186551));
#4630=DIRECTION('',(0.,1.,0.));
#4631=DIRECTION('center_axis',(0.,0.,1.));
#4632=DIRECTION('ref_axis',(-0.707106781186541,0.707106781186554,0.));
#4633=DIRECTION('center_axis',(0.,1.,0.));
#4634=DIRECTION('ref_axis',(0.707106781186544,0.,0.707106781186551));
#4635=DIRECTION('',(0.,-1.,0.));
#4636=DIRECTION('center_axis',(-1.,0.,0.));
#4637=DIRECTION('ref_axis',(0.,0.707106781186538,0.707106781186557));
#4638=DIRECTION('',(1.,0.,0.));
#4639=DIRECTION('center_axis',(0.,0.,1.));
#4640=DIRECTION('ref_axis',(-1.,0.,0.));
#4641=DIRECTION('center_axis',(0.,0.,1.));
#4642=DIRECTION('ref_axis',(-1.,0.,0.));
#4643=DIRECTION('center_axis',(0.,0.,1.));
#4644=DIRECTION('ref_axis',(-1.,0.,0.));
#4645=DIRECTION('center_axis',(0.,0.,1.));
#4646=DIRECTION('ref_axis',(-1.,0.,0.));
#4647=DIRECTION('center_axis',(0.,0.,1.));
#4648=DIRECTION('ref_axis',(-1.,0.,0.));
#4649=DIRECTION('center_axis',(0.,0.,1.));
#4650=DIRECTION('ref_axis',(-1.,0.,0.));
#4651=DIRECTION('center_axis',(0.,0.,1.));
#4652=DIRECTION('ref_axis',(-1.,0.,0.));
#4653=DIRECTION('center_axis',(0.,0.,1.));
#4654=DIRECTION('ref_axis',(-1.,0.,0.));
#4655=DIRECTION('center_axis',(0.,0.,1.));
#4656=DIRECTION('ref_axis',(-1.,0.,0.));
#4657=DIRECTION('center_axis',(0.,0.,1.));
#4658=DIRECTION('ref_axis',(-1.,0.,0.));
#4659=DIRECTION('',(0.,-1.,0.));
#4660=DIRECTION('',(-1.,0.,0.));
#4661=DIRECTION('',(0.,1.,0.));
#4662=DIRECTION('center_axis',(0.,0.,1.));
#4663=DIRECTION('ref_axis',(-1.,0.,0.));
#4664=DIRECTION('',(0.,1.,0.));
#4665=DIRECTION('center_axis',(0.,0.,1.));
#4666=DIRECTION('ref_axis',(-1.,0.,0.));
#4667=DIRECTION('',(1.,0.,0.));
#4668=DIRECTION('',(0.,-1.,0.));
#4669=DIRECTION('center_axis',(0.,0.,1.));
#4670=DIRECTION('ref_axis',(-1.,0.,0.));
#4671=DIRECTION('',(0.,-1.,0.));
#4672=DIRECTION('center_axis',(0.,0.,1.));
#4673=DIRECTION('ref_axis',(-1.,0.,0.));
#4674=DIRECTION('',(1.,0.,0.));
#4675=DIRECTION('center_axis',(0.,0.,1.));
#4676=DIRECTION('ref_axis',(-1.,0.,0.));
#4677=DIRECTION('',(0.,-1.,0.));
#4678=DIRECTION('',(1.,0.,0.));
#4679=DIRECTION('center_axis',(0.,0.,1.));
#4680=DIRECTION('ref_axis',(-1.,0.,0.));
#4681=DIRECTION('center_axis',(0.,0.,1.));
#4682=DIRECTION('ref_axis',(-1.,0.,0.));
#4683=DIRECTION('center_axis',(0.,0.,1.));
#4684=DIRECTION('ref_axis',(-1.,0.,0.));
#4685=DIRECTION('',(0.,1.,0.));
#4686=DIRECTION('center_axis',(0.,0.,1.));
#4687=DIRECTION('ref_axis',(-1.,0.,0.));
#4688=DIRECTION('',(0.,1.,0.));
#4689=DIRECTION('',(-1.,0.,0.));
#4690=DIRECTION('',(0.,-1.,0.));
#4691=DIRECTION('center_axis',(0.,0.,1.));
#4692=DIRECTION('ref_axis',(-1.,0.,0.));
#4693=DIRECTION('',(0.,-1.,0.));
#4694=DIRECTION('',(1.,0.,0.));
#4695=DIRECTION('center_axis',(0.,0.,1.));
#4696=DIRECTION('ref_axis',(1.,0.,0.));
#4697=DIRECTION('',(1.,0.,0.));
#4698=DIRECTION('center_axis',(0.,1.,0.));
#4699=DIRECTION('ref_axis',(0.,0.,1.));
#4700=DIRECTION('center_axis',(0.,1.,0.));
#4701=DIRECTION('ref_axis',(-1.,0.,0.));
#4702=DIRECTION('',(0.,0.,-1.));
#4703=DIRECTION('',(0.,0.,-1.));
#4704=DIRECTION('center_axis',(1.,0.,0.));
#4705=DIRECTION('ref_axis',(0.,1.,0.));
#4706=DIRECTION('',(0.,0.,1.));
#4707=DIRECTION('center_axis',(-1.,0.,0.));
#4708=DIRECTION('ref_axis',(0.,-1.,0.));
#4709=DIRECTION('',(0.,0.,1.));
#4710=DIRECTION('',(0.,0.,-1.));
#4711=DIRECTION('center_axis',(0.,0.,1.));
#4712=DIRECTION('ref_axis',(0.882638657147281,-0.470052125736332,0.));
#4713=DIRECTION('',(0.,0.,-1.));
#4714=DIRECTION('center_axis',(0.,1.,0.));
#4715=DIRECTION('ref_axis',(-1.,0.,0.));
#4716=DIRECTION('center_axis',(0.,0.,1.));
#4717=DIRECTION('ref_axis',(0.707106781186541,-0.707106781186554,0.));
#4718=DIRECTION('center_axis',(0.,0.,1.));
#4719=DIRECTION('ref_axis',(-1.,0.,0.));
#4720=DIRECTION('',(0.,0.,-1.));
#4721=DIRECTION('center_axis',(0.,0.,1.));
#4722=DIRECTION('ref_axis',(-1.,0.,0.));
#4723=DIRECTION('',(0.,0.,-1.));
#4724=DIRECTION('center_axis',(0.,0.,1.));
#4725=DIRECTION('ref_axis',(-1.,0.,0.));
#4726=DIRECTION('',(0.,0.,-1.));
#4727=DIRECTION('center_axis',(0.,0.,1.));
#4728=DIRECTION('ref_axis',(-1.,0.,0.));
#4729=DIRECTION('',(0.,0.,-1.));
#4730=DIRECTION('center_axis',(0.,0.,1.));
#4731=DIRECTION('ref_axis',(1.,1.22464679914735E-16,0.));
#4732=DIRECTION('',(0.,0.,1.));
#4733=DIRECTION('center_axis',(-1.,0.,0.));
#4734=DIRECTION('ref_axis',(0.,-1.,0.));
#4735=DIRECTION('',(0.,0.,1.));
#4736=DIRECTION('center_axis',(0.,-1.,0.));
#4737=DIRECTION('ref_axis',(1.,0.,0.));
#4738=DIRECTION('',(0.,0.,-1.));
#4739=DIRECTION('center_axis',(1.,0.,0.));
#4740=DIRECTION('ref_axis',(0.,1.,0.));
#4741=DIRECTION('',(0.,0.,-1.));
#4742=DIRECTION('center_axis',(0.,0.,1.));
#4743=DIRECTION('ref_axis',(-1.,0.,0.));
#4744=DIRECTION('center_axis',(0.,0.,1.));
#4745=DIRECTION('ref_axis',(-1.,0.,0.));
#4746=DIRECTION('',(0.,0.,1.));
#4747=DIRECTION('center_axis',(1.,0.,0.));
#4748=DIRECTION('ref_axis',(0.,1.,0.));
#4749=DIRECTION('center_axis',(1.,0.,0.));
#4750=DIRECTION('ref_axis',(0.,1.,0.));
#4751=DIRECTION('center_axis',(1.,0.,0.));
#4752=DIRECTION('ref_axis',(0.,1.,0.));
#4753=DIRECTION('',(0.,1.,0.));
#4754=DIRECTION('',(0.,0.,-1.));
#4755=DIRECTION('',(0.,-1.,0.));
#4756=DIRECTION('',(0.,0.,1.));
#4757=DIRECTION('center_axis',(-1.,0.,0.));
#4758=DIRECTION('ref_axis',(0.,-1.,0.));
#4759=DIRECTION('',(0.,-1.,0.));
#4760=DIRECTION('',(0.,0.,1.));
#4761=DIRECTION('',(0.,1.,0.));
#4762=DIRECTION('',(0.,0.,-1.));
#4763=DIRECTION('center_axis',(0.,-1.,0.));
#4764=DIRECTION('ref_axis',(1.,0.,0.));
#4765=DIRECTION('',(1.,0.,0.));
#4766=DIRECTION('',(-1.,0.,0.));
#4767=DIRECTION('',(0.,0.,1.));
#4768=DIRECTION('center_axis',(0.,1.,0.));
#4769=DIRECTION('ref_axis',(-1.,0.,0.));
#4770=DIRECTION('',(-1.,0.,0.));
#4771=DIRECTION('',(1.,0.,0.));
#4772=DIRECTION('center_axis',(0.,0.,1.));
#4773=DIRECTION('ref_axis',(1.,0.,0.));
#4774=DIRECTION('',(0.,-1.,0.));
#4775=DIRECTION('',(-1.,0.,0.));
#4776=DIRECTION('',(0.,1.,0.));
#4777=DIRECTION('',(1.,0.,0.));
#4778=DIRECTION('center_axis',(0.,0.,-1.));
#4779=DIRECTION('ref_axis',(1.,0.,0.));
#4780=DIRECTION('center_axis',(0.,0.,-1.));
#4781=DIRECTION('ref_axis',(1.,0.,0.));
#4782=DIRECTION('center_axis',(0.,0.,-1.));
#4783=DIRECTION('ref_axis',(1.,0.,0.));
#4784=DIRECTION('center_axis',(0.,0.,-1.));
#4785=DIRECTION('ref_axis',(1.,0.,0.));
#4786=DIRECTION('center_axis',(0.,1.,0.));
#4787=DIRECTION('ref_axis',(-0.707106781186561,0.,-0.707106781186534));
#4788=DIRECTION('center_axis',(0.,1.,0.));
#4789=DIRECTION('ref_axis',(0.,0.,-1.));
#4790=DIRECTION('',(0.,1.,0.));
#4791=DIRECTION('center_axis',(0.,-1.,0.));
#4792=DIRECTION('ref_axis',(-1.,0.,0.));
#4793=DIRECTION('center_axis',(-1.,0.,0.));
#4794=DIRECTION('ref_axis',(0.,-0.707106781186561,-0.707106781186534));
#4795=DIRECTION('center_axis',(-1.,0.,0.));
#4796=DIRECTION('ref_axis',(0.,0.,-1.));
#4797=DIRECTION('',(-1.,0.,0.));
#4798=DIRECTION('center_axis',(1.,0.,0.));
#4799=DIRECTION('ref_axis',(0.,-1.,0.));
#4800=DIRECTION('center_axis',(-0.816496580927725,0.408248290463863,0.408248290463866));
#4801=DIRECTION('ref_axis',(-0.577350269189626,-0.577350269189626,-0.577350269189626));
#4802=DIRECTION('center_axis',(0.,0.,-1.));
#4803=DIRECTION('ref_axis',(-0.707106781186548,-0.707106781186548,0.));
#4804=DIRECTION('center_axis',(0.,-1.,0.));
#4805=DIRECTION('ref_axis',(0.707106781186545,0.,-0.70710678118655));
#4806=DIRECTION('center_axis',(0.,-1.,0.));
#4807=DIRECTION('ref_axis',(0.,0.,-1.));
#4808=DIRECTION('',(0.,-1.,0.));
#4809=DIRECTION('center_axis',(0.,1.,0.));
#4810=DIRECTION('ref_axis',(1.,0.,0.));
#4811=DIRECTION('center_axis',(-0.816496580927726,-0.408248290463863,-0.408248290463863));
#4812=DIRECTION('ref_axis',(0.577350269189626,-0.577350269189626,-0.577350269189626));
#4813=DIRECTION('center_axis',(0.,0.,-1.));
#4814=DIRECTION('ref_axis',(0.707106781186533,-0.707106781186562,0.));
#4815=DIRECTION('center_axis',(1.,0.,0.));
#4816=DIRECTION('ref_axis',(0.,0.70710678118655,-0.707106781186545));
#4817=DIRECTION('center_axis',(1.,0.,0.));
#4818=DIRECTION('ref_axis',(0.,0.,-1.));
#4819=DIRECTION('',(1.,0.,0.));
#4820=DIRECTION('center_axis',(-1.,0.,0.));
#4821=DIRECTION('ref_axis',(0.,1.,0.));
#4822=DIRECTION('center_axis',(-0.40824829046386,-0.40824829046386,-0.816496580927729));
#4823=DIRECTION('ref_axis',(0.577350269189626,0.577350269189626,-0.577350269189626));
#4824=DIRECTION('center_axis',(0.,0.,-1.));
#4825=DIRECTION('ref_axis',(0.707106781186551,0.707106781186544,0.));
#4826=DIRECTION('center_axis',(0.408248290463882,-0.408248290463858,-0.816496580927719));
#4827=DIRECTION('ref_axis',(-0.577350269189643,0.577350269189607,-0.577350269189628));
#4828=DIRECTION('center_axis',(0.,0.,-1.));
#4829=DIRECTION('ref_axis',(-0.707106781186562,0.707106781186533,0.));
#4830=DIRECTION('center_axis',(0.,0.,1.));
#4831=DIRECTION('ref_axis',(0.707106781186532,-0.707106781186563,0.));
#4832=DIRECTION('',(0.,0.,1.));
#4833=DIRECTION('center_axis',(0.,0.,-1.));
#4834=DIRECTION('ref_axis',(1.,0.,0.));
#4835=DIRECTION('',(0.,0.,-1.));
#4836=DIRECTION('center_axis',(1.,0.,0.));
#4837=DIRECTION('ref_axis',(0.,1.,0.));
#4838=DIRECTION('',(0.,0.,-1.));
#4839=DIRECTION('',(0.,1.,0.));
#4840=DIRECTION('center_axis',(0.,0.,1.));
#4841=DIRECTION('ref_axis',(0.707106781186547,0.707106781186547,0.));
#4842=DIRECTION('',(0.,0.,1.));
#4843=DIRECTION('center_axis',(0.,0.,-1.));
#4844=DIRECTION('ref_axis',(0.,1.,0.));
#4845=DIRECTION('center_axis',(0.,1.,0.));
#4846=DIRECTION('ref_axis',(-1.,0.,0.));
#4847=DIRECTION('',(0.,0.,-1.));
#4848=DIRECTION('',(-1.,0.,0.));
#4849=DIRECTION('center_axis',(0.,1.,0.));
#4850=DIRECTION('ref_axis',(0.707106781186545,0.,0.70710678118655));
#4851=DIRECTION('center_axis',(0.,1.,0.));
#4852=DIRECTION('ref_axis',(0.,0.,1.));
#4853=DIRECTION('center_axis',(0.,-1.,0.));
#4854=DIRECTION('ref_axis',(1.,0.,0.));
#4855=DIRECTION('',(0.,-1.,0.));
#4856=DIRECTION('center_axis',(-0.816496580927726,-0.408248290463863,0.408248290463863));
#4857=DIRECTION('ref_axis',(0.577350269189626,-0.577350269189626,0.577350269189626));
#4858=DIRECTION('center_axis',(1.,0.,0.));
#4859=DIRECTION('ref_axis',(0.,-0.70710678118656,0.707106781186535));
#4860=DIRECTION('center_axis',(0.408248290463859,-0.816496580927729,0.408248290463862));
#4861=DIRECTION('ref_axis',(0.577350269189624,0.577350269189624,0.57735026918963));
#4862=DIRECTION('center_axis',(1.,0.,0.));
#4863=DIRECTION('ref_axis',(0.,0.707106781186547,0.707106781186548));
#4864=DIRECTION('center_axis',(1.,0.,0.));
#4865=DIRECTION('ref_axis',(0.,-0.707106781186561,0.707106781186534));
#4866=DIRECTION('',(-1.,0.,0.));
#4867=DIRECTION('center_axis',(1.,0.,0.));
#4868=DIRECTION('ref_axis',(0.,0.,1.));
#4869=DIRECTION('',(1.,0.,0.));
#4870=DIRECTION('center_axis',(0.,0.,1.));
#4871=DIRECTION('ref_axis',(1.,0.,0.));
#4872=DIRECTION('',(1.,0.,0.));
#4873=DIRECTION('',(0.,1.,0.));
#4874=DIRECTION('center_axis',(0.,0.,-1.));
#4875=DIRECTION('ref_axis',(1.,0.,0.));
#4876=DIRECTION('center_axis',(0.,0.,-1.));
#4877=DIRECTION('ref_axis',(1.,0.,0.));
#4878=DIRECTION('center_axis',(0.,0.,-1.));
#4879=DIRECTION('ref_axis',(1.,0.,0.));
#4880=DIRECTION('center_axis',(0.,0.,-1.));
#4881=DIRECTION('ref_axis',(1.,0.,0.));
#4882=DIRECTION('center_axis',(-1.,0.,0.));
#4883=DIRECTION('ref_axis',(0.,0.70710678118655,0.707106781186545));
#4884=DIRECTION('center_axis',(-1.,0.,0.));
#4885=DIRECTION('ref_axis',(0.,0.707106781186547,0.707106781186548));
#4886=DIRECTION('center_axis',(0.,0.,1.));
#4887=DIRECTION('ref_axis',(-0.707106781186547,-0.707106781186547,0.));
#4888=DIRECTION('',(0.,0.,1.));
#4889=DIRECTION('center_axis',(0.,0.,-1.));
#4890=DIRECTION('ref_axis',(0.,-1.,0.));
#4891=DIRECTION('',(0.,0.,-1.));
#4892=DIRECTION('center_axis',(-0.816496580927725,0.408248290463863,-0.408248290463866));
#4893=DIRECTION('ref_axis',(-0.577350269189626,-0.577350269189626,0.577350269189626));
#4894=DIRECTION('center_axis',(0.,-1.,0.));
#4895=DIRECTION('ref_axis',(-0.70710678118656,0.,0.707106781186535));
#4896=DIRECTION('center_axis',(-1.,0.,0.));
#4897=DIRECTION('ref_axis',(0.,-1.,0.));
#4898=DIRECTION('',(0.,-1.,0.));
#4899=DIRECTION('',(0.,0.,1.));
#4900=DIRECTION('center_axis',(0.,-1.,0.));
#4901=DIRECTION('ref_axis',(-0.707106781186561,0.,0.707106781186534));
#4902=DIRECTION('center_axis',(0.,-1.,0.));
#4903=DIRECTION('ref_axis',(0.,0.,1.));
#4904=DIRECTION('center_axis',(0.,0.,1.));
#4905=DIRECTION('ref_axis',(-0.707106781186568,0.707106781186527,0.));
#4906=DIRECTION('center_axis',(0.,0.,-1.));
#4907=DIRECTION('ref_axis',(-1.,0.,0.));
#4908=DIRECTION('center_axis',(-0.816496580927721,-0.408248290463872,-0.408248290463864));
#4909=DIRECTION('ref_axis',(-0.577350269189626,0.577350269189626,0.577350269189626));
#4910=DIRECTION('center_axis',(0.,0.,1.));
#4911=DIRECTION('ref_axis',(1.,0.,0.));
#4912=DIRECTION('',(0.,0.,1.));
#4913=DIRECTION('center_axis',(0.,0.,1.));
#4914=DIRECTION('ref_axis',(0.821171952476432,-0.570680842911381,0.));
#4915=DIRECTION('center_axis',(0.,0.,1.));
#4916=DIRECTION('ref_axis',(1.,0.,0.));
#4917=DIRECTION('',(0.,0.,1.));
#4918=DIRECTION('center_axis',(0.,0.,1.));
#4919=DIRECTION('ref_axis',(1.,0.,0.));
#4920=DIRECTION('',(0.,0.,1.));
#4921=DIRECTION('center_axis',(0.,-1.,0.));
#4922=DIRECTION('ref_axis',(1.,0.,0.));
#4923=DIRECTION('',(0.,0.,1.));
#4924=DIRECTION('',(-1.,1.224646799147E-16,0.));
#4925=DIRECTION('',(0.,0.,1.));
#4926=DIRECTION('',(1.,0.,0.));
#4927=DIRECTION('',(0.,0.,1.));
#4928=DIRECTION('',(1.,0.,0.));
#4929=DIRECTION('',(0.,0.,1.));
#4930=DIRECTION('',(1.,0.,0.));
#4931=DIRECTION('',(0.,0.,1.));
#4932=DIRECTION('',(1.,0.,0.));
#4933=DIRECTION('',(0.,0.,1.));
#4934=DIRECTION('',(1.,0.,0.));
#4935=DIRECTION('',(0.,0.,1.));
#4936=DIRECTION('',(1.,0.,0.));
#4937=DIRECTION('',(0.,0.,1.));
#4938=DIRECTION('',(1.,0.,0.));
#4939=DIRECTION('',(0.,0.,1.));
#4940=DIRECTION('',(1.,0.,0.));
#4941=CARTESIAN_POINT('',(0.,0.,0.));
#4942=CARTESIAN_POINT('',(0.,0.,0.));
#4943=CARTESIAN_POINT('',(0.,0.,0.));
#4944=CARTESIAN_POINT('',(0.,0.,0.));
#4945=CARTESIAN_POINT('',(0.,0.,0.));
#4946=CARTESIAN_POINT('Origin',(-172.999997437,-93.0000007897615,20.));
#4947=CARTESIAN_POINT('',(-190.999997705221,-93.0000007897615,23.));
#4948=CARTESIAN_POINT('',(-172.999997437,-93.0000007897615,23.));
#4949=CARTESIAN_POINT('',(-181.129995019874,-93.0000007897615,23.));
#4950=CARTESIAN_POINT('',(-190.999997705221,-93.0000007897615,20.));
#4951=CARTESIAN_POINT('',(-190.999997705221,-93.0000007897615,20.));
#4952=CARTESIAN_POINT('',(-172.999997437,-93.0000007897615,20.));
#4953=CARTESIAN_POINT('',(-181.129995019874,-93.0000007897615,20.));
#4954=CARTESIAN_POINT('',(-172.999997437,-93.0000007897615,20.));
#4955=CARTESIAN_POINT('Origin',(-190.999997705221,-93.0000007897615,20.));
#4956=CARTESIAN_POINT('',(-190.999997705221,-108.000001013279,23.));
#4957=CARTESIAN_POINT('',(-190.999997705221,-111.385002526804,23.));
#4958=CARTESIAN_POINT('',(-190.999997705221,-108.000001013279,20.));
#4959=CARTESIAN_POINT('',(-190.999997705221,-108.000001013279,20.));
#4960=CARTESIAN_POINT('',(-190.999997705221,-111.385002526804,20.));
#4961=CARTESIAN_POINT('Origin',(-190.999997705221,-108.000001013279,20.));
#4962=CARTESIAN_POINT('',(-172.999997437,-108.000001013279,23.));
#4963=CARTESIAN_POINT('',(-190.129995153984,-108.000001013279,23.));
#4964=CARTESIAN_POINT('',(-172.999997437,-108.000001013279,20.));
#4965=CARTESIAN_POINT('',(-172.999997437,-108.000001013279,20.));
#4966=CARTESIAN_POINT('',(-190.129995153984,-108.000001013279,20.));
#4967=CARTESIAN_POINT('Origin',(-172.999997437,-108.000001013279,20.));
#4968=CARTESIAN_POINT('',(-172.999997437,-118.885002638563,23.));
#4969=CARTESIAN_POINT('',(-172.999997437,-118.885002638563,20.));
#4970=CARTESIAN_POINT('Origin',(-231.999998316169,-105.000000968575,20.));
#4971=CARTESIAN_POINT('',(-192.999997735023,-105.000000968575,23.));
#4972=CARTESIAN_POINT('',(-231.999998316169,-105.000000968575,23.));
#4973=CARTESIAN_POINT('',(-210.629995459458,-105.000000968575,23.));
#4974=CARTESIAN_POINT('',(-192.999997735023,-105.000000968575,20.));
#4975=CARTESIAN_POINT('',(-192.999997735023,-105.000000968575,20.));
#4976=CARTESIAN_POINT('',(-231.999998316169,-105.000000968575,20.));
#4977=CARTESIAN_POINT('',(-210.629995459458,-105.000000968575,20.));
#4978=CARTESIAN_POINT('',(-231.999998316169,-105.000000968575,20.));
#4979=CARTESIAN_POINT('Origin',(-192.999997735023,-105.000000968575,20.));
#4980=CARTESIAN_POINT('',(-192.999997735023,-95.0000008195639,23.));
#4981=CARTESIAN_POINT('',(-192.999997735023,-117.385002616211,23.));
#4982=CARTESIAN_POINT('',(-192.999997735023,-95.0000008195639,20.));
#4983=CARTESIAN_POINT('',(-192.999997735023,-95.0000008195639,20.));
#4984=CARTESIAN_POINT('',(-192.999997735023,-117.385002616211,20.));
#4985=CARTESIAN_POINT('Origin',(-192.999997735023,-95.0000008195639,20.));
#4986=CARTESIAN_POINT('',(-231.999998316169,-95.0000008195639,23.));
#4987=CARTESIAN_POINT('',(-191.129995168885,-95.0000008195639,23.));
#4988=CARTESIAN_POINT('',(-231.999998316169,-95.0000008195639,20.));
#4989=CARTESIAN_POINT('',(-231.999998316169,-95.0000008195639,20.));
#4990=CARTESIAN_POINT('',(-191.129995168885,-95.0000008195639,20.));
#4991=CARTESIAN_POINT('Origin',(-231.999998316169,-95.0000008195639,20.));
#4992=CARTESIAN_POINT('',(-231.999998316169,-112.385002541705,23.));
#4993=CARTESIAN_POINT('',(-231.999998316169,-112.385002541705,20.));
#4994=CARTESIAN_POINT('Origin',(-229.592005151646,-160.800057756497,20.));
#4995=CARTESIAN_POINT('',(-173.489285538905,-160.800057756497,23.));
#4996=CARTESIAN_POINT('',(-229.592005151646,-160.800057756497,23.));
#4997=CARTESIAN_POINT('',(-209.425998877196,-160.800057756497,23.));
#4998=CARTESIAN_POINT('',(-173.489285538905,-160.800057756497,20.));
#4999=CARTESIAN_POINT('',(-173.489285538905,-160.800057756497,20.));
#5000=CARTESIAN_POINT('',(-229.592005151646,-160.800057756497,20.));
#5001=CARTESIAN_POINT('',(-209.425998877196,-160.800057756497,20.));
#5002=CARTESIAN_POINT('',(-229.592005151646,-160.800057756497,20.));
#5003=CARTESIAN_POINT('Origin',(-173.489285538905,-160.800057756497,20.));
#5004=CARTESIAN_POINT('',(-173.489285538905,-111.285219569273,23.));
#5005=CARTESIAN_POINT('',(-173.489285538905,-145.285031010171,23.));
#5006=CARTESIAN_POINT('',(-173.489285538905,-111.285219569273,20.));
#5007=CARTESIAN_POINT('',(-173.489285538905,-111.285219569273,20.));
#5008=CARTESIAN_POINT('',(-173.489285538905,-145.285031010171,20.));
#5009=CARTESIAN_POINT('Origin',(-173.489285538905,-111.285219569273,20.));
#5010=CARTESIAN_POINT('',(-229.592005151646,-111.285219569273,23.));
#5011=CARTESIAN_POINT('',(-181.374639070826,-111.285219569273,23.));
#5012=CARTESIAN_POINT('',(-229.592005151646,-111.285219569273,20.));
#5013=CARTESIAN_POINT('',(-229.592005151646,-111.285219569273,20.));
#5014=CARTESIAN_POINT('',(-181.374639070826,-111.285219569273,20.));
#5015=CARTESIAN_POINT('Origin',(-229.592005151646,-111.285219569273,20.));
#5016=CARTESIAN_POINT('',(-229.592005151646,-120.52761191656,23.));
#5017=CARTESIAN_POINT('',(-229.592005151646,-120.52761191656,20.));
#5018=CARTESIAN_POINT('Origin',(-213.500003181398,-92.0000013709068,24.));
#5019=CARTESIAN_POINT('',(-227.000003382564,-94.0000014007092,24.));
#5020=CARTESIAN_POINT('',(-200.000002980232,-94.0000014007092,24.));
#5021=CARTESIAN_POINT('',(-200.000002980232,-94.0000014007092,24.));
#5022=CARTESIAN_POINT('',(-200.000002980232,-90.0000013411045,24.));
#5023=CARTESIAN_POINT('',(-200.000002980232,-90.0000013411045,24.));
#5024=CARTESIAN_POINT('',(-227.000003382564,-90.0000013411045,24.));
#5025=CARTESIAN_POINT('',(-227.000003382564,-90.0000013411045,24.));
#5026=CARTESIAN_POINT('',(-227.000003382564,-94.0000014007092,24.));
#5027=CARTESIAN_POINT('Origin',(-227.000003382564,-94.0000014007092,23.));
#5028=CARTESIAN_POINT('',(-200.000002980232,-94.0000014007092,23.));
#5029=CARTESIAN_POINT('',(-227.000003382564,-94.0000014007092,23.));
#5030=CARTESIAN_POINT('',(-208.129997992655,-94.0000014007092,23.));
#5031=CARTESIAN_POINT('',(-200.000002980232,-94.0000014007092,23.));
#5032=CARTESIAN_POINT('',(-227.000003382564,-94.0000014007092,23.));
#5033=CARTESIAN_POINT('Origin',(-200.000002980232,-94.0000014007092,23.));
#5034=CARTESIAN_POINT('',(-200.000002980232,-90.0000013411045,23.));
#5035=CARTESIAN_POINT('',(-200.000002980232,-111.885002832278,23.));
#5036=CARTESIAN_POINT('',(-200.000002980232,-90.0000013411045,23.));
#5037=CARTESIAN_POINT('Origin',(-200.000002980232,-90.0000013411045,23.));
#5038=CARTESIAN_POINT('',(-227.000003382564,-90.0000013411045,23.));
#5039=CARTESIAN_POINT('',(-194.62999779149,-90.0000013411045,23.));
#5040=CARTESIAN_POINT('',(-227.000003382564,-90.0000013411045,23.));
#5041=CARTESIAN_POINT('Origin',(-227.000003382564,-90.0000013411045,23.));
#5042=CARTESIAN_POINT('',(-227.000003382564,-109.885002802475,23.));
#5043=CARTESIAN_POINT('Origin',(-189.259992602747,-129.770004263846,20.));
#5044=CARTESIAN_POINT('',(-240.828905028145,-85.8810922032285,20.));
#5045=CARTESIAN_POINT('',(-240.828905028145,-173.658916324464,20.));
#5046=CARTESIAN_POINT('',(-240.828905028145,-107.225548233537,20.));
#5047=CARTESIAN_POINT('',(-137.691080177349,-85.8810922032285,20.));
#5048=CARTESIAN_POINT('',(-162.875536390048,-85.8810922032285,20.));
#5049=CARTESIAN_POINT('',(-137.691080177349,-173.658916324464,20.));
#5050=CARTESIAN_POINT('',(-137.691080177349,-152.314460294155,20.));
#5051=CARTESIAN_POINT('',(-215.644448815446,-173.658916324464,20.));
#5052=CARTESIAN_POINT('',(-240.684607779534,-170.81107309181,20.));
#5053=CARTESIAN_POINT('Origin',(-239.746907779534,-170.81107309181,20.));
#5054=CARTESIAN_POINT('',(-141.226417735525,-170.81107309181,20.));
#5055=CARTESIAN_POINT('Origin',(-140.288717735525,-170.81107309181,20.));
#5056=CARTESIAN_POINT('',(-141.333309243221,-88.1185545551776,20.));
#5057=CARTESIAN_POINT('Origin',(-140.395609243221,-88.1185545551776,20.));
#5058=CARTESIAN_POINT('',(-240.684607779534,-88.1185545551776,20.));
#5059=CARTESIAN_POINT('Origin',(-239.746907779534,-88.1185545551776,20.));
#5060=CARTESIAN_POINT('Origin',(-240.828905028145,-107.225548233537,21.2));
#5061=CARTESIAN_POINT('',(-242.028905028145,-173.658916324464,21.2));
#5062=CARTESIAN_POINT('Origin',(-240.828905028145,-173.658916324464,21.2));
#5063=CARTESIAN_POINT('',(-242.028905028145,-85.8810922032285,21.2));
#5064=CARTESIAN_POINT('',(-242.028905028145,-107.225548233537,21.2));
#5065=CARTESIAN_POINT('Origin',(-240.828905028145,-85.8810922032285,21.2));
#5066=CARTESIAN_POINT('Origin',(-215.644448815446,-173.658916324464,21.2));
#5067=CARTESIAN_POINT('',(-137.691080177349,-174.858916324464,21.2));
#5068=CARTESIAN_POINT('Origin',(-137.691080177349,-173.658916324464,21.2));
#5069=CARTESIAN_POINT('',(-240.828905028145,-174.858916324464,21.2));
#5070=CARTESIAN_POINT('',(-215.644448815446,-174.858916324464,21.2));
#5071=CARTESIAN_POINT('Origin',(-240.828905028145,-173.658916324464,21.2));
#5072=CARTESIAN_POINT('Origin',(-240.828905028145,-173.658916324464,21.2));
#5073=CARTESIAN_POINT('Origin',(-240.828905028145,-173.658916324464,21.2));
#5074=CARTESIAN_POINT('Origin',(-137.691080177349,-152.314460294155,21.2));
#5075=CARTESIAN_POINT('',(-136.491080177349,-85.8810922032285,21.2));
#5076=CARTESIAN_POINT('Origin',(-137.691080177349,-85.8810922032285,21.2));
#5077=CARTESIAN_POINT('',(-136.491080177349,-173.658916324464,21.2));
#5078=CARTESIAN_POINT('',(-136.491080177349,-152.314460294155,21.2));
#5079=CARTESIAN_POINT('Origin',(-137.691080177349,-173.658916324464,21.2));
#5080=CARTESIAN_POINT('Origin',(-137.691080177349,-173.658916324464,21.2));
#5081=CARTESIAN_POINT('Origin',(-137.691080177349,-173.658916324464,21.2));
#5082=CARTESIAN_POINT('Origin',(-162.875536390048,-85.8810922032285,21.2));
#5083=CARTESIAN_POINT('',(-240.828905028145,-84.6810922032286,21.2));
#5084=CARTESIAN_POINT('Origin',(-240.828905028145,-85.8810922032285,21.2));
#5085=CARTESIAN_POINT('',(-137.691080177349,-84.6810922032286,21.2));
#5086=CARTESIAN_POINT('',(-162.875536390048,-84.6810922032286,21.2));
#5087=CARTESIAN_POINT('Origin',(-137.691080177349,-85.8810922032285,21.2));
#5088=CARTESIAN_POINT('Origin',(-137.691080177349,-85.8810922032285,21.2));
#5089=CARTESIAN_POINT('Origin',(-137.691080177349,-85.8810922032285,21.2));
#5090=CARTESIAN_POINT('Origin',(-240.828905028145,-85.8810922032285,21.2));
#5091=CARTESIAN_POINT('Origin',(-240.828905028145,-85.8810922032285,21.2));
#5092=CARTESIAN_POINT('Origin',(-137.691080177349,-173.658916324464,20.));
#5093=CARTESIAN_POINT('',(-136.491080177349,-173.658916324464,21.8));
#5094=CARTESIAN_POINT('',(-136.491080177349,-173.658916324464,20.));
#5095=CARTESIAN_POINT('',(-137.691080177349,-174.858916324464,21.8));
#5096=CARTESIAN_POINT('Origin',(-137.691080177349,-173.658916324464,21.8));
#5097=CARTESIAN_POINT('',(-137.691080177349,-174.858916324464,20.));
#5098=CARTESIAN_POINT('Origin',(-136.491080177349,-174.858916324464,20.));
#5099=CARTESIAN_POINT('',(-136.491080177349,-85.8810922032285,21.8));
#5100=CARTESIAN_POINT('',(-136.491080177349,-85.8810922032285,20.));
#5101=CARTESIAN_POINT('',(-136.491080177349,-152.314460294155,21.8));
#5102=CARTESIAN_POINT('Origin',(-137.691080177349,-85.8810922032285,20.));
#5103=CARTESIAN_POINT('',(-137.691080177349,-84.6810922032286,21.8));
#5104=CARTESIAN_POINT('',(-137.691080177349,-84.6810922032286,20.));
#5105=CARTESIAN_POINT('Origin',(-137.691080177349,-85.8810922032285,21.8));
#5106=CARTESIAN_POINT('Origin',(-136.491080177349,-84.6810922032286,20.));
#5107=CARTESIAN_POINT('',(-240.828905028145,-84.6810922032286,21.8));
#5108=CARTESIAN_POINT('',(-240.828905028145,-84.6810922032286,20.));
#5109=CARTESIAN_POINT('',(-162.875536390048,-84.6810922032286,21.8));
#5110=CARTESIAN_POINT('Origin',(-137.691080177349,-152.314460294155,21.8));
#5111=CARTESIAN_POINT('',(-137.691080177349,-173.658916324464,23.));
#5112=CARTESIAN_POINT('Origin',(-137.691080177349,-173.658916324464,21.8));
#5113=CARTESIAN_POINT('',(-137.691080177349,-85.8810922032285,23.));
#5114=CARTESIAN_POINT('Origin',(-137.691080177349,-85.8810922032285,21.8));
#5115=CARTESIAN_POINT('',(-137.691080177349,-152.314460294155,23.));
#5116=CARTESIAN_POINT('Origin',(-137.691080177349,-173.658916324464,21.8));
#5117=CARTESIAN_POINT('Origin',(-137.691080177349,-173.658916324464,21.8));
#5118=CARTESIAN_POINT('Origin',(-137.691080177349,-85.8810922032285,21.8));
#5119=CARTESIAN_POINT('Origin',(-137.691080177349,-85.8810922032285,21.8));
#5120=CARTESIAN_POINT('Origin',(-215.644448815446,-173.658916324464,21.8));
#5121=CARTESIAN_POINT('',(-240.828905028145,-173.658916324464,23.));
#5122=CARTESIAN_POINT('',(-215.644448815446,-173.658916324464,23.));
#5123=CARTESIAN_POINT('',(-240.828905028145,-174.858916324464,21.8));
#5124=CARTESIAN_POINT('Origin',(-240.828905028145,-173.658916324464,21.8));
#5125=CARTESIAN_POINT('',(-215.644448815446,-174.858916324464,21.8));
#5126=CARTESIAN_POINT('Origin',(-189.259992602747,-129.770004263846,23.));
#5127=CARTESIAN_POINT('',(-240.828905028145,-85.8810922032285,23.));
#5128=CARTESIAN_POINT('',(-162.875536390048,-85.8810922032285,23.));
#5129=CARTESIAN_POINT('',(-240.828905028145,-107.225548233537,23.));
#5130=CARTESIAN_POINT('',(-141.226417735525,-170.81107309181,23.));
#5131=CARTESIAN_POINT('Origin',(-140.288717735525,-170.81107309181,23.));
#5132=CARTESIAN_POINT('',(-240.684607779534,-88.1185545551776,23.));
#5133=CARTESIAN_POINT('Origin',(-239.746907779534,-88.1185545551776,23.));
#5134=CARTESIAN_POINT('',(-141.333309243221,-88.1185545551776,23.));
#5135=CARTESIAN_POINT('Origin',(-140.395609243221,-88.1185545551776,23.));
#5136=CARTESIAN_POINT('',(-240.684607779534,-170.81107309181,23.));
#5137=CARTESIAN_POINT('Origin',(-239.746907779534,-170.81107309181,23.));
#5138=CARTESIAN_POINT('Origin',(-162.875536390048,-85.8810922032285,21.8));
#5139=CARTESIAN_POINT('Origin',(-240.828905028145,-85.8810922032285,21.8));
#5140=CARTESIAN_POINT('Origin',(-240.828905028145,-173.658916324464,20.));
#5141=CARTESIAN_POINT('',(-240.828905028145,-174.858916324464,20.));
#5142=CARTESIAN_POINT('',(-242.028905028145,-173.658916324464,21.8));
#5143=CARTESIAN_POINT('Origin',(-240.828905028145,-173.658916324464,21.8));
#5144=CARTESIAN_POINT('',(-242.028905028145,-173.658916324464,20.));
#5145=CARTESIAN_POINT('Origin',(-240.828905028145,-173.658916324464,21.8));
#5146=CARTESIAN_POINT('Origin',(-240.828905028145,-173.658916324464,21.8));
#5147=CARTESIAN_POINT('Origin',(-242.028905028145,-84.6810922032286,20.));
#5148=CARTESIAN_POINT('',(-242.028905028145,-85.8810922032285,21.8));
#5149=CARTESIAN_POINT('',(-242.028905028145,-107.225548233537,21.8));
#5150=CARTESIAN_POINT('',(-242.028905028145,-85.8810922032285,20.));
#5151=CARTESIAN_POINT('Origin',(-240.828905028145,-107.225548233537,21.8));
#5152=CARTESIAN_POINT('Origin',(-240.828905028145,-85.8810922032285,21.8));
#5153=CARTESIAN_POINT('Origin',(-240.828905028145,-85.8810922032285,20.));
#5154=CARTESIAN_POINT('Origin',(-240.828905028145,-85.8810922032285,21.8));
#5155=CARTESIAN_POINT('Origin',(-240.828905028145,-85.8810922032285,21.8));
#5156=CARTESIAN_POINT('Origin',(-239.746907779534,-170.81107309181,20.));
#5157=CARTESIAN_POINT('',(-240.684607779534,-170.81107309181,20.));
#5158=CARTESIAN_POINT('Origin',(-140.288717735525,-170.81107309181,20.));
#5159=CARTESIAN_POINT('',(-141.226417735525,-170.81107309181,20.));
#5160=CARTESIAN_POINT('Origin',(-140.395609243221,-88.1185545551776,20.));
#5161=CARTESIAN_POINT('',(-141.333309243221,-88.1185545551776,20.));
#5162=CARTESIAN_POINT('Origin',(-239.746907779534,-88.1185545551776,20.));
#5163=CARTESIAN_POINT('',(-240.684607779534,-88.1185545551776,20.));
#5164=CARTESIAN_POINT('Origin',(-242.028905028145,-174.858916324464,20.));
#5165=CARTESIAN_POINT('',(0.,0.,0.));
#5166=CARTESIAN_POINT('Origin',(9.96342544845256E-16,0.,-0.333300000000246));
#5167=CARTESIAN_POINT('',(1.7968,-2.20044536870796E-16,-2.40334678085418E-13));
#5168=CARTESIAN_POINT('Origin',(-6.17844127191073E-20,0.,-2.45706233137355E-13));
#5169=CARTESIAN_POINT('',(1.4635,1.79227059055215E-16,-0.333300000000242));
#5170=CARTESIAN_POINT('Origin',(1.7968,-2.20044536870796E-16,-0.333300000000241));
#5171=CARTESIAN_POINT('Origin',(9.96342544845256E-16,0.,-0.333300000000246));
#5172=CARTESIAN_POINT('Origin',(-1.50000000000009,0.,-2.50227189396306E-13));
#5173=CARTESIAN_POINT('',(3.44999999999993,-4.22503145705829E-16,-5.54695178678344E-13));
#5174=CARTESIAN_POINT('Origin',(-6.17844117606413E-20,0.,-5.65242297412283E-13));
#5175=CARTESIAN_POINT('Origin',(2.98950576052651E-14,0.,-10.0000000000001));
#5176=CARTESIAN_POINT('',(1.46350000000006,1.79227059055215E-16,-19.7538502839854));
#5177=CARTESIAN_POINT('Origin',(5.90543094801438E-14,0.,-19.7538502839854));
#5178=CARTESIAN_POINT('',(1.46350000000003,-1.79227059055215E-16,-10.0000000000001));
#5179=CARTESIAN_POINT('Origin',(5.93316979702029E-14,0.,-19.8466375));
#5180=CARTESIAN_POINT('',(1.19327500000006,-1.46134040925255E-16,-20.));
#5181=CARTESIAN_POINT('',(1.36163750000006,-1.667525005974E-16,-19.8466375));
#5182=CARTESIAN_POINT('Origin',(5.97901769949429E-14,0.,-20.));
#5183=CARTESIAN_POINT('Origin',(1.38777878078145E-16,-1.15470053837925,
0.61));
#5184=CARTESIAN_POINT('',(1.38777878078145E-16,-1.15470053837925,0.61));
#5185=CARTESIAN_POINT('',(-2.77374261248925E-16,0.,0.522511336474076));
#5186=CARTESIAN_POINT('',(0.,-0.867673141868932,0.588252678957559));
#5187=CARTESIAN_POINT('',(1.,-0.577350269189626,0.61));
#5188=CARTESIAN_POINT('',(1.29579104005476E-16,-1.15470053837925,0.61));
#5189=CARTESIAN_POINT('',(0.751426983039954,-0.433836570934466,0.588252678957559));
#5190=CARTESIAN_POINT('Origin',(1.,-0.577350269189626,0.61));
#5191=CARTESIAN_POINT('',(1.,0.577350269189626,0.61));
#5192=CARTESIAN_POINT('',(1.,-0.577350269189626,0.61));
#5193=CARTESIAN_POINT('',(0.751426983039954,0.433836570934466,0.588252678957559));
#5194=CARTESIAN_POINT('Origin',(1.,0.577350269189626,0.61));
#5195=CARTESIAN_POINT('',(0.,1.15470053837925,0.61));
#5196=CARTESIAN_POINT('',(1.,0.577350269189626,0.61));
#5197=CARTESIAN_POINT('',(1.38777878078145E-16,0.867673141868932,0.588252678957559));
#5198=CARTESIAN_POINT('Origin',(0.,1.15470053837925,0.61));
#5199=CARTESIAN_POINT('',(-1.,0.577350269189626,0.61));
#5200=CARTESIAN_POINT('',(0.,1.15470053837925,0.61));
#5201=CARTESIAN_POINT('',(-0.751426983039954,0.433836570934466,0.588252678957559));
#5202=CARTESIAN_POINT('Origin',(-1.,0.577350269189626,0.61));
#5203=CARTESIAN_POINT('',(-1.,-0.577350269189626,0.61));
#5204=CARTESIAN_POINT('',(-1.,0.577350269189626,0.61));
#5205=CARTESIAN_POINT('',(-0.751426983039954,-0.433836570934466,0.588252678957559));
#5206=CARTESIAN_POINT('Origin',(-1.,-0.577350269189626,0.61));
#5207=CARTESIAN_POINT('',(-1.,-0.577350269189626,0.61));
#5208=CARTESIAN_POINT('Origin',(1.,-0.577350269189626,1.65));
#5209=CARTESIAN_POINT('',(1.,-0.577350269189626,1.65));
#5210=CARTESIAN_POINT('',(1.38777878078145E-16,-1.15470053837925,1.65));
#5211=CARTESIAN_POINT('',(0.262500000000024,-1.00314609271696,1.64999999999967));
#5212=CARTESIAN_POINT('',(1.,-0.577350269189626,1.65));
#5213=CARTESIAN_POINT('',(1.38777878078145E-16,-1.15470053837925,1.65));
#5214=CARTESIAN_POINT('Origin',(1.,0.577350269189626,1.65));
#5215=CARTESIAN_POINT('',(1.,0.577350269189626,1.65));
#5216=CARTESIAN_POINT('',(1.,0.288675134594813,1.64999999999967));
#5217=CARTESIAN_POINT('',(1.,0.577350269189626,1.65));
#5218=CARTESIAN_POINT('Origin',(0.,1.15470053837925,1.65));
#5219=CARTESIAN_POINT('',(0.,1.15470053837925,1.65));
#5220=CARTESIAN_POINT('',(-0.237499999999976,1.29182122731177,1.64999999999967));
#5221=CARTESIAN_POINT('',(0.,1.15470053837925,1.65));
#5222=CARTESIAN_POINT('Origin',(-1.,0.577350269189626,1.65));
#5223=CARTESIAN_POINT('',(-1.,0.577350269189626,1.65));
#5224=CARTESIAN_POINT('',(-1.23749999999998,0.440229580257104,1.64999999999967));
#5225=CARTESIAN_POINT('',(-1.,0.577350269189626,1.65));
#5226=CARTESIAN_POINT('Origin',(-1.,-0.577350269189626,1.65));
#5227=CARTESIAN_POINT('',(-1.,-0.577350269189626,1.65));
#5228=CARTESIAN_POINT('',(-1.,-0.288675134594813,1.64999999999967));
#5229=CARTESIAN_POINT('',(-1.,-0.577350269189626,1.65));
#5230=CARTESIAN_POINT('Origin',(1.38777878078145E-16,-1.15470053837925,
1.65));
#5231=CARTESIAN_POINT('',(-0.737499999999976,-0.728904714851917,1.64999999999967));
#5232=CARTESIAN_POINT('Origin',(-3.44999999999994,0.,0.699999999999667));
#5233=CARTESIAN_POINT('',(3.44999999999993,-4.22503145705829E-16,0.699999999999689));
#5234=CARTESIAN_POINT('Origin',(-2.09272014168996E-15,0.,0.699999999999677));
#5235=CARTESIAN_POINT('',(-2.59999999999994,0.,0.699999999999667));
#5236=CARTESIAN_POINT('Origin',(-2.09272014168995E-15,0.,0.699999999999675));
#5237=CARTESIAN_POINT('Origin',(-1.04639096305086E-15,0.,0.349999999999556));
#5238=CARTESIAN_POINT('',(3.44999999999993,-4.22503145705829E-16,0.349999999999567));
#5239=CARTESIAN_POINT('Origin',(5.96744875736022E-14,0.,-20.));
#5240=CARTESIAN_POINT('Origin',(-1.29999999999994,0.,1.64999999999967));
#5241=CARTESIAN_POINT('',(-1.29999999999994,0.,1.64999999999967));
#5242=CARTESIAN_POINT('Origin',(-4.93275648370937E-15,0.,1.64999999999967));
#5243=CARTESIAN_POINT('Origin',(6.38378239159465E-15,0.,-1.49342105263184));
#5244=CARTESIAN_POINT('Origin',(6.38378239159465E-15,0.,-1.49342105263184));
#5245=CARTESIAN_POINT('Origin',(-172.999997437,-93.0000007897615,20.));
#5246=CARTESIAN_POINT('',(-190.999997705221,-93.0000007897615,23.));
#5247=CARTESIAN_POINT('',(-172.999997437,-93.0000007897615,23.));
#5248=CARTESIAN_POINT('',(-181.129995019874,-93.0000007897615,23.));
#5249=CARTESIAN_POINT('',(-190.999997705221,-93.0000007897615,20.));
#5250=CARTESIAN_POINT('',(-190.999997705221,-93.0000007897615,20.));
#5251=CARTESIAN_POINT('',(-172.999997437,-93.0000007897615,20.));
#5252=CARTESIAN_POINT('',(-181.129995019874,-93.0000007897615,20.));
#5253=CARTESIAN_POINT('',(-172.999997437,-93.0000007897615,20.));
#5254=CARTESIAN_POINT('Origin',(-190.999997705221,-93.0000007897615,20.));
#5255=CARTESIAN_POINT('',(-190.999997705221,-108.000001013279,23.));
#5256=CARTESIAN_POINT('',(-190.999997705221,-111.385002526804,23.));
#5257=CARTESIAN_POINT('',(-190.999997705221,-108.000001013279,20.));
#5258=CARTESIAN_POINT('',(-190.999997705221,-108.000001013279,20.));
#5259=CARTESIAN_POINT('',(-190.999997705221,-111.385002526804,20.));
#5260=CARTESIAN_POINT('Origin',(-190.999997705221,-108.000001013279,20.));
#5261=CARTESIAN_POINT('',(-172.999997437,-108.000001013279,23.));
#5262=CARTESIAN_POINT('',(-190.129995153984,-108.000001013279,23.));
#5263=CARTESIAN_POINT('',(-172.999997437,-108.000001013279,20.));
#5264=CARTESIAN_POINT('',(-172.999997437,-108.000001013279,20.));
#5265=CARTESIAN_POINT('',(-190.129995153984,-108.000001013279,20.));
#5266=CARTESIAN_POINT('Origin',(-172.999997437,-108.000001013279,20.));
#5267=CARTESIAN_POINT('',(-172.999997437,-118.885002638563,23.));
#5268=CARTESIAN_POINT('',(-172.999997437,-118.885002638563,20.));
#5269=CARTESIAN_POINT('Origin',(-231.999998316169,-105.000000968575,20.));
#5270=CARTESIAN_POINT('',(-192.999997735023,-105.000000968575,23.));
#5271=CARTESIAN_POINT('',(-231.999998316169,-105.000000968575,23.));
#5272=CARTESIAN_POINT('',(-210.629995459458,-105.000000968575,23.));
#5273=CARTESIAN_POINT('',(-192.999997735023,-105.000000968575,20.));
#5274=CARTESIAN_POINT('',(-192.999997735023,-105.000000968575,20.));
#5275=CARTESIAN_POINT('',(-231.999998316169,-105.000000968575,20.));
#5276=CARTESIAN_POINT('',(-210.629995459458,-105.000000968575,20.));
#5277=CARTESIAN_POINT('',(-231.999998316169,-105.000000968575,20.));
#5278=CARTESIAN_POINT('Origin',(-192.999997735023,-105.000000968575,20.));
#5279=CARTESIAN_POINT('',(-192.999997735023,-95.0000008195639,23.));
#5280=CARTESIAN_POINT('',(-192.999997735023,-117.385002616211,23.));
#5281=CARTESIAN_POINT('',(-192.999997735023,-95.0000008195639,20.));
#5282=CARTESIAN_POINT('',(-192.999997735023,-95.0000008195639,20.));
#5283=CARTESIAN_POINT('',(-192.999997735023,-117.385002616211,20.));
#5284=CARTESIAN_POINT('Origin',(-192.999997735023,-95.0000008195639,20.));
#5285=CARTESIAN_POINT('',(-231.999998316169,-95.0000008195639,23.));
#5286=CARTESIAN_POINT('',(-191.129995168885,-95.0000008195639,23.));
#5287=CARTESIAN_POINT('',(-231.999998316169,-95.0000008195639,20.));
#5288=CARTESIAN_POINT('',(-231.999998316169,-95.0000008195639,20.));
#5289=CARTESIAN_POINT('',(-191.129995168885,-95.0000008195639,20.));
#5290=CARTESIAN_POINT('Origin',(-231.999998316169,-95.0000008195639,20.));
#5291=CARTESIAN_POINT('',(-231.999998316169,-112.385002541705,23.));
#5292=CARTESIAN_POINT('',(-231.999998316169,-112.385002541705,20.));
#5293=CARTESIAN_POINT('Origin',(-229.592005151646,-160.800057756497,20.));
#5294=CARTESIAN_POINT('',(-173.489285538905,-160.800057756497,23.));
#5295=CARTESIAN_POINT('',(-229.592005151646,-160.800057756497,23.));
#5296=CARTESIAN_POINT('',(-209.425998877196,-160.800057756497,23.));
#5297=CARTESIAN_POINT('',(-173.489285538905,-160.800057756497,20.));
#5298=CARTESIAN_POINT('',(-173.489285538905,-160.800057756497,20.));
#5299=CARTESIAN_POINT('',(-229.592005151646,-160.800057756497,20.));
#5300=CARTESIAN_POINT('',(-209.425998877196,-160.800057756497,20.));
#5301=CARTESIAN_POINT('',(-229.592005151646,-160.800057756497,20.));
#5302=CARTESIAN_POINT('Origin',(-173.489285538905,-160.800057756497,20.));
#5303=CARTESIAN_POINT('',(-173.489285538905,-111.285219569273,23.));
#5304=CARTESIAN_POINT('',(-173.489285538905,-145.285031010171,23.));
#5305=CARTESIAN_POINT('',(-173.489285538905,-111.285219569273,20.));
#5306=CARTESIAN_POINT('',(-173.489285538905,-111.285219569273,20.));
#5307=CARTESIAN_POINT('',(-173.489285538905,-145.285031010171,20.));
#5308=CARTESIAN_POINT('Origin',(-173.489285538905,-111.285219569273,20.));
#5309=CARTESIAN_POINT('',(-229.592005151646,-111.285219569273,23.));
#5310=CARTESIAN_POINT('',(-181.374639070826,-111.285219569273,23.));
#5311=CARTESIAN_POINT('',(-229.592005151646,-111.285219569273,20.));
#5312=CARTESIAN_POINT('',(-229.592005151646,-111.285219569273,20.));
#5313=CARTESIAN_POINT('',(-181.374639070826,-111.285219569273,20.));
#5314=CARTESIAN_POINT('Origin',(-229.592005151646,-111.285219569273,20.));
#5315=CARTESIAN_POINT('',(-229.592005151646,-120.52761191656,23.));
#5316=CARTESIAN_POINT('',(-229.592005151646,-120.52761191656,20.));
#5317=CARTESIAN_POINT('Origin',(-189.259992602747,-129.770004263846,20.));
#5318=CARTESIAN_POINT('',(-141.020850440487,-170.22518659058,20.));
#5319=CARTESIAN_POINT('',(-141.020850440487,-89.2108624663667,20.));
#5320=CARTESIAN_POINT('',(-141.020850440487,-150.049575162586,20.));
#5321=CARTESIAN_POINT('',(-141.093098010823,-170.329146061326,20.));
#5322=CARTESIAN_POINT('Origin',(-140.288717735525,-170.81107309181,20.));
#5323=CARTESIAN_POINT('',(-237.499134765007,-170.329146061326,20.));
#5324=CARTESIAN_POINT('',(-213.379563683877,-170.329146061326,20.));
#5325=CARTESIAN_POINT('',(-237.499134765007,-89.2108624663667,20.));
#5326=CARTESIAN_POINT('',(-237.499134765007,-109.490433365106,20.));
#5327=CARTESIAN_POINT('',(-165.140421521617,-89.2108624663668,20.));
#5328=CARTESIAN_POINT('Origin',(-213.500003181398,-92.0000013709068,24.));
#5329=CARTESIAN_POINT('',(-227.000003382564,-94.0000014007092,24.));
#5330=CARTESIAN_POINT('',(-200.000002980232,-94.0000014007092,24.));
#5331=CARTESIAN_POINT('',(-200.000002980232,-94.0000014007092,24.));
#5332=CARTESIAN_POINT('',(-200.000002980232,-90.0000013411045,24.));
#5333=CARTESIAN_POINT('',(-200.000002980232,-90.0000013411045,24.));
#5334=CARTESIAN_POINT('',(-227.000003382564,-90.0000013411045,24.));
#5335=CARTESIAN_POINT('',(-227.000003382564,-90.0000013411045,24.));
#5336=CARTESIAN_POINT('',(-227.000003382564,-94.0000014007092,24.));
#5337=CARTESIAN_POINT('Origin',(-227.000003382564,-94.0000014007092,23.));
#5338=CARTESIAN_POINT('',(-200.000002980232,-94.0000014007092,23.));
#5339=CARTESIAN_POINT('',(-227.000003382564,-94.0000014007092,23.));
#5340=CARTESIAN_POINT('',(-208.129997992655,-94.0000014007092,23.));
#5341=CARTESIAN_POINT('',(-200.000002980232,-94.0000014007092,23.));
#5342=CARTESIAN_POINT('',(-227.000003382564,-94.0000014007092,23.));
#5343=CARTESIAN_POINT('Origin',(-200.000002980232,-94.0000014007092,23.));
#5344=CARTESIAN_POINT('',(-200.000002980232,-90.0000013411045,23.));
#5345=CARTESIAN_POINT('',(-200.000002980232,-111.885002832278,23.));
#5346=CARTESIAN_POINT('',(-200.000002980232,-90.0000013411045,23.));
#5347=CARTESIAN_POINT('Origin',(-200.000002980232,-90.0000013411045,23.));
#5348=CARTESIAN_POINT('',(-227.000003382564,-90.0000013411045,23.));
#5349=CARTESIAN_POINT('',(-194.62999779149,-90.0000013411045,23.));
#5350=CARTESIAN_POINT('',(-227.000003382564,-90.0000013411045,23.));
#5351=CARTESIAN_POINT('Origin',(-227.000003382564,-90.0000013411045,23.));
#5352=CARTESIAN_POINT('',(-227.000003382564,-109.885002802475,23.));
#5353=CARTESIAN_POINT('Origin',(-140.288717735525,-170.81107309181,20.));
#5354=CARTESIAN_POINT('',(-141.020850440487,-170.22518659058,23.));
#5355=CARTESIAN_POINT('',(-141.020850440487,-170.22518659058,20.));
#5356=CARTESIAN_POINT('',(-141.093098010823,-170.329146061326,23.));
#5357=CARTESIAN_POINT('Origin',(-140.288717735525,-170.81107309181,23.));
#5358=CARTESIAN_POINT('',(-141.093098010823,-170.329146061326,20.));
#5359=CARTESIAN_POINT('Origin',(-189.259992602747,-129.770004263846,23.));
#5360=CARTESIAN_POINT('',(-141.020850440487,-89.2108624663667,23.));
#5361=CARTESIAN_POINT('',(-141.020850440487,-150.049575162586,23.));
#5362=CARTESIAN_POINT('',(-237.499134765007,-89.2108624663667,23.));
#5363=CARTESIAN_POINT('',(-165.140421521617,-89.2108624663668,23.));
#5364=CARTESIAN_POINT('',(-237.499134765007,-170.329146061326,23.));
#5365=CARTESIAN_POINT('',(-237.499134765007,-109.490433365106,23.));
#5366=CARTESIAN_POINT('',(-213.379563683877,-170.329146061326,23.));
#5367=CARTESIAN_POINT('Origin',(-141.020850440487,-170.329146061326,23.));
#5368=CARTESIAN_POINT('',(-141.020850440487,-89.2108624663667,23.));
#5369=CARTESIAN_POINT('Origin',(-237.499134765007,-89.2108624663667,23.));
#5370=CARTESIAN_POINT('',(-237.499134765007,-170.329146061326,23.));
#5371=CARTESIAN_POINT('',(-237.499134765007,-89.2108624663667,23.));
#5372=CARTESIAN_POINT('Origin',(-237.499134765007,-170.329146061326,23.));
#5373=CARTESIAN_POINT('Origin',(-141.020850440487,-89.2108624663667,23.));
#5374=CARTESIAN_POINT('Origin',(33.3604581900067,-84.6810922032286,5.40000014901161));
#5375=CARTESIAN_POINT('',(44.0000006556511,-90.4801417112358,5.40000014901161));
#5376=CARTESIAN_POINT('',(43.124991917797,-86.1810922032286,5.40000014901161));
#5377=CARTESIAN_POINT('Origin',(44.6043907567786,-88.1185545551776,5.40000014901161));
#5378=CARTESIAN_POINT('',(44.0000006556511,-88.5377757475798,5.40000014901161));
#5379=CARTESIAN_POINT('',(44.0000006556511,-84.6810922032286,5.40000014901161));
#5380=CARTESIAN_POINT('',(44.0000006556511,-87.6993333627755,5.40000014901161));
#5381=CARTESIAN_POINT('Origin',(44.6043907567786,-88.1185545551776,5.40000014901161));
#5382=CARTESIAN_POINT('',(44.0000006556511,-84.6810922032286,5.40000014901161));
#5383=CARTESIAN_POINT('',(44.0000006556511,-84.6810922032286,5.40000014901161));
#5384=CARTESIAN_POINT('',(33.3604581900067,-84.6810922032286,5.40000014901161));
#5385=CARTESIAN_POINT('',(40.9346890063289,-84.6810922032286,5.40000014901161));
#5386=CARTESIAN_POINT('',(33.3604581900067,-86.1810922032286,5.40000014901161));
#5387=CARTESIAN_POINT('',(33.3604581900067,-84.6810922032286,5.40000014901161));
#5388=CARTESIAN_POINT('',(40.9346890063289,-86.1810922032286,5.40000014901161));
#5389=CARTESIAN_POINT('Origin',(44.0000006556511,-84.6810922032286,5.40000014901161));
#5390=CARTESIAN_POINT('',(44.0000006556511,-87.6993333627755,10.0000001490116));
#5391=CARTESIAN_POINT('',(44.0000006556511,-87.6993333627755,3.));
#5392=CARTESIAN_POINT('',(44.0000006556511,-84.6810922032286,10.0000001490116));
#5393=CARTESIAN_POINT('',(44.0000006556511,-84.6810922032286,10.0000001490116));
#5394=CARTESIAN_POINT('',(44.0000006556511,-84.6810922032286,4.20000007450581));
#5395=CARTESIAN_POINT('Origin',(44.0000006556511,-84.6810922032286,5.40000014901161));
#5396=CARTESIAN_POINT('',(44.0000006556511,-90.4801417112358,10.0000001490116));
#5397=CARTESIAN_POINT('',(44.0000006556511,-90.4801417112358,3.));
#5398=CARTESIAN_POINT('',(44.0000006556511,-88.5377757475798,10.0000001490116));
#5399=CARTESIAN_POINT('',(44.0000006556511,-84.6810922032286,10.0000001490116));
#5400=CARTESIAN_POINT('',(44.0000006556511,-88.5377757475798,3.));
#5401=CARTESIAN_POINT('Origin',(33.3604581900067,-84.6810922032286,10.0000001490116));
#5402=CARTESIAN_POINT('',(33.3604581900067,-86.1810922032286,10.0000001490116));
#5403=CARTESIAN_POINT('',(33.3604581900067,-86.1810922032286,6.50000007450581));
#5404=CARTESIAN_POINT('',(33.3604581900067,-84.6810922032286,10.0000001490116));
#5405=CARTESIAN_POINT('',(33.3604581900067,-84.6810922032286,6.50000007450581));
#5406=CARTESIAN_POINT('',(33.3604581900067,-84.6810922032286,10.0000001490116));
#5407=CARTESIAN_POINT('Origin',(44.0000006556511,-84.6810922032286,10.0000001490116));
#5408=CARTESIAN_POINT('',(43.124991917797,-86.1810922032286,10.0000001490116));
#5409=CARTESIAN_POINT('Origin',(44.6043907567786,-88.1185545551776,10.0000001490116));
#5410=CARTESIAN_POINT('',(46.2544602391511,-86.1810922032286,10.0000001490116));
#5411=CARTESIAN_POINT('',(46.2544602391511,-84.6810922032286,10.0000001490116));
#5412=CARTESIAN_POINT('Origin',(44.6043907567786,-88.1185545551776,10.0000001490116));
#5413=CARTESIAN_POINT('Origin',(44.6043907567786,-88.1185545551776,3.));
#5414=CARTESIAN_POINT('',(43.124991917797,-86.1810922032286,4.5));
#5415=CARTESIAN_POINT('',(43.124991917797,-86.1810922032286,3.));
#5416=CARTESIAN_POINT('',(47.0089198226511,-88.5193303795162,4.5));
#5417=CARTESIAN_POINT('Origin',(44.6043907567786,-88.1185545551776,4.5));
#5418=CARTESIAN_POINT('',(47.0089198226511,-88.5193303795162,23.));
#5419=CARTESIAN_POINT('',(47.0089198226511,-88.5193303795162,3.));
#5420=CARTESIAN_POINT('',(43.124991917797,-86.1810922032286,23.));
#5421=CARTESIAN_POINT('Origin',(44.6043907567786,-88.1185545551776,23.));
#5422=CARTESIAN_POINT('',(43.124991917797,-86.1810922032286,3.));
#5423=CARTESIAN_POINT('Origin',(-55.028905028145,-172.858916324464,3.));
#5424=CARTESIAN_POINT('',(-57.8573321528912,-173.858916324464,14.8525007054559));
#5425=CARTESIAN_POINT('',(-58.028905028145,-172.858916324464,14.8525007054559));
#5426=CARTESIAN_POINT('Origin',(-55.028905028145,-172.858916324464,14.8525007054559));
#5427=CARTESIAN_POINT('',(-58.028905028145,-172.858916324464,10.9795007054559));
#5428=CARTESIAN_POINT('',(-58.028905028145,-172.858916324464,3.));
#5429=CARTESIAN_POINT('',(-57.8573321528912,-173.858916324464,10.9795007054559));
#5430=CARTESIAN_POINT('Origin',(-55.028905028145,-172.858916324464,10.9795007054559));
#5431=CARTESIAN_POINT('',(-56.000000834465,-175.69739706862,11.0000001639128));
#5432=CARTESIAN_POINT('Ctrl Pts',(-57.8573321528912,-173.858916324464,10.9795007054559));
#5433=CARTESIAN_POINT('Ctrl Pts',(-57.8392109305239,-173.910170881341,10.9800753472588));
#5434=CARTESIAN_POINT('Ctrl Pts',(-57.8196996855983,-173.960923889111,10.9806126311411));
#5435=CARTESIAN_POINT('Ctrl Pts',(-57.653656492517,-174.36009463147,10.9846635223428));
#5436=CARTESIAN_POINT('Ctrl Pts',(-57.4438368218701,-174.678525596339,10.9869962271057));
#5437=CARTESIAN_POINT('Ctrl Pts',(-56.9689227372407,-175.167256352367,10.9913491513352));
#5438=CARTESIAN_POINT('Ctrl Pts',(-56.7256201653947,-175.351556962618,10.9932286806745));
#5439=CARTESIAN_POINT('Ctrl Pts',(-56.3117633774515,-175.575948210313,10.9968465354132));
#5440=CARTESIAN_POINT('Ctrl Pts',(-56.1582833219247,-175.643245755422,10.9982625975383));
#5441=CARTESIAN_POINT('Ctrl Pts',(-56.000000834465,-175.69739706862,11.0000001639128));
#5442=CARTESIAN_POINT('',(-55.028905028145,-175.858916324464,11.0000001639128));
#5443=CARTESIAN_POINT('Origin',(-55.028905028145,-172.858916324464,11.0000001639128));
#5444=CARTESIAN_POINT('',(-55.028905028145,-175.858916324464,14.8524862330282));
#5445=CARTESIAN_POINT('',(-55.028905028145,-175.858916324464,3.));
#5446=CARTESIAN_POINT('',(-56.000000834465,-175.69739706862,14.8524862330282));
#5447=CARTESIAN_POINT('Origin',(-55.028905028145,-172.858916324464,14.8524862330282));
#5448=CARTESIAN_POINT('Ctrl Pts',(-56.000000834465,-175.69739706862,14.8524862330282));
#5449=CARTESIAN_POINT('Ctrl Pts',(-56.0535261946695,-175.679085070932,14.8524866478553));
#5450=CARTESIAN_POINT('Ctrl Pts',(-56.106522914694,-175.659262730106,14.8524870358559));
#5451=CARTESIAN_POINT('Ctrl Pts',(-56.5082686398726,-175.495903414926,14.8524898567502));
#5452=CARTESIAN_POINT('Ctrl Pts',(-56.8277129340251,-175.289247110328,14.8524915019266));
#5453=CARTESIAN_POINT('Ctrl Pts',(-57.321033495773,-174.818283986162,14.8524945764691));
#5454=CARTESIAN_POINT('Ctrl Pts',(-57.5081981580381,-174.575331228233,14.852495910715));
#5455=CARTESIAN_POINT('Ctrl Pts',(-57.7349987967719,-174.164335067589,14.8524984831967));
#5456=CARTESIAN_POINT('Ctrl Pts',(-57.8024975605892,-174.014011972705,14.8524994778376));
#5457=CARTESIAN_POINT('Ctrl Pts',(-57.8573321528912,-173.858916324464,14.8525007054559));
#5458=CARTESIAN_POINT('Origin',(47.5089198226511,-174.858916324464,14.8524862330282));
#5459=CARTESIAN_POINT('',(46.5089198226511,-175.858916324464,14.8524862330282));
#5460=CARTESIAN_POINT('',(-56.514452931305,-175.858916324464,14.8524862330282));
#5461=CARTESIAN_POINT('',(47.5089198226511,-175.68734344921,14.8524862330282));
#5462=CARTESIAN_POINT('Origin',(46.5089198226511,-172.858916324464,14.8524862330282));
#5463=CARTESIAN_POINT('',(47.5089198226511,-174.858916324464,14.8524862330282));
#5464=CARTESIAN_POINT('',(47.5089198226511,-174.858916324464,14.8524862330282));
#5465=CARTESIAN_POINT('',(-56.000000834465,-174.858916324464,14.8524862330282));
#5466=CARTESIAN_POINT('',(-4.75999260274695,-174.858916324464,14.8524862330282));
#5467=CARTESIAN_POINT('',(-56.000000834465,-174.858916324464,14.8524862330282));
#5468=CARTESIAN_POINT('Origin',(-57.028905028145,-175.858916324464,3.));
#5469=CARTESIAN_POINT('',(46.5089198226511,-175.858916324464,11.0000001639128));
#5470=CARTESIAN_POINT('',(-4.75999260274695,-175.858916324464,11.0000001639128));
#5471=CARTESIAN_POINT('',(46.5089198226511,-175.858916324464,3.));
#5472=CARTESIAN_POINT('Origin',(48.5089198226511,-173.858916324464,11.0000001639128));
#5473=CARTESIAN_POINT('',(-56.000000834465,-174.858916324464,11.0000001639128));
#5474=CARTESIAN_POINT('',(-56.000000834465,-174.858916324464,11.0000001639128));
#5475=CARTESIAN_POINT('',(47.5089198226511,-174.858916324464,11.0000001639128));
#5476=CARTESIAN_POINT('',(-56.514452931305,-174.858916324464,11.0000001639128));
#5477=CARTESIAN_POINT('',(48.5089198226511,-173.858916324464,11.0000001639128));
#5478=CARTESIAN_POINT('Origin',(47.5089198226511,-173.858916324464,11.0000001639128));
#5479=CARTESIAN_POINT('',(48.5089198226511,-85.6810922032285,11.0000001639128));
#5480=CARTESIAN_POINT('',(48.5089198226511,-174.358916324464,11.0000001639128));
#5481=CARTESIAN_POINT('',(49.3373469473973,-85.6810922032285,11.0000001639128));
#5482=CARTESIAN_POINT('',(48.5089198226511,-85.6810922032285,11.0000001639128));
#5483=CARTESIAN_POINT('',(49.5089198226511,-86.6810922032286,11.0000001639128));
#5484=CARTESIAN_POINT('Origin',(46.5089198226511,-86.6810922032286,11.0000001639128));
#5485=CARTESIAN_POINT('',(49.5089198226511,-172.858916324464,11.0000001639128));
#5486=CARTESIAN_POINT('',(49.5089198226511,-174.358916324464,11.0000001639128));
#5487=CARTESIAN_POINT('Origin',(46.5089198226511,-172.858916324464,11.0000001639128));
#5488=CARTESIAN_POINT('Ctrl Pts',(-57.028905028145,-173.858916324464,10.9795007054559));
#5489=CARTESIAN_POINT('Ctrl Pts',(-56.685936963585,-174.192249657797,10.9863338582749));
#5490=CARTESIAN_POINT('Ctrl Pts',(-56.342968899025,-174.525582991131,10.9931670110938));
#5491=CARTESIAN_POINT('Ctrl Pts',(-56.000000834465,-174.858916324464,11.0000001639128));
#5492=CARTESIAN_POINT('Ctrl Pts',(-57.4505930351392,-173.858916324464,10.9795007054559));
#5493=CARTESIAN_POINT('Ctrl Pts',(-56.9670623015811,-174.332812326795,10.9863338582749));
#5494=CARTESIAN_POINT('Ctrl Pts',(-56.4835315680231,-174.806708329127,10.9931670110938));
#5495=CARTESIAN_POINT('Ctrl Pts',(-56.000000834465,-175.280604331458,11.0000001639128));
#5496=CARTESIAN_POINT('Ctrl Pts',(-57.8722810421334,-173.858916324464,10.9795007054559));
#5497=CARTESIAN_POINT('Ctrl Pts',(-57.2481876395773,-174.473374995793,10.9863338582749));
#5498=CARTESIAN_POINT('Ctrl Pts',(-56.6240942370212,-175.087833667123,10.9931670110938));
#5499=CARTESIAN_POINT('Ctrl Pts',(-56.000000834465,-175.702292338452,11.0000001639128));
#5500=CARTESIAN_POINT('Ctrl Pts',(-58.2939690491276,-173.858916324464,10.9795007054559));
#5501=CARTESIAN_POINT('Ctrl Pts',(-57.5293129775734,-174.613937664791,10.9863338582749));
#5502=CARTESIAN_POINT('Ctrl Pts',(-56.7646569060192,-175.368959005119,10.9931670110938));
#5503=CARTESIAN_POINT('Ctrl Pts',(-56.000000834465,-176.123980345446,11.0000001639128));
#5504=CARTESIAN_POINT('',(-57.028905028145,-173.858916324464,10.9795007054559));
#5505=CARTESIAN_POINT('',(-57.028905028145,-173.858916324464,10.9795007054559));
#5506=CARTESIAN_POINT('',(-56.028905028145,-174.858916324464,10.9994396055146));
#5507=CARTESIAN_POINT('Ctrl Pts',(-56.028905028145,-174.858916324464,10.9994396055146));
#5508=CARTESIAN_POINT('Ctrl Pts',(-56.1250526809789,-174.858916324464,10.997624581543));
#5509=CARTESIAN_POINT('Ctrl Pts',(-56.2207609411199,-174.845049015893,10.9962598092194));
#5510=CARTESIAN_POINT('Ctrl Pts',(-56.4097142743414,-174.789049622862,10.9937620893351));
#5511=CARTESIAN_POINT('Ctrl Pts',(-56.5014898175418,-174.745949514422,10.9926746986346));
#5512=CARTESIAN_POINT('Ctrl Pts',(-56.6294317190639,-174.660285810069,10.9910786094671));
#5513=CARTESIAN_POINT('Ctrl Pts',(-56.6711716933517,-174.627238462986,10.9905437509748));
#5514=CARTESIAN_POINT('Ctrl Pts',(-56.7453956321923,-174.558178236234,10.9895250175064));
#5515=CARTESIAN_POINT('Ctrl Pts',(-56.778281664784,-174.522814401207,10.9890424830485));
#5516=CARTESIAN_POINT('Ctrl Pts',(-56.8578535535806,-174.423767875253,10.9877471433954));
#5517=CARTESIAN_POINT('Ctrl Pts',(-56.8997816059553,-174.35669814243,10.98692521841));
#5518=CARTESIAN_POINT('Ctrl Pts',(-56.9697044262151,-174.208406569374,10.9850512803511));
#5519=CARTESIAN_POINT('Ctrl Pts',(-56.9960296934662,-174.127087902255,10.9839996350978));
#5520=CARTESIAN_POINT('Ctrl Pts',(-57.0231579532173,-173.982582796643,10.9818036593949));
#5521=CARTESIAN_POINT('Ctrl Pts',(-57.028905028145,-173.920813529014,10.9807695646292));
#5522=CARTESIAN_POINT('Ctrl Pts',(-57.028905028145,-173.858916324464,10.9795007054559));
#5523=CARTESIAN_POINT('Ctrl Pts',(-56.000000834465,-174.858916324464,11.0000001639128));
#5524=CARTESIAN_POINT('Ctrl Pts',(-56.0095705466917,-174.858916324464,10.9998095009536));
#5525=CARTESIAN_POINT('Ctrl Pts',(-56.0192101182328,-174.858911486969,10.9996226182719));
#5526=CARTESIAN_POINT('Ctrl Pts',(-56.0289050281361,-174.858916324473,10.9994396055148));
#5527=CARTESIAN_POINT('Ctrl Pts',(-58.2926419111501,-173.858916324464,14.8525007054559));
#5528=CARTESIAN_POINT('Ctrl Pts',(-57.5284282189217,-174.613495285465,14.8524958813133));
#5529=CARTESIAN_POINT('Ctrl Pts',(-56.7642145266934,-175.368074246467,14.8524910571708));
#5530=CARTESIAN_POINT('Ctrl Pts',(-56.000000834465,-176.122653207469,14.8524862330282));
#5531=CARTESIAN_POINT('Ctrl Pts',(-57.8713962834817,-173.858916324464,14.8525007054559));
#5532=CARTESIAN_POINT('Ctrl Pts',(-57.2475978004762,-174.473080076243,14.8524958813133));
#5533=CARTESIAN_POINT('Ctrl Pts',(-56.6237993174706,-175.087243828022,14.8524910571708));
#5534=CARTESIAN_POINT('Ctrl Pts',(-56.000000834465,-175.701407579801,14.8524862330282));
#5535=CARTESIAN_POINT('Ctrl Pts',(-57.4501506558134,-173.858916324464,14.8525007054559));
#5536=CARTESIAN_POINT('Ctrl Pts',(-56.9667673820306,-174.33266486702,14.8524958813133));
#5537=CARTESIAN_POINT('Ctrl Pts',(-56.4833841082478,-174.806413409576,14.8524910571708));
#5538=CARTESIAN_POINT('Ctrl Pts',(-56.000000834465,-175.280161952132,14.8524862330282));
#5539=CARTESIAN_POINT('Ctrl Pts',(-57.028905028145,-173.858916324464,14.8525007054559));
#5540=CARTESIAN_POINT('Ctrl Pts',(-56.685936963585,-174.192249657797,14.8524958813133));
#5541=CARTESIAN_POINT('Ctrl Pts',(-56.342968899025,-174.52558299113,14.8524910571708));
#5542=CARTESIAN_POINT('Ctrl Pts',(-56.000000834465,-174.858916324464,14.8524862330282));
#5543=CARTESIAN_POINT('',(-56.028905028145,-174.858916324464,14.8524866287772));
#5544=CARTESIAN_POINT('Ctrl Pts',(-56.0289050281361,-174.858916324473,14.8524866287772));
#5545=CARTESIAN_POINT('Ctrl Pts',(-56.0192101317159,-174.858911484497,14.8524864995721));
#5546=CARTESIAN_POINT('Ctrl Pts',(-56.0095705579254,-174.858916324464,14.8524863676346));
#5547=CARTESIAN_POINT('Ctrl Pts',(-56.000000834465,-174.858916324464,14.8524862330282));
#5548=CARTESIAN_POINT('',(-57.028905028145,-173.858916324464,14.8525007054559));
#5549=CARTESIAN_POINT('Ctrl Pts',(-57.028905028145,-173.858916324464,14.8525007054559));
#5550=CARTESIAN_POINT('Ctrl Pts',(-57.028905028145,-173.962606158274,14.8524992048123));
#5551=CARTESIAN_POINT('Ctrl Pts',(-57.0127776556912,-174.065667949375,14.852498148902));
#5552=CARTESIAN_POINT('Ctrl Pts',(-56.9505158851111,-174.259738078902,14.8524963025697));
#5553=CARTESIAN_POINT('Ctrl Pts',(-56.9057843316621,-174.34994314407,14.8524955353671));
#5554=CARTESIAN_POINT('Ctrl Pts',(-56.8179983088173,-174.475477094588,14.8524944098988));
#5555=CARTESIAN_POINT('Ctrl Pts',(-56.784178015051,-174.516470964101,14.8524940321661));
#5556=CARTESIAN_POINT('Ctrl Pts',(-56.7136882731436,-174.589259747895,14.8524933129673));
#5557=CARTESIAN_POINT('Ctrl Pts',(-56.677644766917,-174.621455739916,14.852492972353));
#5558=CARTESIAN_POINT('Ctrl Pts',(-56.5767449539572,-174.699233670014,14.8524920576197));
#5559=CARTESIAN_POINT('Ctrl Pts',(-56.5085586995806,-174.739935155718,14.8524914777614));
#5560=CARTESIAN_POINT('Ctrl Pts',(-56.3575630809477,-174.807291437073,14.8524901545745));
#5561=CARTESIAN_POINT('Ctrl Pts',(-56.2746231860477,-174.832083348548,14.8524894105024));
#5562=CARTESIAN_POINT('Ctrl Pts',(-56.1364141289384,-174.854576175218,14.8524879594779));
#5563=CARTESIAN_POINT('Ctrl Pts',(-56.0826955427291,-174.858916324464,14.8524873456604));
#5564=CARTESIAN_POINT('Ctrl Pts',(-56.028905028145,-174.858916324464,14.8524866287772));
#5565=CARTESIAN_POINT('',(-57.028905028145,-173.858916324464,14.8525007054559));
#5566=CARTESIAN_POINT('Origin',(-57.028905028145,-174.858916324464,3.));
#5567=CARTESIAN_POINT('',(47.5089198226511,-174.858916324464,22.));
#5568=CARTESIAN_POINT('',(47.5089198226511,-174.858916324464,3.));
#5569=CARTESIAN_POINT('',(-56.028905028145,-174.858916324464,22.));
#5570=CARTESIAN_POINT('',(-30.644448815446,-174.858916324464,22.));
#5571=CARTESIAN_POINT('',(-56.028905028145,-174.858916324464,3.));
#5572=CARTESIAN_POINT('Origin',(-57.028905028145,-174.858916324464,3.));
#5573=CARTESIAN_POINT('',(-56.028905028145,-174.858916324464,4.));
#5574=CARTESIAN_POINT('',(-56.028905028145,-174.858916324464,3.));
#5575=CARTESIAN_POINT('',(47.5089198226511,-174.858916324464,4.));
#5576=CARTESIAN_POINT('',(-30.644448815446,-174.858916324464,4.));
#5577=CARTESIAN_POINT('',(47.5089198226511,-174.858916324464,3.));
#5578=CARTESIAN_POINT('Origin',(-56.028905028145,-173.858916324464,3.));
#5579=CARTESIAN_POINT('',(-57.028905028145,-173.858916324464,22.));
#5580=CARTESIAN_POINT('Origin',(-56.028905028145,-173.858916324464,22.));
#5581=CARTESIAN_POINT('',(-57.028905028145,-173.858916324464,3.));
#5582=CARTESIAN_POINT('Origin',(-56.028905028145,-173.858916324464,3.));
#5583=CARTESIAN_POINT('',(-57.028905028145,-173.858916324464,4.));
#5584=CARTESIAN_POINT('',(-57.028905028145,-173.858916324464,3.));
#5585=CARTESIAN_POINT('Origin',(-56.028905028145,-173.858916324464,4.));
#5586=CARTESIAN_POINT('Origin',(-55.028905028145,-86.6810922032286,3.));
#5587=CARTESIAN_POINT('',(-56.028905028145,-83.8526650784824,14.8524862330282));
#5588=CARTESIAN_POINT('',(-55.028905028145,-83.6810922032286,14.8524862330282));
#5589=CARTESIAN_POINT('Origin',(-55.028905028145,-86.6810922032286,14.8524862330282));
#5590=CARTESIAN_POINT('',(-55.028905028145,-83.6810922032286,10.9795653658303));
#5591=CARTESIAN_POINT('',(-55.028905028145,-83.6810922032286,3.));
#5592=CARTESIAN_POINT('',(-56.028905028145,-83.8526650784824,10.9795653658303));
#5593=CARTESIAN_POINT('Origin',(-55.028905028145,-86.6810922032286,10.9795653658303));
#5594=CARTESIAN_POINT('',(-57.8573321528912,-85.6810922032286,10.9795007054559));
#5595=CARTESIAN_POINT('Ctrl Pts',(-56.028905028145,-83.8526650784824,10.9795653658303));
#5596=CARTESIAN_POINT('Ctrl Pts',(-56.0568046238516,-83.8625290751406,10.9795643791909));
#5597=CARTESIAN_POINT('Ctrl Pts',(-56.0845567534889,-83.8728053372332,10.9795634268882));
#5598=CARTESIAN_POINT('Ctrl Pts',(-56.4794645168909,-84.0257158667152,10.979550218857));
#5599=CARTESIAN_POINT('Ctrl Pts',(-56.8151960526908,-84.2388983749736,10.9795425043773));
#5600=CARTESIAN_POINT('Ctrl Pts',(-57.3204334509967,-84.7210848554026,10.9795282475264));
#5601=CARTESIAN_POINT('Ctrl Pts',(-57.5074369929861,-84.963649157448,10.9795222374389));
#5602=CARTESIAN_POINT('Ctrl Pts',(-57.7345421411456,-85.3746570466088,10.9795106835991));
#5603=CARTESIAN_POINT('Ctrl Pts',(-57.8023119930094,-85.5254716906109,10.9795062088093));
#5604=CARTESIAN_POINT('Ctrl Pts',(-57.8573321528912,-85.6810922032286,10.9795007054559));
#5605=CARTESIAN_POINT('',(-58.028905028145,-86.6810922032286,10.9795007054559));
#5606=CARTESIAN_POINT('Origin',(-55.028905028145,-86.6810922032286,10.9795007054559));
#5607=CARTESIAN_POINT('',(-58.028905028145,-86.6810922032286,14.8525007054559));
#5608=CARTESIAN_POINT('',(-58.028905028145,-86.6810922032286,3.));
#5609=CARTESIAN_POINT('',(-57.8573321528912,-85.6810922032286,14.8525007054559));
#5610=CARTESIAN_POINT('Origin',(-55.028905028145,-86.6810922032286,14.8525007054559));
#5611=CARTESIAN_POINT('Ctrl Pts',(-57.8573321528912,-85.6810922032286,14.8525007054559));
#5612=CARTESIAN_POINT('Ctrl Pts',(-57.8474681562228,-85.6531926074933,14.8525004846241));
#5613=CARTESIAN_POINT('Ctrl Pts',(-57.8371918941197,-85.6254404778288,14.8525002714776));
#5614=CARTESIAN_POINT('Ctrl Pts',(-57.6842813645738,-85.2305327142957,14.8524973152269));
#5615=CARTESIAN_POINT('Ctrl Pts',(-57.4710988562811,-84.8948011785562,14.852495588555));
#5616=CARTESIAN_POINT('Ctrl Pts',(-56.9889123759789,-84.3895637803867,14.8524923975552));
#5617=CARTESIAN_POINT('Ctrl Pts',(-56.7463480739361,-84.2025602383918,14.8524910523642));
#5618=CARTESIAN_POINT('Ctrl Pts',(-56.3353401847808,-83.9754550902377,14.8524884663582));
#5619=CARTESIAN_POINT('Ctrl Pts',(-56.1845255407915,-83.9076852383744,14.8524874648009));
#5620=CARTESIAN_POINT('Ctrl Pts',(-56.028905028145,-83.8526650784824,14.8524862330282));
#5621=CARTESIAN_POINT('Origin',(-57.028905028145,-173.858916324464,14.8525007054559));
#5622=CARTESIAN_POINT('',(-57.028905028145,-85.6810922032286,14.8525007054559));
#5623=CARTESIAN_POINT('',(-57.028905028145,-129.270004263846,14.8525007054559));
#5624=CARTESIAN_POINT('',(-57.028905028145,-85.6810922032286,14.8525007054559));
#5625=CARTESIAN_POINT('',(-58.028905028145,-129.270043660266,14.8525007054559));
#5626=CARTESIAN_POINT('Origin',(-58.028905028145,-84.6810922032286,3.));
#5627=CARTESIAN_POINT('',(-58.028905028145,-85.1810922032286,10.9795007054559));
#5628=CARTESIAN_POINT('Origin',(-57.028905028145,-85.6810922032286,10.9795007054559));
#5629=CARTESIAN_POINT('',(-57.028905028145,-85.6810922032286,10.9795007054559));
#5630=CARTESIAN_POINT('',(-57.028905028145,-85.6810922032286,10.9795007054559));
#5631=CARTESIAN_POINT('',(-57.028905028145,-85.1810922032286,10.9795007054559));
#5632=CARTESIAN_POINT('Ctrl Pts',(-56.028905028145,-84.6810922032286,10.9795653658303));
#5633=CARTESIAN_POINT('Ctrl Pts',(-56.3622383614783,-85.0144255365619,10.9795438123722));
#5634=CARTESIAN_POINT('Ctrl Pts',(-56.6955716948117,-85.3477588698952,10.979522258914));
#5635=CARTESIAN_POINT('Ctrl Pts',(-57.028905028145,-85.6810922032286,10.9795007054559));
#5636=CARTESIAN_POINT('Ctrl Pts',(-56.028905028145,-84.2639136130027,10.9795653658303));
#5637=CARTESIAN_POINT('Ctrl Pts',(-56.5012978915536,-84.7363064764113,10.9795438123722));
#5638=CARTESIAN_POINT('Ctrl Pts',(-56.9736907549623,-85.2086993398199,10.979522258914));
#5639=CARTESIAN_POINT('Ctrl Pts',(-57.4460836183709,-85.6810922032286,10.9795007054559));
#5640=CARTESIAN_POINT('Ctrl Pts',(-56.028905028145,-83.8467350227768,10.9795653658303));
#5641=CARTESIAN_POINT('Ctrl Pts',(-56.6403574216289,-84.4581874162607,10.9795438123722));
#5642=CARTESIAN_POINT('Ctrl Pts',(-57.2518098151129,-85.0696398097446,10.979522258914));
#5643=CARTESIAN_POINT('Ctrl Pts',(-57.8632622085968,-85.6810922032286,10.9795007054559));
#5644=CARTESIAN_POINT('Ctrl Pts',(-56.028905028145,-83.4295564325509,10.9795653658303));
#5645=CARTESIAN_POINT('Ctrl Pts',(-56.7794169517042,-84.1800683561101,10.9795438123722));
#5646=CARTESIAN_POINT('Ctrl Pts',(-57.5299288752635,-84.9305802796693,10.979522258914));
#5647=CARTESIAN_POINT('Ctrl Pts',(-58.2804407988227,-85.6810922032286,10.9795007054559));
#5648=CARTESIAN_POINT('',(-56.028905028145,-84.6810922032286,10.9795653658303));
#5649=CARTESIAN_POINT('',(-56.028905028145,-84.6810922032286,10.9795653658303));
#5650=CARTESIAN_POINT('Ctrl Pts',(-57.028905028145,-85.6810922032285,10.9795007054559));
#5651=CARTESIAN_POINT('Ctrl Pts',(-57.028905028145,-85.5777051312275,10.9795073905027));
#5652=CARTESIAN_POINT('Ctrl Pts',(-57.012871698153,-85.4749406109125,10.9795121439642));
#5653=CARTESIAN_POINT('Ctrl Pts',(-56.9513058017846,-85.2824421911804,10.9795204133869));
#5654=CARTESIAN_POINT('Ctrl Pts',(-56.9074764579652,-85.1933860806227,10.9795238470102));
#5655=CARTESIAN_POINT('Ctrl Pts',(-56.8208966472474,-85.0682229878565,10.9795289307198));
#5656=CARTESIAN_POINT('Ctrl Pts',(-56.786997618926,-85.0267566442971,10.9795306625093));
#5657=CARTESIAN_POINT('Ctrl Pts',(-56.7155243102944,-84.9523796780745,10.9795339987595));
#5658=CARTESIAN_POINT('Ctrl Pts',(-56.6784807920382,-84.9191740252736,10.9795355983772));
#5659=CARTESIAN_POINT('Ctrl Pts',(-56.570091531932,-84.8356870570027,10.9795400961309));
#5660=CARTESIAN_POINT('Ctrl Pts',(-56.4944048001003,-84.7917651230984,10.9795430355057));
#5661=CARTESIAN_POINT('Ctrl Pts',(-56.291989500879,-84.7073049078259,10.9795513252875));
#5662=CARTESIAN_POINT('Ctrl Pts',(-56.1610985846823,-84.6810922032286,10.9795568181454));
#5663=CARTESIAN_POINT('Ctrl Pts',(-56.028905028145,-84.6810922032286,10.9795653658303));
#5664=CARTESIAN_POINT('Ctrl Pts',(-56.028905028145,-83.4295564325528,14.8524862330282));
#5665=CARTESIAN_POINT('Ctrl Pts',(-56.7794169517036,-84.1800683561114,14.8524910571708));
#5666=CARTESIAN_POINT('Ctrl Pts',(-57.5299288752622,-84.93058027967,14.8524958813133));
#5667=CARTESIAN_POINT('Ctrl Pts',(-58.2804407988208,-85.6810922032286,14.8525007054559));
#5668=CARTESIAN_POINT('Ctrl Pts',(-56.028905028145,-83.846735022778,14.8524862330282));
#5669=CARTESIAN_POINT('Ctrl Pts',(-56.6403574216285,-84.4581874162615,14.8524910571708));
#5670=CARTESIAN_POINT('Ctrl Pts',(-57.251809815112,-85.0696398097451,14.8524958813133));
#5671=CARTESIAN_POINT('Ctrl Pts',(-57.8632622085955,-85.6810922032286,14.8525007054559));
#5672=CARTESIAN_POINT('Ctrl Pts',(-56.028905028145,-84.2639136130033,14.8524862330282));
#5673=CARTESIAN_POINT('Ctrl Pts',(-56.5012978915534,-84.7363064764117,14.8524910571708));
#5674=CARTESIAN_POINT('Ctrl Pts',(-56.9736907549618,-85.2086993398201,14.8524958813133));
#5675=CARTESIAN_POINT('Ctrl Pts',(-57.4460836183702,-85.6810922032286,14.8525007054559));
#5676=CARTESIAN_POINT('Ctrl Pts',(-56.028905028145,-84.6810922032286,14.8524862330282));
#5677=CARTESIAN_POINT('Ctrl Pts',(-56.3622383614783,-85.0144255365619,14.8524910571708));
#5678=CARTESIAN_POINT('Ctrl Pts',(-56.6955716948117,-85.3477588698952,14.8524958813133));
#5679=CARTESIAN_POINT('Ctrl Pts',(-57.028905028145,-85.6810922032286,14.8525007054559));
#5680=CARTESIAN_POINT('',(-56.028905028145,-84.6810922032286,14.8524862330282));
#5681=CARTESIAN_POINT('Ctrl Pts',(-56.028905028145,-84.6810922032286,14.8524862330282));
#5682=CARTESIAN_POINT('Ctrl Pts',(-56.1322921002568,-84.6810922032286,14.8524877292901));
#5683=CARTESIAN_POINT('Ctrl Pts',(-56.2350566205491,-84.6971255332487,14.8524887932204));
#5684=CARTESIAN_POINT('Ctrl Pts',(-56.4275550402085,-84.7586914295939,14.8524906441008));
#5685=CARTESIAN_POINT('Ctrl Pts',(-56.5166111507631,-84.8025207734169,14.8524914126219));
#5686=CARTESIAN_POINT('Ctrl Pts',(-56.6417742435173,-84.8891005841263,14.852492550469));
#5687=CARTESIAN_POINT('Ctrl Pts',(-56.6832405870767,-84.9229996124478,14.852492938082));
#5688=CARTESIAN_POINT('Ctrl Pts',(-56.7576175532984,-84.9944729210786,14.8524936848089));
#5689=CARTESIAN_POINT('Ctrl Pts',(-56.7908232060993,-85.0315164393346,14.8524940428388));
#5690=CARTESIAN_POINT('Ctrl Pts',(-56.8743101743653,-85.1399056994343,14.852495049536));
#5691=CARTESIAN_POINT('Ctrl Pts',(-56.9182321082712,-85.2155924312643,14.8524957074334));
#5692=CARTESIAN_POINT('Ctrl Pts',(-57.0026923234891,-85.4180077303535,14.8524975628706));
#5693=CARTESIAN_POINT('Ctrl Pts',(-57.028905028145,-85.5488986465139,14.8524987922942));
#5694=CARTESIAN_POINT('Ctrl Pts',(-57.028905028145,-85.6810922032286,14.8525007054559));
#5695=CARTESIAN_POINT('',(-56.028905028145,-84.6810922032286,14.8524862330282));
#5696=CARTESIAN_POINT('Origin',(-56.028905028145,-85.6810922032286,3.));
#5697=CARTESIAN_POINT('',(-56.028905028145,-84.6810922032286,4.));
#5698=CARTESIAN_POINT('',(-56.028905028145,-84.6810922032286,3.));
#5699=CARTESIAN_POINT('',(-57.028905028145,-85.6810922032286,4.));
#5700=CARTESIAN_POINT('Origin',(-56.028905028145,-85.6810922032286,4.));
#5701=CARTESIAN_POINT('',(-57.028905028145,-85.6810922032286,3.));
#5702=CARTESIAN_POINT('Origin',(46.5089198226511,-86.6810922032286,3.));
#5703=CARTESIAN_POINT('',(47.5089198226511,-83.8526650784824,10.9795653658303));
#5704=CARTESIAN_POINT('',(46.5089198226511,-83.6810922032286,10.9795653658303));
#5705=CARTESIAN_POINT('Origin',(46.5089198226511,-86.6810922032286,10.9795653658303));
#5706=CARTESIAN_POINT('',(46.5089198226511,-83.6810922032286,14.8524862330282));
#5707=CARTESIAN_POINT('',(46.5089198226511,-83.6810922032286,3.));
#5708=CARTESIAN_POINT('',(47.5089198226511,-83.8526650784824,14.8524862330282));
#5709=CARTESIAN_POINT('Origin',(46.5089198226511,-86.6810922032286,14.8524862330282));
#5710=CARTESIAN_POINT('',(49.3373469473973,-85.6810922032286,14.8525007054559));
#5711=CARTESIAN_POINT('Ctrl Pts',(47.5089198226511,-83.8526650784824,14.8524862330282));
#5712=CARTESIAN_POINT('Ctrl Pts',(47.536819112162,-83.8625289668841,14.8524864538576));
#5713=CARTESIAN_POINT('Ctrl Pts',(47.5645709389152,-83.8728051116974,14.8524866670018));
#5714=CARTESIAN_POINT('Ctrl Pts',(47.9594784993831,-84.0257154151552,14.8524896232527));
#5715=CARTESIAN_POINT('Ctrl Pts',(48.2952101453036,-84.2388978529585,14.852491349925));
#5716=CARTESIAN_POINT('Ctrl Pts',(48.8004471515751,-84.7210836970762,14.8524945409217));
#5717=CARTESIAN_POINT('Ctrl Pts',(48.9874503707964,-84.9636472506014,14.8524958861094));
#5718=CARTESIAN_POINT('Ctrl Pts',(49.2145560773253,-85.3746551370939,14.8524984721131));
#5719=CARTESIAN_POINT('Ctrl Pts',(49.2823264386823,-85.5254707039618,14.8524994736754));
#5720=CARTESIAN_POINT('Ctrl Pts',(49.3373469473973,-85.6810922032286,14.8525007054559));
#5721=CARTESIAN_POINT('',(49.5089198226511,-86.6810922032286,14.8525007054559));
#5722=CARTESIAN_POINT('Origin',(46.5089198226511,-86.6810922032286,14.8525007054559));
#5723=CARTESIAN_POINT('',(49.5089198226511,-86.6810922032286,3.));
#5724=CARTESIAN_POINT('Ctrl Pts',(49.3373469473973,-85.6810922032285,11.0000001639128));
#5725=CARTESIAN_POINT('Ctrl Pts',(49.3274827754169,-85.6531921116362,10.9996883479643));
#5726=CARTESIAN_POINT('Ctrl Pts',(49.3172062796757,-85.6254393692753,10.9993873826031));
#5727=CARTESIAN_POINT('Ctrl Pts',(49.1643009294014,-85.2305457315644,10.9952133657684));
#5728=CARTESIAN_POINT('Ctrl Pts',(48.9511231860351,-84.8948111630953,10.9927752843654));
#5729=CARTESIAN_POINT('Ctrl Pts',(48.4689266022332,-84.3895631900265,10.9882695577411));
#5730=CARTESIAN_POINT('Ctrl Pts',(48.226363354374,-84.2025610823573,10.9863701794604));
#5731=CARTESIAN_POINT('Ctrl Pts',(47.8153555181357,-83.9754550760547,10.982718792734));
#5732=CARTESIAN_POINT('Ctrl Pts',(47.664538456037,-83.9076845739555,10.9813045849154));
#5733=CARTESIAN_POINT('Ctrl Pts',(47.5089198226511,-83.8526650784824,10.9795653658303));
#5734=CARTESIAN_POINT('Origin',(49.5089198226511,-174.858916324464,3.));
#5735=CARTESIAN_POINT('',(49.5089198226511,-172.858916324464,14.8525007054559));
#5736=CARTESIAN_POINT('',(49.5089198226511,-130.270004263846,14.8525007054559));
#5737=CARTESIAN_POINT('',(49.5089198226511,-172.858916324464,3.));
#5738=CARTESIAN_POINT('Origin',(48.5089198226511,-85.6810922032285,14.8525007054559));
#5739=CARTESIAN_POINT('',(48.5089198226511,-85.6810922032285,14.8525007054559));
#5740=CARTESIAN_POINT('',(-57.028905028145,-85.6810922032286,14.8525007054559));
#5741=CARTESIAN_POINT('',(48.5089198226511,-173.858916324464,14.8525007054559));
#5742=CARTESIAN_POINT('',(48.5089198226511,-130.270004263846,14.8525007054559));
#5743=CARTESIAN_POINT('',(49.3373469473973,-173.858916324464,14.8525007054559));
#5744=CARTESIAN_POINT('',(48.5089198226511,-173.858916324464,14.8525007054559));
#5745=CARTESIAN_POINT('Origin',(46.5089198226511,-172.858916324464,14.8525007054559));
#5746=CARTESIAN_POINT('Ctrl Pts',(47.5089198226511,-84.6810922032286,14.8524862330282));
#5747=CARTESIAN_POINT('Ctrl Pts',(47.8422531559844,-85.0144255365619,14.8524910571708));
#5748=CARTESIAN_POINT('Ctrl Pts',(48.1755864893178,-85.3477588698952,14.8524958813133));
#5749=CARTESIAN_POINT('Ctrl Pts',(48.5089198226511,-85.6810922032286,14.8525007054559));
#5750=CARTESIAN_POINT('Ctrl Pts',(47.5089198226511,-84.2639135915364,14.8524862330282));
#5751=CARTESIAN_POINT('Ctrl Pts',(47.9813126932151,-84.7363064621005,14.8524910571708));
#5752=CARTESIAN_POINT('Ctrl Pts',(48.4537055637792,-85.2086993326645,14.8524958813133));
#5753=CARTESIAN_POINT('Ctrl Pts',(48.9260984343432,-85.6810922032286,14.8525007054559));
#5754=CARTESIAN_POINT('Ctrl Pts',(47.5089198226511,-83.8467349798444,14.8524862330282));
#5755=CARTESIAN_POINT('Ctrl Pts',(48.1203722304458,-84.4581873876391,14.8524910571708));
#5756=CARTESIAN_POINT('Ctrl Pts',(48.7318246382406,-85.0696397954338,14.8524958813133));
#5757=CARTESIAN_POINT('Ctrl Pts',(49.3432770460353,-85.6810922032286,14.8525007054559));
#5758=CARTESIAN_POINT('Ctrl Pts',(47.5089198226511,-83.4295563681522,14.8524862330282));
#5759=CARTESIAN_POINT('Ctrl Pts',(48.2594317676766,-84.1800683131777,14.8524910571708));
#5760=CARTESIAN_POINT('Ctrl Pts',(49.009943712702,-84.9305802582031,14.8524958813133));
#5761=CARTESIAN_POINT('Ctrl Pts',(49.7604556577274,-85.6810922032286,14.8525007054559));
#5762=CARTESIAN_POINT('',(47.5089198226511,-84.6810922032286,14.8524862330282));
#5763=CARTESIAN_POINT('',(47.5089198226511,-84.6810922032286,14.8524862330282));
#5764=CARTESIAN_POINT('Ctrl Pts',(48.5089198226511,-85.6810922032285,14.8525007054559));
#5765=CARTESIAN_POINT('Ctrl Pts',(48.5089198226511,-85.5777051311169,14.852499209194));
#5766=CARTESIAN_POINT('Ctrl Pts',(48.4928864926311,-85.4749406108247,14.8524981452637));
#5767=CARTESIAN_POINT('Ctrl Pts',(48.4313205962858,-85.2824421911651,14.8524962943833));
#5768=CARTESIAN_POINT('Ctrl Pts',(48.3874912524628,-85.1933860806105,14.8524955258621));
#5769=CARTESIAN_POINT('Ctrl Pts',(48.3009114417533,-85.0682229878563,14.852494388015));
#5770=CARTESIAN_POINT('Ctrl Pts',(48.2670124134319,-85.0267566442969,14.8524940004021));
#5771=CARTESIAN_POINT('Ctrl Pts',(48.1955391048011,-84.9523796780751,14.8524932536752));
#5772=CARTESIAN_POINT('Ctrl Pts',(48.1584955865451,-84.9191740252742,14.8524928956452));
#5773=CARTESIAN_POINT('Ctrl Pts',(48.0501063264453,-84.8356870570082,14.8524918889481));
#5774=CARTESIAN_POINT('Ctrl Pts',(47.9744195946154,-84.7917651231023,14.8524912310507));
#5775=CARTESIAN_POINT('Ctrl Pts',(47.7720042955261,-84.7073049078844,14.8524893756135));
#5776=CARTESIAN_POINT('Ctrl Pts',(47.6411133793658,-84.6810922032286,14.8524881461899));
#5777=CARTESIAN_POINT('Ctrl Pts',(47.5089198226511,-84.6810922032286,14.8524862330282));
#5778=CARTESIAN_POINT('Ctrl Pts',(47.5089198226511,-83.4295564104444,10.9795653658303));
#5779=CARTESIAN_POINT('Ctrl Pts',(48.2594317535792,-84.1800683413725,10.9863769651911));
#5780=CARTESIAN_POINT('Ctrl Pts',(49.0099436845072,-84.9305802723006,10.9931885645519));
#5781=CARTESIAN_POINT('Ctrl Pts',(49.7604556154353,-85.6810922032286,11.0000001639128));
#5782=CARTESIAN_POINT('Ctrl Pts',(47.5089198226511,-83.8467350080391,10.9795653658303));
#5783=CARTESIAN_POINT('Ctrl Pts',(48.1203722210476,-84.4581874064356,10.9863769651911));
#5784=CARTESIAN_POINT('Ctrl Pts',(48.7318246194441,-85.0696398048321,10.9931885645519));
#5785=CARTESIAN_POINT('Ctrl Pts',(49.3432770178406,-85.6810922032286,11.0000001639128));
#5786=CARTESIAN_POINT('Ctrl Pts',(47.5089198226511,-84.2639136056339,10.9795653658303));
#5787=CARTESIAN_POINT('Ctrl Pts',(47.981312688516,-84.7363064714988,10.9863769651911));
#5788=CARTESIAN_POINT('Ctrl Pts',(48.4537055543809,-85.2086993373637,10.9931885645519));
#5789=CARTESIAN_POINT('Ctrl Pts',(48.9260984202458,-85.6810922032286,11.0000001639128));
#5790=CARTESIAN_POINT('Ctrl Pts',(47.5089198226511,-84.6810922032286,10.9795653658303));
#5791=CARTESIAN_POINT('Ctrl Pts',(47.8422531559844,-85.0144255365619,10.9863769651911));
#5792=CARTESIAN_POINT('Ctrl Pts',(48.1755864893178,-85.3477588698952,10.9931885645519));
#5793=CARTESIAN_POINT('Ctrl Pts',(48.5089198226511,-85.6810922032286,11.0000001639128));
#5794=CARTESIAN_POINT('',(47.5089198226511,-84.6810922032286,10.9795653658303));
#5795=CARTESIAN_POINT('Ctrl Pts',(47.5089198226511,-84.6810922032286,10.9795653658303));
#5796=CARTESIAN_POINT('Ctrl Pts',(47.6122952792185,-84.6810922032286,10.9816778224119));
#5797=CARTESIAN_POINT('Ctrl Pts',(47.7150621961199,-84.6971225847984,10.983180184303));
#5798=CARTESIAN_POINT('Ctrl Pts',(47.9075682535974,-84.7586909239123,10.9857936966554));
#5799=CARTESIAN_POINT('Ctrl Pts',(47.9966247054588,-84.8025199074428,10.9868788397036));
#5800=CARTESIAN_POINT('Ctrl Pts',(48.1217890085145,-84.8891005682384,10.9884854741595));
#5801=CARTESIAN_POINT('Ctrl Pts',(48.1632553553385,-84.9229995835141,10.9890327763964));
#5802=CARTESIAN_POINT('Ctrl Pts',(48.2376324162863,-84.9944729903372,10.9900871422403));
#5803=CARTESIAN_POINT('Ctrl Pts',(48.2708380643521,-85.0315165172369,10.9905926738984));
#5804=CARTESIAN_POINT('Ctrl Pts',(48.3543255253019,-85.1399064303575,10.9920141200337));
#5805=CARTESIAN_POINT('Ctrl Pts',(48.3982473023886,-85.2155933491841,10.9929430610977));
#5806=CARTESIAN_POINT('Ctrl Pts',(48.4827132736738,-85.4180225432593,10.9955630839298));
#5807=CARTESIAN_POINT('Ctrl Pts',(48.5089198226511,-85.5489172719718,10.997299195881));
#5808=CARTESIAN_POINT('Ctrl Pts',(48.5089198226511,-85.6810922032286,11.0000001639128));
#5809=CARTESIAN_POINT('',(47.5089198226511,-84.6810922032286,10.9795653658303));
#5810=CARTESIAN_POINT('Origin',(47.5089198226511,-85.6810922032285,3.));
#5811=CARTESIAN_POINT('',(48.5089198226511,-85.6810922032285,4.));
#5812=CARTESIAN_POINT('',(48.5089198226511,-85.6810922032285,3.));
#5813=CARTESIAN_POINT('',(47.5089198226511,-84.6810922032286,4.));
#5814=CARTESIAN_POINT('Origin',(47.5089198226511,-85.6810922032285,4.));
#5815=CARTESIAN_POINT('',(47.5089198226511,-84.6810922032286,3.));
#5816=CARTESIAN_POINT('Origin',(47.5089198226511,-85.6810922032285,3.));
#5817=CARTESIAN_POINT('',(47.5089198226511,-84.6810922032286,22.));
#5818=CARTESIAN_POINT('',(47.5089198226511,-84.6810922032286,3.));
#5819=CARTESIAN_POINT('',(48.5089198226511,-85.6810922032285,22.));
#5820=CARTESIAN_POINT('Origin',(47.5089198226511,-85.6810922032285,22.));
#5821=CARTESIAN_POINT('',(48.5089198226511,-85.6810922032285,3.));
#5822=CARTESIAN_POINT('Origin',(46.5089198226511,-172.858916324464,3.));
#5823=CARTESIAN_POINT('Ctrl Pts',(49.3373469473973,-173.858916324464,14.8525007054559));
#5824=CARTESIAN_POINT('Ctrl Pts',(49.3160238985933,-173.919227014083,14.8525002280827));
#5825=CARTESIAN_POINT('Ctrl Pts',(49.2927651858581,-173.978874523693,14.8524997861713));
#5826=CARTESIAN_POINT('Ctrl Pts',(49.1527547272518,-174.306519696657,14.8524974681891));
#5827=CARTESIAN_POINT('Ctrl Pts',(48.9992497411668,-174.557055135904,14.8524960656145));
#5828=CARTESIAN_POINT('Ctrl Pts',(48.5913415377439,-175.045703024731,14.8524931056287));
#5829=CARTESIAN_POINT('Ctrl Pts',(48.3268725238206,-175.270049719418,14.8524916439318));
#5830=CARTESIAN_POINT('Ctrl Pts',(47.8642981768681,-175.542193901816,14.8524887901303));
#5831=CARTESIAN_POINT('Ctrl Pts',(47.6897260534206,-175.623418793281,14.8524876641517));
#5832=CARTESIAN_POINT('Ctrl Pts',(47.5089198226511,-175.68734344921,14.8524862330282));
#5833=CARTESIAN_POINT('Ctrl Pts',(47.5089198198209,-176.128124742654,14.8524862330282));
#5834=CARTESIAN_POINT('Ctrl Pts',(48.2653226258896,-175.371721936585,14.8524910571707));
#5835=CARTESIAN_POINT('Ctrl Pts',(49.0217254319582,-174.615319130517,14.8524958813133));
#5836=CARTESIAN_POINT('Ctrl Pts',(49.7781282380268,-173.858916324448,14.8525007054559));
#5837=CARTESIAN_POINT('Ctrl Pts',(47.5089198203486,-175.70505527034,14.8524862330282));
#5838=CARTESIAN_POINT('Ctrl Pts',(48.1242994689781,-175.08967562171,14.8524910571707));
#5839=CARTESIAN_POINT('Ctrl Pts',(48.7396791176077,-174.47429597308,14.8524958813133));
#5840=CARTESIAN_POINT('Ctrl Pts',(49.3550587662372,-173.858916324451,14.8525007054559));
#5841=CARTESIAN_POINT('Ctrl Pts',(47.5089198208762,-175.281985798025,14.8524862330282));
#5842=CARTESIAN_POINT('Ctrl Pts',(47.9832763120667,-174.807629306835,14.8524910571707));
#5843=CARTESIAN_POINT('Ctrl Pts',(48.4576328032572,-174.333272815644,14.8524958813133));
#5844=CARTESIAN_POINT('Ctrl Pts',(48.9319892944477,-173.858916324454,14.8525007054559));
#5845=CARTESIAN_POINT('Ctrl Pts',(47.5089198214039,-174.858916325711,14.8524862330282));
#5846=CARTESIAN_POINT('Ctrl Pts',(47.8422531551553,-174.52558299196,14.8524910571707));
#5847=CARTESIAN_POINT('Ctrl Pts',(48.1755864889067,-174.192249658208,14.8524958813133));
#5848=CARTESIAN_POINT('Ctrl Pts',(48.5089198226581,-173.858916324457,14.8525007054559));
#5849=CARTESIAN_POINT('Ctrl Pts',(47.5089198226511,-174.858916324464,14.8524862330282));
#5850=CARTESIAN_POINT('Ctrl Pts',(47.6123068947629,-174.858916324464,14.8524877292901));
#5851=CARTESIAN_POINT('Ctrl Pts',(47.7150714150552,-174.842882994444,14.8524887932204));
#5852=CARTESIAN_POINT('Ctrl Pts',(47.9075698347146,-174.781317098098,14.8524906441008));
#5853=CARTESIAN_POINT('Ctrl Pts',(47.9966259452692,-174.737487754276,14.852491412622));
#5854=CARTESIAN_POINT('Ctrl Pts',(48.1217890380234,-174.650907943566,14.852492550469));
#5855=CARTESIAN_POINT('Ctrl Pts',(48.1632553815828,-174.617008915245,14.852492938082));
#5856=CARTESIAN_POINT('Ctrl Pts',(48.2376323478045,-174.545535606614,14.8524936848089));
#5857=CARTESIAN_POINT('Ctrl Pts',(48.2708380006054,-174.508492088358,14.8524940428388));
#5858=CARTESIAN_POINT('Ctrl Pts',(48.3543249688714,-174.400102828258,14.852495049536));
#5859=CARTESIAN_POINT('Ctrl Pts',(48.3982469027774,-174.324416096428,14.8524957074334));
#5860=CARTESIAN_POINT('Ctrl Pts',(48.4827071179952,-174.122000797339,14.8524975628706));
#5861=CARTESIAN_POINT('Ctrl Pts',(48.5089198226511,-173.991109881178,14.8524987922942));
#5862=CARTESIAN_POINT('Ctrl Pts',(48.5089198226511,-173.858916324464,14.8525007054559));
#5863=CARTESIAN_POINT('Origin',(47.5089198226511,-173.858916324464,3.));
#5864=CARTESIAN_POINT('',(48.5089198226511,-173.858916324464,4.));
#5865=CARTESIAN_POINT('Origin',(47.5089198226511,-173.858916324464,4.));
#5866=CARTESIAN_POINT('',(48.5089198226511,-173.858916324464,3.));
#5867=CARTESIAN_POINT('Origin',(-57.028905028145,-84.6810922032286,3.));
#5868=CARTESIAN_POINT('',(-57.028905028145,-85.6810922032286,22.));
#5869=CARTESIAN_POINT('',(-57.028905028145,-107.225548233537,22.));
#5870=CARTESIAN_POINT('',(-57.028905028145,-85.6810922032286,3.));
#5871=CARTESIAN_POINT('Origin',(-57.028905028145,-84.6810922032286,3.));
#5872=CARTESIAN_POINT('',(-57.028905028145,-107.225548233537,4.));
#5873=CARTESIAN_POINT('Origin',(48.5089198226511,-174.858916324464,3.));
#5874=CARTESIAN_POINT('',(48.5089198226511,-173.858916324464,22.));
#5875=CARTESIAN_POINT('',(48.5089198226511,-152.314460294155,22.));
#5876=CARTESIAN_POINT('',(48.5089198226511,-173.858916324464,3.));
#5877=CARTESIAN_POINT('Origin',(47.5089198226511,-84.6810922032286,10.9795653658303));
#5878=CARTESIAN_POINT('',(48.0089198226511,-83.6810922032286,10.9795653658303));
#5879=CARTESIAN_POINT('',(48.0089198226511,-84.6810922032286,10.9795653658303));
#5880=CARTESIAN_POINT('Origin',(48.5089198226511,-84.6810922032286,3.));
#5881=CARTESIAN_POINT('',(22.1244636099521,-84.6810922032286,4.));
#5882=CARTESIAN_POINT('Origin',(48.5089198226511,-84.6810922032286,3.));
#5883=CARTESIAN_POINT('',(-3.75999260274695,-84.6810922032286,14.8524862330282));
#5884=CARTESIAN_POINT('',(-56.028905028145,-84.6810922032286,22.));
#5885=CARTESIAN_POINT('',(-56.028905028145,-84.6810922032286,3.));
#5886=CARTESIAN_POINT('',(22.1244636099521,-84.6810922032286,22.));
#5887=CARTESIAN_POINT('Origin',(47.5089198226511,-85.6810922032285,22.));
#5888=CARTESIAN_POINT('',(47.5089198226511,-85.6810922032285,23.));
#5889=CARTESIAN_POINT('Origin',(47.5089198226511,-85.6810922032285,22.));
#5890=CARTESIAN_POINT('Origin',(47.5089198226511,-85.6810922032285,22.));
#5891=CARTESIAN_POINT('Origin',(-56.028905028145,-85.6810922032286,22.));
#5892=CARTESIAN_POINT('',(-56.028905028145,-85.6810922032285,23.));
#5893=CARTESIAN_POINT('Origin',(-56.028905028145,-85.6810922032285,22.));
#5894=CARTESIAN_POINT('Origin',(-56.028905028145,-85.6810922032286,22.));
#5895=CARTESIAN_POINT('Origin',(-56.028905028145,-85.6810922032285,22.));
#5896=CARTESIAN_POINT('Origin',(47.5089198226511,-85.6810922032285,4.));
#5897=CARTESIAN_POINT('',(47.5089198226511,-85.6810922032285,3.));
#5898=CARTESIAN_POINT('Origin',(47.5089198226511,-85.6810922032285,4.));
#5899=CARTESIAN_POINT('Origin',(47.5089198226511,-85.6810922032285,4.));
#5900=CARTESIAN_POINT('Origin',(47.5089198226511,-173.858916324464,22.));
#5901=CARTESIAN_POINT('',(47.5089198226511,-173.858916324464,23.));
#5902=CARTESIAN_POINT('Origin',(47.5089198226511,-173.858916324464,22.));
#5903=CARTESIAN_POINT('Origin',(47.5089198226511,-173.858916324464,22.));
#5904=CARTESIAN_POINT('Origin',(47.5089198226511,-173.858916324464,22.));
#5905=CARTESIAN_POINT('Origin',(-56.028905028145,-85.6810922032285,4.));
#5906=CARTESIAN_POINT('',(-56.028905028145,-85.6810922032285,3.));
#5907=CARTESIAN_POINT('Origin',(-56.028905028145,-85.6810922032285,4.));
#5908=CARTESIAN_POINT('Origin',(-56.028905028145,-85.6810922032286,4.));
#5909=CARTESIAN_POINT('Origin',(22.1244636099521,-85.6810922032285,4.));
#5910=CARTESIAN_POINT('',(22.1244636099521,-85.6810922032285,3.));
#5911=CARTESIAN_POINT('Origin',(-56.028905028145,-173.858916324464,22.));
#5912=CARTESIAN_POINT('',(-56.028905028145,-173.858916324464,23.));
#5913=CARTESIAN_POINT('Origin',(-56.028905028145,-173.858916324464,22.));
#5914=CARTESIAN_POINT('Origin',(-56.028905028145,-173.858916324464,22.));
#5915=CARTESIAN_POINT('Origin',(47.5089198226511,-173.858916324464,4.));
#5916=CARTESIAN_POINT('',(47.5089198226511,-173.858916324464,3.));
#5917=CARTESIAN_POINT('Origin',(47.5089198226511,-173.858916324464,4.));
#5918=CARTESIAN_POINT('Origin',(47.5089198226511,-173.858916324464,4.));
#5919=CARTESIAN_POINT('Origin',(-56.028905028145,-173.858916324464,4.));
#5920=CARTESIAN_POINT('',(-56.028905028145,-173.858916324464,3.));
#5921=CARTESIAN_POINT('Origin',(-56.028905028145,-173.858916324464,4.));
#5922=CARTESIAN_POINT('Origin',(-56.028905028145,-173.858916324464,4.));
#5923=CARTESIAN_POINT('Origin',(-30.644448815446,-173.858916324464,4.));
#5924=CARTESIAN_POINT('',(-30.644448815446,-173.858916324464,3.));
#5925=CARTESIAN_POINT('Origin',(-56.028905028145,-107.225548233537,4.));
#5926=CARTESIAN_POINT('',(-56.028905028145,-107.225548233537,3.));
#5927=CARTESIAN_POINT('Origin',(47.5089198226511,-152.314460294155,4.));
#5928=CARTESIAN_POINT('',(48.5089198226511,-152.314460294155,4.));
#5929=CARTESIAN_POINT('',(47.5089198226511,-152.314460294155,3.));
#5930=CARTESIAN_POINT('Origin',(-30.644448815446,-173.858916324464,22.));
#5931=CARTESIAN_POINT('',(-30.644448815446,-173.858916324464,23.));
#5932=CARTESIAN_POINT('Origin',(-56.028905028145,-107.225548233537,22.));
#5933=CARTESIAN_POINT('',(-56.028905028145,-107.225548233537,23.));
#5934=CARTESIAN_POINT('Origin',(-56.028905028145,-85.6810922032286,3.));
#5935=CARTESIAN_POINT('Origin',(47.5089198226511,-152.314460294155,22.));
#5936=CARTESIAN_POINT('',(47.5089198226511,-152.314460294155,23.));
#5937=CARTESIAN_POINT('Origin',(22.1244636099521,-85.6810922032285,22.));
#5938=CARTESIAN_POINT('',(22.1244636099521,-85.6810922032285,23.));
#5939=CARTESIAN_POINT('Origin',(-4.25999260274695,-129.770004263846,3.));
#5940=CARTESIAN_POINT('',(-54.0113577795344,-88.1185545551776,3.));
#5941=CARTESIAN_POINT('Origin',(-54.7469077795344,-88.1185545551776,3.));
#5942=CARTESIAN_POINT('',(45.4468322644754,-170.81107309181,3.));
#5943=CARTESIAN_POINT('Origin',(44.7112822644754,-170.81107309181,3.));
#5944=CARTESIAN_POINT('',(45.3399407567786,-88.1185545551776,3.));
#5945=CARTESIAN_POINT('Origin',(44.6043907567786,-88.1185545551776,3.));
#5946=CARTESIAN_POINT('',(-54.0113577795344,-170.81107309181,3.));
#5947=CARTESIAN_POINT('Origin',(-54.7469077795344,-170.81107309181,3.));
#5948=CARTESIAN_POINT('Origin',(-4.25999260274695,-129.770004263846,23.));
#5949=CARTESIAN_POINT('',(-54.0113577795344,-88.1185545551776,23.));
#5950=CARTESIAN_POINT('Origin',(-54.7469077795344,-88.1185545551776,23.));
#5951=CARTESIAN_POINT('',(45.4468322644754,-170.81107309181,23.));
#5952=CARTESIAN_POINT('Origin',(44.7112822644754,-170.81107309181,23.));
#5953=CARTESIAN_POINT('',(45.3399407567786,-88.1185545551776,23.));
#5954=CARTESIAN_POINT('Origin',(44.6043907567786,-88.1185545551776,23.));
#5955=CARTESIAN_POINT('',(-54.0113577795344,-170.81107309181,23.));
#5956=CARTESIAN_POINT('Origin',(-54.7469077795344,-170.81107309181,23.));
#5957=CARTESIAN_POINT('',(47.0089198226511,-171.625470378925,23.));
#5958=CARTESIAN_POINT('',(47.0089198226511,-173.358916324464,23.));
#5959=CARTESIAN_POINT('',(47.0089198226511,-152.314460294155,23.));
#5960=CARTESIAN_POINT('',(-55.528905028145,-173.358916324464,23.));
#5961=CARTESIAN_POINT('',(-30.644448815446,-173.358916324464,23.));
#5962=CARTESIAN_POINT('',(-55.528905028145,-173.119938959106,23.));
#5963=CARTESIAN_POINT('',(-55.528905028145,-107.225548233537,23.));
#5964=CARTESIAN_POINT('',(-55.528905028145,-168.502207224514,23.));
#5965=CARTESIAN_POINT('Origin',(-54.7469077795344,-170.81107309181,23.));
#5966=CARTESIAN_POINT('',(-55.528905028145,-90.4274204224738,23.));
#5967=CARTESIAN_POINT('',(-55.528905028145,-107.225548233537,23.));
#5968=CARTESIAN_POINT('',(-53.2675089405529,-86.1810922032286,23.));
#5969=CARTESIAN_POINT('Origin',(-54.7469077795344,-88.1185545551776,23.));
#5970=CARTESIAN_POINT('',(22.1244636099521,-86.1810922032286,23.));
#5971=CARTESIAN_POINT('',(47.0089198226511,-169.996675804695,23.));
#5972=CARTESIAN_POINT('',(47.0089198226511,-152.314460294155,23.));
#5973=CARTESIAN_POINT('Origin',(44.7112822644754,-170.81107309181,23.));
#5974=CARTESIAN_POINT('',(47.0089198226511,-86.1810922032285,23.));
#5975=CARTESIAN_POINT('',(47.0089198226511,-87.7177787308391,23.));
#5976=CARTESIAN_POINT('',(47.0089198226511,-152.314460294155,23.));
#5977=CARTESIAN_POINT('',(46.0837895957602,-86.1810922032286,23.));
#5978=CARTESIAN_POINT('Origin',(44.6043907567786,-88.1185545551776,23.));
#5979=CARTESIAN_POINT('',(22.1244636099521,-86.1810922032286,23.));
#5980=CARTESIAN_POINT('Origin',(-4.25999260274695,-129.770004263846,4.5));
#5981=CARTESIAN_POINT('',(47.0089198226511,-87.7177787308391,4.5));
#5982=CARTESIAN_POINT('',(47.0089198226511,-86.1810922032285,4.5));
#5983=CARTESIAN_POINT('',(47.0089198226511,-152.314460294155,4.5));
#5984=CARTESIAN_POINT('',(46.0837895957602,-86.1810922032286,4.5));
#5985=CARTESIAN_POINT('',(22.1244636099521,-86.1810922032286,4.5));
#5986=CARTESIAN_POINT('Origin',(44.6043907567786,-88.1185545551776,4.5));
#5987=CARTESIAN_POINT('Origin',(-4.25999260274695,-129.770004263846,4.5));
#5988=CARTESIAN_POINT('',(-53.2675089405529,-86.1810922032286,4.5));
#5989=CARTESIAN_POINT('',(-55.528905028145,-90.4274204224738,4.5));
#5990=CARTESIAN_POINT('Origin',(-54.7469077795344,-88.1185545551776,4.5));
#5991=CARTESIAN_POINT('',(-55.528905028145,-168.502207224514,4.5));
#5992=CARTESIAN_POINT('',(-55.528905028145,-107.225548233537,4.5));
#5993=CARTESIAN_POINT('',(-55.528905028145,-173.119938959106,4.5));
#5994=CARTESIAN_POINT('Origin',(-54.7469077795344,-170.81107309181,4.5));
#5995=CARTESIAN_POINT('',(-55.528905028145,-173.358916324464,4.5));
#5996=CARTESIAN_POINT('',(-55.528905028145,-107.225548233537,4.5));
#5997=CARTESIAN_POINT('',(47.0089198226511,-173.358916324464,4.5));
#5998=CARTESIAN_POINT('',(-30.644448815446,-173.358916324464,4.5));
#5999=CARTESIAN_POINT('',(47.0089198226511,-171.625470378925,4.5));
#6000=CARTESIAN_POINT('',(47.0089198226511,-152.314460294155,4.5));
#6001=CARTESIAN_POINT('',(47.0089198226511,-169.996675804695,4.5));
#6002=CARTESIAN_POINT('Origin',(44.7112822644754,-170.81107309181,4.5));
#6003=CARTESIAN_POINT('',(47.0089198226511,-152.314460294155,4.5));
#6004=CARTESIAN_POINT('',(22.1244636099521,-86.1810922032286,4.5));
#6005=CARTESIAN_POINT('Origin',(-56.028905028145,-84.6810922032286,14.8524862330282));
#6006=CARTESIAN_POINT('',(-3.75999260274695,-83.6810922032286,14.8524862330282));
#6007=CARTESIAN_POINT('Origin',(48.5089198226511,-83.6810922032286,3.));
#6008=CARTESIAN_POINT('Origin',(48.5089198226511,-86.1810922032286,3.));
#6009=CARTESIAN_POINT('',(47.0089198226511,-86.1810922032285,3.));
#6010=CARTESIAN_POINT('',(46.0837895957601,-86.1810922032286,3.));
#6011=CARTESIAN_POINT('Origin',(47.0089198226511,-174.858916324464,3.));
#6012=CARTESIAN_POINT('',(47.0089198226511,-169.996675804695,3.));
#6013=CARTESIAN_POINT('Origin',(-55.528905028145,-84.6810922032286,3.));
#6014=CARTESIAN_POINT('',(-55.528905028145,-90.4274204224738,3.));
#6015=CARTESIAN_POINT('',(-55.528905028145,-168.502207224514,3.));
#6016=CARTESIAN_POINT('Origin',(-54.7469077795344,-88.1185545551776,3.));
#6017=CARTESIAN_POINT('',(-53.2675089405529,-86.1810922032286,3.));
#6018=CARTESIAN_POINT('Origin',(48.5089198226511,-86.1810922032286,3.));
#6019=CARTESIAN_POINT('Origin',(47.5089198226511,-173.858916324464,3.));
#6020=CARTESIAN_POINT('Origin',(-54.7469077795344,-88.1185545551776,3.));
#6021=CARTESIAN_POINT('',(-54.0113577795344,-88.1185545551776,3.));
#6022=CARTESIAN_POINT('Origin',(44.7112822644754,-170.81107309181,3.));
#6023=CARTESIAN_POINT('',(45.4468322644754,-170.81107309181,3.));
#6024=CARTESIAN_POINT('Origin',(44.6043907567786,-88.1185545551776,3.));
#6025=CARTESIAN_POINT('',(45.3399407567786,-88.1185545551776,3.));
#6026=CARTESIAN_POINT('Origin',(-54.7469077795344,-170.81107309181,3.));
#6027=CARTESIAN_POINT('',(-54.0113577795344,-170.81107309181,3.));
#6028=CARTESIAN_POINT('Origin',(-54.7469077795344,-170.81107309181,3.));
#6029=CARTESIAN_POINT('',(-55.528905028145,-173.119938959106,3.));
#6030=CARTESIAN_POINT('Origin',(-55.528905028145,-84.6810922032286,3.));
#6031=CARTESIAN_POINT('',(-55.528905028145,-173.358916324464,3.));
#6032=CARTESIAN_POINT('Origin',(-57.028905028145,-173.358916324464,3.));
#6033=CARTESIAN_POINT('',(47.0089198226511,-173.358916324464,3.));
#6034=CARTESIAN_POINT('Origin',(47.0089198226511,-174.858916324464,3.));
#6035=CARTESIAN_POINT('',(47.0089198226511,-171.625470378925,3.));
#6036=CARTESIAN_POINT('Origin',(44.7112822644754,-170.81107309181,3.));
#6037=CARTESIAN_POINT('Origin',(44.6043907567786,-88.1185545551776,3.));
#6038=CARTESIAN_POINT('',(47.0089198226511,-87.7177787308391,3.));
#6039=CARTESIAN_POINT('Origin',(47.0089198226511,-174.858916324464,3.));
#6040=CARTESIAN_POINT('Origin',(48.5089198226511,-174.858916324464,3.));
#6041=CARTESIAN_POINT('Origin',(-141.020850440487,-170.329146061326,23.));
#6042=CARTESIAN_POINT('',(-141.020850440487,-170.22518659058,20.));
#6043=CARTESIAN_POINT('',(-141.020850440487,-89.2108624663667,20.));
#6044=CARTESIAN_POINT('',(-141.020850440487,-150.049575162586,20.));
#6045=CARTESIAN_POINT('',(-141.020850440487,-170.22518659058,23.));
#6046=CARTESIAN_POINT('',(-141.020850440487,-170.22518659058,20.));
#6047=CARTESIAN_POINT('',(-141.020850440487,-89.2108624663667,23.));
#6048=CARTESIAN_POINT('',(-141.020850440487,-150.049575162586,23.));
#6049=CARTESIAN_POINT('',(-141.020850440487,-89.2108624663667,23.));
#6050=CARTESIAN_POINT('Origin',(-237.499134765007,-89.2108624663667,23.));
#6051=CARTESIAN_POINT('',(-237.499134765007,-89.2108624663667,20.));
#6052=CARTESIAN_POINT('',(-237.499134765007,-170.329146061326,20.));
#6053=CARTESIAN_POINT('',(-237.499134765007,-109.490433365106,20.));
#6054=CARTESIAN_POINT('',(-237.499134765007,-89.2108624663667,23.));
#6055=CARTESIAN_POINT('',(-237.499134765007,-89.2108624663667,23.));
#6056=CARTESIAN_POINT('',(-237.499134765007,-170.329146061326,23.));
#6057=CARTESIAN_POINT('',(-237.499134765007,-109.490433365106,23.));
#6058=CARTESIAN_POINT('',(-237.499134765007,-170.329146061326,23.));
#6059=CARTESIAN_POINT('Origin',(-237.499134765007,-170.329146061326,23.));
#6060=CARTESIAN_POINT('',(-141.093098010823,-170.329146061326,20.));
#6061=CARTESIAN_POINT('',(-213.379563683877,-170.329146061326,20.));
#6062=CARTESIAN_POINT('',(-141.093098010823,-170.329146061326,23.));
#6063=CARTESIAN_POINT('',(-213.379563683877,-170.329146061326,23.));
#6064=CARTESIAN_POINT('',(-141.093098010823,-170.329146061326,20.));
#6065=CARTESIAN_POINT('Origin',(-141.020850440487,-89.2108624663667,23.));
#6066=CARTESIAN_POINT('',(-165.140421521617,-89.2108624663668,20.));
#6067=CARTESIAN_POINT('',(-165.140421521617,-89.2108624663668,23.));
#6068=CARTESIAN_POINT('Origin',(-189.259992602747,-129.770004263846,20.));
#6069=CARTESIAN_POINT('',(-240.828905028145,-85.8810922032285,20.));
#6070=CARTESIAN_POINT('',(-240.828905028145,-173.658916324464,20.));
#6071=CARTESIAN_POINT('',(-240.828905028145,-107.225548233537,20.));
#6072=CARTESIAN_POINT('',(-137.691080177349,-85.8810922032285,20.));
#6073=CARTESIAN_POINT('',(-162.875536390048,-85.8810922032285,20.));
#6074=CARTESIAN_POINT('',(-137.691080177349,-173.658916324464,20.));
#6075=CARTESIAN_POINT('',(-137.691080177349,-152.314460294155,20.));
#6076=CARTESIAN_POINT('',(-215.644448815446,-173.658916324464,20.));
#6077=CARTESIAN_POINT('',(-240.684607779534,-170.81107309181,20.));
#6078=CARTESIAN_POINT('Origin',(-239.746907779534,-170.81107309181,20.));
#6079=CARTESIAN_POINT('Origin',(-140.288717735525,-170.81107309181,20.));
#6080=CARTESIAN_POINT('',(-141.333309243221,-88.1185545551776,20.));
#6081=CARTESIAN_POINT('Origin',(-140.395609243221,-88.1185545551776,20.));
#6082=CARTESIAN_POINT('',(-240.684607779534,-88.1185545551776,20.));
#6083=CARTESIAN_POINT('Origin',(-239.746907779534,-88.1185545551776,20.));
#6084=CARTESIAN_POINT('Origin',(-240.828905028145,-107.225548233537,21.2));
#6085=CARTESIAN_POINT('',(-242.028905028145,-173.658916324464,21.2));
#6086=CARTESIAN_POINT('Origin',(-240.828905028145,-173.658916324464,21.2));
#6087=CARTESIAN_POINT('',(-242.028905028145,-85.8810922032285,21.2));
#6088=CARTESIAN_POINT('',(-242.028905028145,-107.225548233537,21.2));
#6089=CARTESIAN_POINT('Origin',(-240.828905028145,-85.8810922032285,21.2));
#6090=CARTESIAN_POINT('Origin',(-215.644448815446,-173.658916324464,21.2));
#6091=CARTESIAN_POINT('',(-137.691080177349,-174.858916324464,21.2));
#6092=CARTESIAN_POINT('Origin',(-137.691080177349,-173.658916324464,21.2));
#6093=CARTESIAN_POINT('',(-240.828905028145,-174.858916324464,21.2));
#6094=CARTESIAN_POINT('',(-215.644448815446,-174.858916324464,21.2));
#6095=CARTESIAN_POINT('Origin',(-240.828905028145,-173.658916324464,21.2));
#6096=CARTESIAN_POINT('Origin',(-240.828905028145,-173.658916324464,21.2));
#6097=CARTESIAN_POINT('Origin',(-240.828905028145,-173.658916324464,21.2));
#6098=CARTESIAN_POINT('Origin',(-137.691080177349,-152.314460294155,21.2));
#6099=CARTESIAN_POINT('',(-136.491080177349,-85.8810922032285,21.2));
#6100=CARTESIAN_POINT('Origin',(-137.691080177349,-85.8810922032285,21.2));
#6101=CARTESIAN_POINT('',(-136.491080177349,-173.658916324464,21.2));
#6102=CARTESIAN_POINT('',(-136.491080177349,-152.314460294155,21.2));
#6103=CARTESIAN_POINT('Origin',(-137.691080177349,-173.658916324464,21.2));
#6104=CARTESIAN_POINT('Origin',(-137.691080177349,-173.658916324464,21.2));
#6105=CARTESIAN_POINT('Origin',(-137.691080177349,-173.658916324464,21.2));
#6106=CARTESIAN_POINT('Origin',(-162.875536390048,-85.8810922032285,21.2));
#6107=CARTESIAN_POINT('',(-240.828905028145,-84.6810922032286,21.2));
#6108=CARTESIAN_POINT('Origin',(-240.828905028145,-85.8810922032285,21.2));
#6109=CARTESIAN_POINT('',(-137.691080177349,-84.6810922032286,21.2));
#6110=CARTESIAN_POINT('',(-162.875536390048,-84.6810922032286,21.2));
#6111=CARTESIAN_POINT('Origin',(-137.691080177349,-85.8810922032285,21.2));
#6112=CARTESIAN_POINT('Origin',(-137.691080177349,-85.8810922032285,21.2));
#6113=CARTESIAN_POINT('Origin',(-137.691080177349,-85.8810922032285,21.2));
#6114=CARTESIAN_POINT('Origin',(-240.828905028145,-85.8810922032285,21.2));
#6115=CARTESIAN_POINT('Origin',(-240.828905028145,-85.8810922032285,21.2));
#6116=CARTESIAN_POINT('Origin',(-137.691080177349,-173.658916324464,20.));
#6117=CARTESIAN_POINT('',(-136.491080177349,-173.658916324464,21.8));
#6118=CARTESIAN_POINT('',(-136.491080177349,-173.658916324464,20.));
#6119=CARTESIAN_POINT('',(-137.691080177349,-174.858916324464,21.8));
#6120=CARTESIAN_POINT('Origin',(-137.691080177349,-173.658916324464,21.8));
#6121=CARTESIAN_POINT('',(-137.691080177349,-174.858916324464,20.));
#6122=CARTESIAN_POINT('Origin',(-136.491080177349,-174.858916324464,20.));
#6123=CARTESIAN_POINT('',(-136.491080177349,-85.8810922032285,21.8));
#6124=CARTESIAN_POINT('',(-136.491080177349,-85.8810922032285,20.));
#6125=CARTESIAN_POINT('',(-136.491080177349,-152.314460294155,21.8));
#6126=CARTESIAN_POINT('Origin',(-137.691080177349,-85.8810922032285,20.));
#6127=CARTESIAN_POINT('',(-137.691080177349,-84.6810922032286,21.8));
#6128=CARTESIAN_POINT('',(-137.691080177349,-84.6810922032286,20.));
#6129=CARTESIAN_POINT('Origin',(-137.691080177349,-85.8810922032285,21.8));
#6130=CARTESIAN_POINT('Origin',(-136.491080177349,-84.6810922032286,20.));
#6131=CARTESIAN_POINT('',(-240.828905028145,-84.6810922032286,21.8));
#6132=CARTESIAN_POINT('',(-240.828905028145,-84.6810922032286,20.));
#6133=CARTESIAN_POINT('',(-162.875536390048,-84.6810922032286,21.8));
#6134=CARTESIAN_POINT('Origin',(-137.691080177349,-152.314460294155,21.8));
#6135=CARTESIAN_POINT('',(-137.691080177349,-173.658916324464,23.));
#6136=CARTESIAN_POINT('Origin',(-137.691080177349,-173.658916324464,21.8));
#6137=CARTESIAN_POINT('',(-137.691080177349,-85.8810922032285,23.));
#6138=CARTESIAN_POINT('Origin',(-137.691080177349,-85.8810922032285,21.8));
#6139=CARTESIAN_POINT('',(-137.691080177349,-152.314460294155,23.));
#6140=CARTESIAN_POINT('Origin',(-137.691080177349,-173.658916324464,21.8));
#6141=CARTESIAN_POINT('Origin',(-137.691080177349,-173.658916324464,21.8));
#6142=CARTESIAN_POINT('Origin',(-137.691080177349,-85.8810922032285,21.8));
#6143=CARTESIAN_POINT('Origin',(-137.691080177349,-85.8810922032285,21.8));
#6144=CARTESIAN_POINT('Origin',(-215.644448815446,-173.658916324464,21.8));
#6145=CARTESIAN_POINT('',(-240.828905028145,-173.658916324464,23.));
#6146=CARTESIAN_POINT('',(-215.644448815446,-173.658916324464,23.));
#6147=CARTESIAN_POINT('',(-240.828905028145,-174.858916324464,21.8));
#6148=CARTESIAN_POINT('Origin',(-240.828905028145,-173.658916324464,21.8));
#6149=CARTESIAN_POINT('',(-215.644448815446,-174.858916324464,21.8));
#6150=CARTESIAN_POINT('Origin',(-189.259992602747,-129.770004263846,23.));
#6151=CARTESIAN_POINT('',(-240.828905028145,-85.8810922032285,23.));
#6152=CARTESIAN_POINT('',(-162.875536390048,-85.8810922032285,23.));
#6153=CARTESIAN_POINT('',(-240.828905028145,-107.225548233537,23.));
#6154=CARTESIAN_POINT('Origin',(-140.288717735525,-170.81107309181,23.));
#6155=CARTESIAN_POINT('',(-240.684607779534,-88.1185545551776,23.));
#6156=CARTESIAN_POINT('Origin',(-239.746907779534,-88.1185545551776,23.));
#6157=CARTESIAN_POINT('',(-141.333309243221,-88.1185545551776,23.));
#6158=CARTESIAN_POINT('Origin',(-140.395609243221,-88.1185545551776,23.));
#6159=CARTESIAN_POINT('',(-240.684607779534,-170.81107309181,23.));
#6160=CARTESIAN_POINT('Origin',(-239.746907779534,-170.81107309181,23.));
#6161=CARTESIAN_POINT('Origin',(-162.875536390048,-85.8810922032285,21.8));
#6162=CARTESIAN_POINT('Origin',(-240.828905028145,-85.8810922032285,21.8));
#6163=CARTESIAN_POINT('Origin',(-240.828905028145,-173.658916324464,20.));
#6164=CARTESIAN_POINT('',(-240.828905028145,-174.858916324464,20.));
#6165=CARTESIAN_POINT('',(-242.028905028145,-173.658916324464,21.8));
#6166=CARTESIAN_POINT('Origin',(-240.828905028145,-173.658916324464,21.8));
#6167=CARTESIAN_POINT('',(-242.028905028145,-173.658916324464,20.));
#6168=CARTESIAN_POINT('Origin',(-240.828905028145,-173.658916324464,21.8));
#6169=CARTESIAN_POINT('Origin',(-240.828905028145,-173.658916324464,21.8));
#6170=CARTESIAN_POINT('Origin',(-242.028905028145,-84.6810922032286,20.));
#6171=CARTESIAN_POINT('',(-242.028905028145,-85.8810922032285,21.8));
#6172=CARTESIAN_POINT('',(-242.028905028145,-107.225548233537,21.8));
#6173=CARTESIAN_POINT('',(-242.028905028145,-85.8810922032285,20.));
#6174=CARTESIAN_POINT('Origin',(-240.828905028145,-107.225548233537,21.8));
#6175=CARTESIAN_POINT('Origin',(-240.828905028145,-85.8810922032285,21.8));
#6176=CARTESIAN_POINT('Origin',(-240.828905028145,-85.8810922032285,20.));
#6177=CARTESIAN_POINT('Origin',(-240.828905028145,-85.8810922032285,21.8));
#6178=CARTESIAN_POINT('Origin',(-240.828905028145,-85.8810922032285,21.8));
#6179=CARTESIAN_POINT('Origin',(-239.746907779534,-170.81107309181,20.));
#6180=CARTESIAN_POINT('',(-240.684607779534,-170.81107309181,20.));
#6181=CARTESIAN_POINT('Origin',(-140.288717735525,-170.81107309181,20.));
#6182=CARTESIAN_POINT('Origin',(-140.395609243221,-88.1185545551776,20.));
#6183=CARTESIAN_POINT('',(-141.333309243221,-88.1185545551776,20.));
#6184=CARTESIAN_POINT('Origin',(-239.746907779534,-88.1185545551776,20.));
#6185=CARTESIAN_POINT('',(-240.684607779534,-88.1185545551776,20.));
#6186=CARTESIAN_POINT('Origin',(-242.028905028145,-174.858916324464,20.));
#6187=CARTESIAN_POINT('',(187.475,-107.365,1.595));
#6188=CARTESIAN_POINT('',(178.055,-94.795,1.595));
#6189=CARTESIAN_POINT('',(179.435,-122.035,1.595));
#6190=CARTESIAN_POINT('',(0.,0.,0.));
#6191=CARTESIAN_POINT('',(0.,0.,0.));
#6192=CARTESIAN_POINT('',(-140.395609243221,-88.1185545551776,23.));
#6193=CARTESIAN_POINT('',(-239.746907779534,-88.1185545551776,23.));
#6194=CARTESIAN_POINT('',(-239.746907779534,-170.81107309181,23.));
#6195=CARTESIAN_POINT('',(-140.288717735525,-170.81107309181,23.));
#6196=UNCERTAINTY_MEASURE_WITH_UNIT(LENGTH_MEASURE(0.01),#6210,
'DISTANCE_ACCURACY_VALUE',
'Maximum model space distance between geometric entities at asserted c
onnectivities');
#6197=UNCERTAINTY_MEASURE_WITH_UNIT(LENGTH_MEASURE(0.01),#6210,
'DISTANCE_ACCURACY_VALUE',
'Maximum model space distance between geometric entities at asserted c
onnectivities');
#6198=UNCERTAINTY_MEASURE_WITH_UNIT(LENGTH_MEASURE(0.01),#6210,
'DISTANCE_ACCURACY_VALUE',
'Maximum model space distance between geometric entities at asserted c
onnectivities');
#6199=UNCERTAINTY_MEASURE_WITH_UNIT(LENGTH_MEASURE(0.01),#6210,
'DISTANCE_ACCURACY_VALUE',
'Maximum model space distance between geometric entities at asserted c
onnectivities');
#6200=UNCERTAINTY_MEASURE_WITH_UNIT(LENGTH_MEASURE(0.01),#6210,
'DISTANCE_ACCURACY_VALUE',
'Maximum model space distance between geometric entities at asserted c
onnectivities');
#6201=UNCERTAINTY_MEASURE_WITH_UNIT(LENGTH_MEASURE(0.01),#6210,
'DISTANCE_ACCURACY_VALUE',
'Maximum model space distance between geometric entities at asserted c
onnectivities');
#6202=UNCERTAINTY_MEASURE_WITH_UNIT(LENGTH_MEASURE(0.01),#6210,
'DISTANCE_ACCURACY_VALUE',
'Maximum model space distance between geometric entities at asserted c
onnectivities');
#6203=(
GEOMETRIC_REPRESENTATION_CONTEXT(3)
GLOBAL_UNCERTAINTY_ASSIGNED_CONTEXT((#6196))
GLOBAL_UNIT_ASSIGNED_CONTEXT((#6210,#6212,#6213))
REPRESENTATION_CONTEXT('','3D')
);
#6204=(
GEOMETRIC_REPRESENTATION_CONTEXT(3)
GLOBAL_UNCERTAINTY_ASSIGNED_CONTEXT((#6197))
GLOBAL_UNIT_ASSIGNED_CONTEXT((#6210,#6212,#6213))
REPRESENTATION_CONTEXT('','3D')
);
#6205=(
GEOMETRIC_REPRESENTATION_CONTEXT(3)
GLOBAL_UNCERTAINTY_ASSIGNED_CONTEXT((#6198))
GLOBAL_UNIT_ASSIGNED_CONTEXT((#6210,#6212,#6213))
REPRESENTATION_CONTEXT('','3D')
);
#6206=(
GEOMETRIC_REPRESENTATION_CONTEXT(3)
GLOBAL_UNCERTAINTY_ASSIGNED_CONTEXT((#6199))
GLOBAL_UNIT_ASSIGNED_CONTEXT((#6210,#6212,#6213))
REPRESENTATION_CONTEXT('','3D')
);
#6207=(
GEOMETRIC_REPRESENTATION_CONTEXT(3)
GLOBAL_UNCERTAINTY_ASSIGNED_CONTEXT((#6200))
GLOBAL_UNIT_ASSIGNED_CONTEXT((#6210,#6212,#6213))
REPRESENTATION_CONTEXT('','3D')
);
#6208=(
GEOMETRIC_REPRESENTATION_CONTEXT(3)
GLOBAL_UNCERTAINTY_ASSIGNED_CONTEXT((#6201))
GLOBAL_UNIT_ASSIGNED_CONTEXT((#6210,#6212,#6213))
REPRESENTATION_CONTEXT('','3D')
);
#6209=(
GEOMETRIC_REPRESENTATION_CONTEXT(3)
GLOBAL_UNCERTAINTY_ASSIGNED_CONTEXT((#6202))
GLOBAL_UNIT_ASSIGNED_CONTEXT((#6210,#6212,#6213))
REPRESENTATION_CONTEXT('','3D')
);
#6210=(
LENGTH_UNIT()
NAMED_UNIT(*)
SI_UNIT(.MILLI.,.METRE.)
);
#6211=(
LENGTH_UNIT()
NAMED_UNIT(*)
SI_UNIT($,.METRE.)
);
#6212=(
NAMED_UNIT(*)
PLANE_ANGLE_UNIT()
SI_UNIT($,.RADIAN.)
);
#6213=(
NAMED_UNIT(*)
SI_UNIT($,.STERADIAN.)
SOLID_ANGLE_UNIT()
);
#6214=SHAPE_DEFINITION_REPRESENTATION(#6220,#6235);
#6215=SHAPE_DEFINITION_REPRESENTATION(#6221,#6236);
#6216=SHAPE_DEFINITION_REPRESENTATION(#6222,#6237);
#6217=SHAPE_DEFINITION_REPRESENTATION(#6223,#6238);
#6218=SHAPE_DEFINITION_REPRESENTATION(#6224,#6239);
#6219=SHAPE_DEFINITION_REPRESENTATION(#6225,#6240);
#6220=PRODUCT_DEFINITION_SHAPE('',$,#6242);
#6221=PRODUCT_DEFINITION_SHAPE('',$,#6243);
#6222=PRODUCT_DEFINITION_SHAPE('',$,#6244);
#6223=PRODUCT_DEFINITION_SHAPE('',$,#6245);
#6224=PRODUCT_DEFINITION_SHAPE('',$,#6246);
#6225=PRODUCT_DEFINITION_SHAPE('',$,#6247);
#6226=PRODUCT_DEFINITION_SHAPE($,$,#38);
#6227=PRODUCT_DEFINITION_SHAPE($,$,#39);
#6228=PRODUCT_DEFINITION_SHAPE($,$,#40);
#6229=PRODUCT_DEFINITION_SHAPE($,$,#41);
#6230=PRODUCT_DEFINITION_SHAPE($,$,#42);
#6231=PRODUCT_DEFINITION_SHAPE($,$,#43);
#6232=PRODUCT_DEFINITION_SHAPE($,$,#44);
#6233=PRODUCT_DEFINITION_SHAPE($,$,#45);
#6234=PRODUCT_DEFINITION_SHAPE($,$,#46);
#6235=SHAPE_REPRESENTATION('',(#3561,#3904,#3905,#3906,#3907,#3908,#3909,
#3910,#3911,#3912),#6203);
#6236=SHAPE_REPRESENTATION('',(#3562),#6204);
#6237=SHAPE_REPRESENTATION('',(#3563),#6205);
#6238=SHAPE_REPRESENTATION('',(#3564),#6206);
#6239=SHAPE_REPRESENTATION('',(#3565),#6207);
#6240=SHAPE_REPRESENTATION('',(#3645),#6208);
#6241=PRODUCT_DEFINITION_CONTEXT('part definition',#6261,'design');
#6242=PRODUCT_DEFINITION('HackPad 1','HackPad v10',#6248,#6241);
#6243=PRODUCT_DEFINITION('PinHeader_1x06_P2.54mm_Vertical',
'PinHeader_1x06_P2.54mm_Vertical',#6249,#6241);
#6244=PRODUCT_DEFINITION('FanPinHeader_1x03_P2.54mm_Vertical',
'FanPinHeader_1x03_P2.54mm_Vertical',#6250,#6241);
#6245=PRODUCT_DEFINITION('HackPad pt2_PCB','HackPad pt2_PCB',#6251,#6241);
#6246=PRODUCT_DEFINITION('Component4','Component4',#6252,#6241);
#6247=PRODUCT_DEFINITION('PN-EN ISO 7380-2 - M3 x 20 Steel 4.6 Plain',
'Hexagon Socket Button Head Screw With Collar PN-EN ISO 7380-2 - M3 x 
20 Steel 4.6 Plain v1',#6253,#6241);
#6248=PRODUCT_DEFINITION_FORMATION('',$,#6263);
#6249=PRODUCT_DEFINITION_FORMATION('',$,#6264);
#6250=PRODUCT_DEFINITION_FORMATION('',$,#6265);
#6251=PRODUCT_DEFINITION_FORMATION('',$,#6266);
#6252=PRODUCT_DEFINITION_FORMATION('',$,#6267);
#6253=PRODUCT_DEFINITION_FORMATION('',$,#6268);
#6254=PRODUCT_RELATED_PRODUCT_CATEGORY('HackPad v10','HackPad v10',(#6263));
#6255=PRODUCT_RELATED_PRODUCT_CATEGORY(
'PinHeader_1x06_P2.54mm_Vertical','PinHeader_1x06_P2.54mm_Vertical',(#6264));
#6256=PRODUCT_RELATED_PRODUCT_CATEGORY(
'FanPinHeader_1x03_P2.54mm_Vertical',
'FanPinHeader_1x03_P2.54mm_Vertical',(#6265));
#6257=PRODUCT_RELATED_PRODUCT_CATEGORY('HackPad pt2_PCB',
'HackPad pt2_PCB',(#6266));
#6258=PRODUCT_RELATED_PRODUCT_CATEGORY('Component4','Component4',(#6267));
#6259=PRODUCT_RELATED_PRODUCT_CATEGORY(
'Hexagon Socket Button Head Screw With Collar PN-EN ISO 7380-2 - M3 x 
20 Steel 4.6 Plain v1',
'Hexagon Socket Button Head Screw With Collar PN-EN ISO 7380-2 - M3 x 
20 Steel 4.6 Plain v1',(#6268));
#6260=APPLICATION_PROTOCOL_DEFINITION('international standard',
'automotive_design',2009,#6261);
#6261=APPLICATION_CONTEXT(
'Core Data for Automotive Mechanical Design Process');
#6262=PRODUCT_CONTEXT('part definition',#6261,'mechanical');
#6263=PRODUCT('HackPad 1','HackPad v10','KiCad electronic assembly',(#6262));
#6264=PRODUCT('PinHeader_1x06_P2.54mm_Vertical',
'PinHeader_1x06_P2.54mm_Vertical',$,(#6262));
#6265=PRODUCT('FanPinHeader_1x03_P2.54mm_Vertical',
'FanPinHeader_1x03_P2.54mm_Vertical',$,(#6262));
#6266=PRODUCT('HackPad pt2_PCB','HackPad pt2_PCB',$,(#6262));
#6267=PRODUCT('Component4','Component4',$,(#6262));
#6268=PRODUCT('PN-EN ISO 7380-2 - M3 x 20 Steel 4.6 Plain',
'Hexagon Socket Button Head Screw With Collar PN-EN ISO 7380-2 - M3 x 
20 Steel 4.6 Plain v1',
'Hexagon Socket Button Head Screw With Collar PN-EN ISO 7380-2 - M3 x 
20',(#6262));
#6269=PRESENTATION_STYLE_ASSIGNMENT((#6271));
#6270=PRESENTATION_STYLE_ASSIGNMENT((#6272));
#6271=SURFACE_STYLE_USAGE(.BOTH.,#6273);
#6272=SURFACE_STYLE_USAGE(.BOTH.,#6274);
#6273=SURFACE_SIDE_STYLE('',(#6275));
#6274=SURFACE_SIDE_STYLE('',(#6276));
#6275=SURFACE_STYLE_FILL_AREA(#6277);
#6276=SURFACE_STYLE_FILL_AREA(#6278);
#6277=FILL_AREA_STYLE(
'PA 12 - PA 2200 - 120\X\B5m - Balance (with EOS 3D printers)',(#6279));
#6278=FILL_AREA_STYLE('Paek (Beige)',(#6280));
#6279=FILL_AREA_STYLE_COLOUR(
'PA 12 - PA 2200 - 120\X\B5m - Balance (with EOS 3D printers)',#6281);
#6280=FILL_AREA_STYLE_COLOUR('Paek (Beige)',#6282);
#6281=COLOUR_RGB(
'PA 12 - PA 2200 - 120\X\B5m - Balance (with EOS 3D printers)',0.964705882352941,
0.964705882352941,0.952941176470588);
#6282=COLOUR_RGB('Paek (Beige)',0.898039215686275,0.792156862745098,0.619607843137255);
ENDSEC;
END-ISO-10303-21;
