ISO-10303-21;
HEADER;
/* Generated by software containing ST-Developer
 * from STEP Tools, Inc. (www.steptools.com) 
 */

FILE_DESCRIPTION(
/* description */ ('KiCad electronic assembly'),
/* implementation_level */ '2;1');

FILE_NAME(
/* name */ 'HackPad.step',
/* time_stamp */ '2026-08-02T22:20:04-04:00',
/* author */ (''),
/* organization */ (''),
/* preprocessor_version */ 'ST-DEVELOPER v20.1',
/* originating_system */ 'Autodesk Translation Framework v15.8.0.0',
/* authorisation */ '');

FILE_SCHEMA (('AUTOMOTIVE_DESIGN { 1 0 10303 214 3 1 1 }'));
ENDSEC;

DATA;
#10=MECHANICAL_DESIGN_GEOMETRIC_PRESENTATION_REPRESENTATION('',(#78,#79,
#80,#81,#82,#83),#6360);
#11=ITEM_DEFINED_TRANSFORMATION($,$,#3657,#4005);
#12=ITEM_DEFINED_TRANSFORMATION($,$,#3657,#4006);
#13=ITEM_DEFINED_TRANSFORMATION($,$,#3658,#4007);
#14=ITEM_DEFINED_TRANSFORMATION($,$,#3659,#4008);
#15=ITEM_DEFINED_TRANSFORMATION($,$,#3660,#4009);
#16=ITEM_DEFINED_TRANSFORMATION($,$,#3740,#4010);
#17=ITEM_DEFINED_TRANSFORMATION($,$,#3740,#4011);
#18=ITEM_DEFINED_TRANSFORMATION($,$,#3740,#4012);
#19=ITEM_DEFINED_TRANSFORMATION($,$,#3740,#4013);
#20=(
REPRESENTATION_RELATIONSHIP($,$,#6387,#6386)
REPRESENTATION_RELATIONSHIP_WITH_TRANSFORMATION(#11)
SHAPE_REPRESENTATION_RELATIONSHIP()
);
#21=(
REPRESENTATION_RELATIONSHIP($,$,#6387,#6386)
REPRESENTATION_RELATIONSHIP_WITH_TRANSFORMATION(#12)
SHAPE_REPRESENTATION_RELATIONSHIP()
);
#22=(
REPRESENTATION_RELATIONSHIP($,$,#6388,#6386)
REPRESENTATION_RELATIONSHIP_WITH_TRANSFORMATION(#13)
SHAPE_REPRESENTATION_RELATIONSHIP()
);
#23=(
REPRESENTATION_RELATIONSHIP($,$,#6389,#6386)
REPRESENTATION_RELATIONSHIP_WITH_TRANSFORMATION(#14)
SHAPE_REPRESENTATION_RELATIONSHIP()
);
#24=(
REPRESENTATION_RELATIONSHIP($,$,#6390,#6386)
REPRESENTATION_RELATIONSHIP_WITH_TRANSFORMATION(#15)
SHAPE_REPRESENTATION_RELATIONSHIP()
);
#25=(
REPRESENTATION_RELATIONSHIP($,$,#6391,#6386)
REPRESENTATION_RELATIONSHIP_WITH_TRANSFORMATION(#16)
SHAPE_REPRESENTATION_RELATIONSHIP()
);
#26=(
REPRESENTATION_RELATIONSHIP($,$,#6391,#6386)
REPRESENTATION_RELATIONSHIP_WITH_TRANSFORMATION(#17)
SHAPE_REPRESENTATION_RELATIONSHIP()
);
#27=(
REPRESENTATION_RELATIONSHIP($,$,#6391,#6386)
REPRESENTATION_RELATIONSHIP_WITH_TRANSFORMATION(#18)
SHAPE_REPRESENTATION_RELATIONSHIP()
);
#28=(
REPRESENTATION_RELATIONSHIP($,$,#6391,#6386)
REPRESENTATION_RELATIONSHIP_WITH_TRANSFORMATION(#19)
SHAPE_REPRESENTATION_RELATIONSHIP()
);
#29=CONTEXT_DEPENDENT_SHAPE_REPRESENTATION(#20,#6377);
#30=CONTEXT_DEPENDENT_SHAPE_REPRESENTATION(#21,#6378);
#31=CONTEXT_DEPENDENT_SHAPE_REPRESENTATION(#22,#6379);
#32=CONTEXT_DEPENDENT_SHAPE_REPRESENTATION(#23,#6380);
#33=CONTEXT_DEPENDENT_SHAPE_REPRESENTATION(#24,#6381);
#34=CONTEXT_DEPENDENT_SHAPE_REPRESENTATION(#25,#6382);
#35=CONTEXT_DEPENDENT_SHAPE_REPRESENTATION(#26,#6383);
#36=CONTEXT_DEPENDENT_SHAPE_REPRESENTATION(#27,#6384);
#37=CONTEXT_DEPENDENT_SHAPE_REPRESENTATION(#28,#6385);
#38=NEXT_ASSEMBLY_USAGE_OCCURRENCE('PinHeader_1x06_P2.54mm_Vertical:1',
'PinHeader_1x06_P2.54mm_Vertical:1','PinHeader_1x06_P2.54mm_Vertical:1',
#6393,#6394,'PinHeader_1x06_P2.54mm_Vertical:1');
#39=NEXT_ASSEMBLY_USAGE_OCCURRENCE('PinHeader_1x06_P2.54mm_Vertical:2',
'PinHeader_1x06_P2.54mm_Vertical:2','PinHeader_1x06_P2.54mm_Vertical:2',
#6393,#6394,'PinHeader_1x06_P2.54mm_Vertical:2');
#40=NEXT_ASSEMBLY_USAGE_OCCURRENCE(
'FanPinHeader_1x03_P2.54mm_Vertical:1',
'FanPinHeader_1x03_P2.54mm_Vertical:1',
'FanPinHeader_1x03_P2.54mm_Vertical:1',#6393,#6395,
'FanPinHeader_1x03_P2.54mm_Vertical:1');
#41=NEXT_ASSEMBLY_USAGE_OCCURRENCE('HackPad pt2_PCB:1',
'HackPad pt2_PCB:1','HackPad pt2_PCB:1',#6393,#6396,'HackPad pt2_PCB:1');
#42=NEXT_ASSEMBLY_USAGE_OCCURRENCE('Component4:1','Component4:1',
'Component4:1',#6393,#6397,'Component4:1');
#43=NEXT_ASSEMBLY_USAGE_OCCURRENCE(
'Hexagon Socket Button Head Screw With Collar PN-EN ISO 7380-2 - M3 x 
20 Steel 4.6 Plain v1:1',
'Hexagon Socket Button Head Screw With Collar PN-EN ISO 7380-2 - M3 x 
20 Steel 4.6 Plain v1:1',
'Hexagon Socket Button Head Screw With Collar PN-EN ISO 7380-2 - M3 x 
20 Steel 4.6 Plain v1:1',#6393,#6398,
'Hexagon Socket Button Head Screw With Collar PN-EN ISO 7380-2 - M3 x 
20 Steel 4.6 Plain v1:1');
#44=NEXT_ASSEMBLY_USAGE_OCCURRENCE(
'Hexagon Socket Button Head Screw With Collar PN-EN ISO 7380-2 - M3 x 
20 Steel 4.6 Plain v1:2',
'Hexagon Socket Button Head Screw With Collar PN-EN ISO 7380-2 - M3 x 
20 Steel 4.6 Plain v1:2',
'Hexagon Socket Button Head Screw With Collar PN-EN ISO 7380-2 - M3 x 
20 Steel 4.6 Plain v1:2',#6393,#6398,
'Hexagon Socket Button Head Screw With Collar PN-EN ISO 7380-2 - M3 x 
20 Steel 4.6 Plain v1:2');
#45=NEXT_ASSEMBLY_USAGE_OCCURRENCE(
'Hexagon Socket Button Head Screw With Collar PN-EN ISO 7380-2 - M3 x 
20 Steel 4.6 Plain v1:3',
'Hexagon Socket Button Head Screw With Collar PN-EN ISO 7380-2 - M3 x 
20 Steel 4.6 Plain v1:3',
'Hexagon Socket Button Head Screw With Collar PN-EN ISO 7380-2 - M3 x 
20 Steel 4.6 Plain v1:3',#6393,#6398,
'Hexagon Socket Button Head Screw With Collar PN-EN ISO 7380-2 - M3 x 
20 Steel 4.6 Plain v1:3');
#46=NEXT_ASSEMBLY_USAGE_OCCURRENCE(
'Hexagon Socket Button Head Screw With Collar PN-EN ISO 7380-2 - M3 x 
20 Steel 4.6 Plain v1:4',
'Hexagon Socket Button Head Screw With Collar PN-EN ISO 7380-2 - M3 x 
20 Steel 4.6 Plain v1:4',
'Hexagon Socket Button Head Screw With Collar PN-EN ISO 7380-2 - M3 x 
20 Steel 4.6 Plain v1:4',#6393,#6398,
'Hexagon Socket Button Head Screw With Collar PN-EN ISO 7380-2 - M3 x 
20 Steel 4.6 Plain v1:4');
#47=B_SPLINE_SURFACE_WITH_KNOTS('',3,3,((#5613,#5614,#5615,#5616),(#5617,
#5618,#5619,#5620),(#5621,#5622,#5623,#5624),(#5625,#5626,#5627,#5628)),
 .UNSPECIFIED.,.F.,.F.,.F.,(4,4),(4,4),(0.,1.26506402098256),(-6.27261432812088E-15,
1.),.UNSPECIFIED.);
#48=B_SPLINE_SURFACE_WITH_KNOTS('',3,3,((#5652,#5653,#5654,#5655),(#5656,
#5657,#5658,#5659),(#5660,#5661,#5662,#5663),(#5664,#5665,#5666,#5667)),
 .UNSPECIFIED.,.F.,.F.,.F.,(4,4),(4,4),(-0.263736883005016,1.00000000000004),
(-3.55271689158056E-14,1.),.UNSPECIFIED.);
#49=B_SPLINE_SURFACE_WITH_KNOTS('',3,3,((#5757,#5758,#5759,#5760),(#5761,
#5762,#5763,#5764),(#5765,#5766,#5767,#5768),(#5769,#5770,#5771,#5772)),
 .UNSPECIFIED.,.F.,.F.,.F.,(4,4),(4,4),(0.,1.25153577067771),(-1.28571006010125E-17,
1.),.UNSPECIFIED.);
#50=B_SPLINE_SURFACE_WITH_KNOTS('',3,3,((#5789,#5790,#5791,#5792),(#5793,
#5794,#5795,#5796),(#5797,#5798,#5799,#5800),(#5801,#5802,#5803,#5804)),
 .UNSPECIFIED.,.F.,.F.,.F.,(4,4),(4,4),(-0.251535770675788,1.00000000000001),
(-1.21254078516317E-14,1.),.UNSPECIFIED.);
#51=B_SPLINE_SURFACE_WITH_KNOTS('',3,3,((#5871,#5872,#5873,#5874),(#5875,
#5876,#5877,#5878),(#5879,#5880,#5881,#5882),(#5883,#5884,#5885,#5886)),
 .UNSPECIFIED.,.F.,.F.,.F.,(4,4),(4,4),(0.,1.25153583507632),(-4.33287177952791E-16,
1.),.UNSPECIFIED.);
#52=B_SPLINE_SURFACE_WITH_KNOTS('',3,3,((#5903,#5904,#5905,#5906),(#5907,
#5908,#5909,#5910),(#5911,#5912,#5913,#5914),(#5915,#5916,#5917,#5918)),
 .UNSPECIFIED.,.F.,.F.,.F.,(4,4),(4,4),(-0.251535792784133,1.00000000000002),
(0.,1.00000000000002),.UNSPECIFIED.);
#53=B_SPLINE_SURFACE_WITH_KNOTS('',3,3,((#5958,#5959,#5960,#5961),(#5962,
#5963,#5964,#5965),(#5966,#5967,#5968,#5969),(#5970,#5971,#5972,#5973)),
 .UNSPECIFIED.,.F.,.F.,.F.,(4,4),(4,4),(-0.269208415359764,1.),(-1.24720420796587E-9,
1.00000000000702),.UNSPECIFIED.);
#54=B_SPLINE_CURVE_WITH_KNOTS('',3,(#5557,#5558,#5559,#5560,#5561,#5562,
#5563,#5564,#5565,#5566),.UNSPECIFIED.,.F.,.F.,(4,2,2,2,4),(-0.270950692172292,
-0.254640363127347,-0.14124432624417,-0.0501990236979399,-9.49294770124389E-6),
 .UNSPECIFIED.);
#55=B_SPLINE_CURVE_WITH_KNOTS('',3,(#5573,#5574,#5575,#5576,#5577,#5578,
#5579,#5580,#5581,#5582),.UNSPECIFIED.,.F.,.F.,(4,2,2,2,4),(-0.270956418327946,
-0.25398505744092,-0.14084980657829,-0.0493746234759702,-2.34111767947169E-5),
 .UNSPECIFIED.);
#56=B_SPLINE_CURVE_WITH_KNOTS('',3,(#5632,#5633,#5634,#5635,#5636,#5637,
#5638,#5639,#5640,#5641,#5642,#5643,#5644,#5645,#5646,#5647),
 .UNSPECIFIED.,.F.,.F.,(4,2,2,2,2,2,2,4),(0.00285109480781593,0.0317301067342439,
0.0619749881192728,0.077920951038803,0.0923892672034445,0.116035472661022,
0.141574052370869,0.160146644902467),.UNSPECIFIED.);
#57=B_SPLINE_CURVE_WITH_KNOTS('',3,(#5648,#5649,#5650,#5651),
 .UNSPECIFIED.,.F.,.F.,(4,4),(0.,0.0028706092791048),.UNSPECIFIED.);
#58=B_SPLINE_CURVE_WITH_KNOTS('',3,(#5669,#5670,#5671,#5672),
 .UNSPECIFIED.,.F.,.F.,(4,4),(0.0469480438493618,0.0497420104459532),
 .UNSPECIFIED.);
#59=B_SPLINE_CURVE_WITH_KNOTS('',3,(#5674,#5675,#5676,#5677,#5678,#5679,
#5680,#5681,#5682,#5683,#5684,#5685,#5686,#5687,#5688,#5689),
 .UNSPECIFIED.,.F.,.F.,(4,2,2,2,2,2,2,4),(0.,0.0311069501464001,0.0611439031506603,
0.0770619745559247,0.0915417808461976,0.115281290089331,0.141143082174977,
0.157289507912765),.UNSPECIFIED.);
#60=B_SPLINE_CURVE_WITH_KNOTS('',3,(#5720,#5721,#5722,#5723,#5724,#5725,
#5726,#5727,#5728,#5729),.UNSPECIFIED.,.F.,.F.,(4,2,2,2,4),(-0.267928755518121,
-0.259051153079154,-0.140885300471284,-0.04952984926985,-1.16656031891131E-5),
 .UNSPECIFIED.);
#61=B_SPLINE_CURVE_WITH_KNOTS('',3,(#5736,#5737,#5738,#5739,#5740,#5741,
#5742,#5743,#5744,#5745),.UNSPECIFIED.,.F.,.F.,(4,2,2,2,4),(-0.267928755450339,
-0.259051153009633,-0.140885300449819,-0.0495298492546718,-1.16656049743747E-5),
 .UNSPECIFIED.);
#62=B_SPLINE_CURVE_WITH_KNOTS('',3,(#5775,#5776,#5777,#5778,#5779,#5780,
#5781,#5782,#5783,#5784,#5785,#5786,#5787,#5788),.UNSPECIFIED.,.F.,.F.,
(4,2,2,2,2,2,4),(0.,0.0310161216651641,0.0606311809857097,0.0766731879969575,
0.0915768272860585,0.117717645611369,0.157375712671091),.UNSPECIFIED.);
#63=B_SPLINE_CURVE_WITH_KNOTS('',3,(#5806,#5807,#5808,#5809,#5810,#5811,
#5812,#5813,#5814,#5815,#5816,#5817,#5818,#5819),.UNSPECIFIED.,.F.,.F.,
(4,2,2,2,2,2,4),(0.,0.0310161216367904,0.0606311809615348,0.0766731879778851,
0.0915768272718206,0.117717645602847,0.157375712622338),.UNSPECIFIED.);
#64=B_SPLINE_CURVE_WITH_KNOTS('',3,(#5836,#5837,#5838,#5839,#5840,#5841,
#5842,#5843,#5844,#5845),.UNSPECIFIED.,.F.,.F.,(4,2,2,2,4),(-0.26792854811247,
-0.259051043074229,-0.14088517441289,-0.049529956140459,-1.14592526627665E-5),
 .UNSPECIFIED.);
#65=B_SPLINE_CURVE_WITH_KNOTS('',3,(#5849,#5850,#5851,#5852,#5853,#5854,
#5855,#5856,#5857,#5858),.UNSPECIFIED.,.F.,.F.,(4,2,2,2,4),(-0.267935853958087,
-0.259057362657899,-0.140887354744153,-0.0495316655983223,-1.13323697776298E-5),
 .UNSPECIFIED.);
#66=B_SPLINE_CURVE_WITH_KNOTS('',3,(#5889,#5890,#5891,#5892,#5893,#5894,
#5895,#5896,#5897,#5898,#5899,#5900,#5901,#5902),.UNSPECIFIED.,.F.,.F.,
(4,2,2,2,2,2,4),(0.,0.0310161216367551,0.0606311809614032,0.0766731879777043,
0.0915768272715929,0.117717645602537,0.157375712621882),.UNSPECIFIED.);
#67=B_SPLINE_CURVE_WITH_KNOTS('',3,(#5920,#5921,#5922,#5923,#5924,#5925,
#5926,#5927,#5928,#5929,#5930,#5931,#5932,#5933),.UNSPECIFIED.,.F.,.F.,
(4,2,2,2,2,2,4),(0.,0.031019111437924,0.0606337549747892,0.0766752488448349,
0.091578400773314,0.117718643480992,0.157380972305209),.UNSPECIFIED.);
#68=B_SPLINE_CURVE_WITH_KNOTS('',3,(#5948,#5949,#5950,#5951,#5952,#5953,
#5954,#5955,#5956,#5957),.UNSPECIFIED.,.F.,.F.,(4,2,2,2,4),(-0.310886268200198,
-0.29167367638621,-0.203994332552925,-0.100715755528657,-0.0429869618713143),
 .UNSPECIFIED.);
#69=B_SPLINE_CURVE_WITH_KNOTS('',3,(#5974,#5975,#5976,#5977,#5978,#5979,
#5980,#5981,#5982,#5983,#5984,#5985,#5986,#5987),.UNSPECIFIED.,.F.,.F.,
(4,2,2,2,2,2,4),(0.,0.0310161216367906,0.0606311809615302,0.0766731879778853,
0.0915768272718252,0.117717645602854,0.157375712622347),.UNSPECIFIED.);
#70=CONICAL_SURFACE('',#3749,1.3616375,0.831988093683006);
#71=TOROIDAL_SURFACE('',#3741,1.7968,0.3333);
#72=SHAPE_REPRESENTATION_RELATIONSHIP('SRR','None',#6390,#75);
#73=SHAPE_REPRESENTATION_RELATIONSHIP('SRR','None',#6391,#76);
#74=SHAPE_REPRESENTATION_RELATIONSHIP('SRR','None',#6386,#77);
#75=ADVANCED_BREP_SHAPE_REPRESENTATION('',(#84),#6358);
#76=ADVANCED_BREP_SHAPE_REPRESENTATION('',(#85),#6359);
#77=ADVANCED_BREP_SHAPE_REPRESENTATION('',(#86,#87,#88,#89),#6354);
#78=STYLED_ITEM('',(#6420),#84);
#79=STYLED_ITEM('',(#6420),#85);
#80=STYLED_ITEM('',(#6420),#86);
#81=STYLED_ITEM('',(#6420),#87);
#82=STYLED_ITEM('',(#6421),#88);
#83=STYLED_ITEM('',(#6420),#89);
#84=MANIFOLD_SOLID_BREP('Body1',#3594);
#85=MANIFOLD_SOLID_BREP('Body1',#3595);
#86=MANIFOLD_SOLID_BREP('Body3',#3596);
#87=MANIFOLD_SOLID_BREP('Body9',#3597);
#88=MANIFOLD_SOLID_BREP('Body18',#3598);
#89=MANIFOLD_SOLID_BREP('Body19',#3599);
#90=SPHERICAL_SURFACE('',#3689,1.2);
#91=SPHERICAL_SURFACE('',#3694,1.2);
#92=SPHERICAL_SURFACE('',#3699,1.2);
#93=SPHERICAL_SURFACE('',#3701,1.2);
#94=SPHERICAL_SURFACE('',#3712,1.2);
#95=SPHERICAL_SURFACE('',#3714,1.2);
#96=SPHERICAL_SURFACE('',#3727,1.2);
#97=SPHERICAL_SURFACE('',#3734,1.2);
#98=SPHERICAL_SURFACE('',#3770,3.40163136070427);
#99=SPHERICAL_SURFACE('',#3858,0.999999999999996);
#100=SPHERICAL_SURFACE('',#3861,0.999999999999996);
#101=SPHERICAL_SURFACE('',#3865,1.);
#102=SPHERICAL_SURFACE('',#3868,0.999999999999996);
#103=SPHERICAL_SURFACE('',#3872,1.);
#104=SPHERICAL_SURFACE('',#3876,1.00000000000001);
#105=SPHERICAL_SURFACE('',#3879,1.);
#106=SPHERICAL_SURFACE('',#3882,1.00000000000001);
#107=SPHERICAL_SURFACE('',#3948,1.2);
#108=SPHERICAL_SURFACE('',#3953,1.2);
#109=SPHERICAL_SURFACE('',#3958,1.2);
#110=SPHERICAL_SURFACE('',#3960,1.2);
#111=SPHERICAL_SURFACE('',#3971,1.2);
#112=SPHERICAL_SURFACE('',#3973,1.2);
#113=SPHERICAL_SURFACE('',#3986,1.2);
#114=SPHERICAL_SURFACE('',#3993,1.2);
#115=CYLINDRICAL_SURFACE('',#3683,1.2);
#116=CYLINDRICAL_SURFACE('',#3686,1.2);
#117=CYLINDRICAL_SURFACE('',#3691,1.2);
#118=CYLINDRICAL_SURFACE('',#3696,1.2);
#119=CYLINDRICAL_SURFACE('',#3703,1.2);
#120=CYLINDRICAL_SURFACE('',#3706,1.2);
#121=CYLINDRICAL_SURFACE('',#3709,1.2);
#122=CYLINDRICAL_SURFACE('',#3716,1.2);
#123=CYLINDRICAL_SURFACE('',#3723,1.2);
#124=CYLINDRICAL_SURFACE('',#3725,1.2);
#125=CYLINDRICAL_SURFACE('',#3730,1.2);
#126=CYLINDRICAL_SURFACE('',#3732,1.2);
#127=CYLINDRICAL_SURFACE('',#3735,0.9377);
#128=CYLINDRICAL_SURFACE('',#3736,0.9377);
#129=CYLINDRICAL_SURFACE('',#3737,0.9377);
#130=CYLINDRICAL_SURFACE('',#3738,0.9377);
#131=CYLINDRICAL_SURFACE('',#3747,1.4635);
#132=CYLINDRICAL_SURFACE('',#3766,3.44999999999993);
#133=CYLINDRICAL_SURFACE('',#3791,0.9377);
#134=CYLINDRICAL_SURFACE('',#3807,2.4377);
#135=CYLINDRICAL_SURFACE('',#3810,3.);
#136=CYLINDRICAL_SURFACE('',#3824,1.);
#137=CYLINDRICAL_SURFACE('',#3826,1.);
#138=CYLINDRICAL_SURFACE('',#3828,3.);
#139=CYLINDRICAL_SURFACE('',#3836,1.);
#140=CYLINDRICAL_SURFACE('',#3838,3.);
#141=CYLINDRICAL_SURFACE('',#3845,1.);
#142=CYLINDRICAL_SURFACE('',#3847,1.);
#143=CYLINDRICAL_SURFACE('',#3849,3.);
#144=CYLINDRICAL_SURFACE('',#3850,1.);
#145=CYLINDRICAL_SURFACE('',#3875,1.);
#146=CYLINDRICAL_SURFACE('',#3885,1.);
#147=CYLINDRICAL_SURFACE('',#3886,1.);
#148=CYLINDRICAL_SURFACE('',#3887,1.);
#149=CYLINDRICAL_SURFACE('',#3888,1.);
#150=CYLINDRICAL_SURFACE('',#3889,1.);
#151=CYLINDRICAL_SURFACE('',#3890,1.);
#152=CYLINDRICAL_SURFACE('',#3891,1.);
#153=CYLINDRICAL_SURFACE('',#3892,1.);
#154=CYLINDRICAL_SURFACE('',#3918,2.4377);
#155=CYLINDRICAL_SURFACE('',#3920,1.);
#156=CYLINDRICAL_SURFACE('',#3921,0.73555);
#157=CYLINDRICAL_SURFACE('',#3922,0.73555);
#158=CYLINDRICAL_SURFACE('',#3923,0.73555);
#159=CYLINDRICAL_SURFACE('',#3924,0.73555);
#160=CYLINDRICAL_SURFACE('',#3925,2.4377);
#161=CYLINDRICAL_SURFACE('',#3929,2.4377);
#162=CYLINDRICAL_SURFACE('',#3930,2.4377);
#163=CYLINDRICAL_SURFACE('',#3942,1.2);
#164=CYLINDRICAL_SURFACE('',#3945,1.2);
#165=CYLINDRICAL_SURFACE('',#3950,1.2);
#166=CYLINDRICAL_SURFACE('',#3955,1.2);
#167=CYLINDRICAL_SURFACE('',#3962,1.2);
#168=CYLINDRICAL_SURFACE('',#3965,1.2);
#169=CYLINDRICAL_SURFACE('',#3968,1.2);
#170=CYLINDRICAL_SURFACE('',#3975,1.2);
#171=CYLINDRICAL_SURFACE('',#3982,1.2);
#172=CYLINDRICAL_SURFACE('',#3984,1.2);
#173=CYLINDRICAL_SURFACE('',#3989,1.2);
#174=CYLINDRICAL_SURFACE('',#3991,1.2);
#175=CYLINDRICAL_SURFACE('',#3994,0.9377);
#176=CYLINDRICAL_SURFACE('',#3995,0.9377);
#177=CYLINDRICAL_SURFACE('',#3996,0.9377);
#178=CYLINDRICAL_SURFACE('',#3997,0.9377);
#179=CIRCLE('',#3679,0.9377);
#180=CIRCLE('',#3680,0.9377);
#181=CIRCLE('',#3681,0.9377);
#182=CIRCLE('',#3682,0.9377);
#183=CIRCLE('',#3684,1.2);
#184=CIRCLE('',#3685,1.20000000000001);
#185=CIRCLE('',#3687,1.2);
#186=CIRCLE('',#3688,1.20000000000001);
#187=CIRCLE('',#3690,1.20000000000002);
#188=CIRCLE('',#3692,1.2);
#189=CIRCLE('',#3693,1.2);
#190=CIRCLE('',#3695,1.19999999999999);
#191=CIRCLE('',#3697,1.2);
#192=CIRCLE('',#3698,1.19999999999999);
#193=CIRCLE('',#3700,1.2);
#194=CIRCLE('',#3702,1.19999999999999);
#195=CIRCLE('',#3704,1.2);
#196=CIRCLE('',#3707,1.19999999999999);
#197=CIRCLE('',#3710,1.2);
#198=CIRCLE('',#3711,1.2);
#199=CIRCLE('',#3713,1.2);
#200=CIRCLE('',#3715,1.19999999999999);
#201=CIRCLE('',#3717,1.2);
#202=CIRCLE('',#3719,0.9377);
#203=CIRCLE('',#3720,0.9377);
#204=CIRCLE('',#3721,0.9377);
#205=CIRCLE('',#3722,0.9377);
#206=CIRCLE('',#3724,1.19999999999999);
#207=CIRCLE('',#3726,1.20000000000001);
#208=CIRCLE('',#3728,1.2);
#209=CIRCLE('',#3731,1.2);
#210=CIRCLE('',#3733,1.20000000000001);
#211=CIRCLE('',#3742,1.7968);
#212=CIRCLE('',#3743,0.3333);
#213=CIRCLE('',#3744,1.4635);
#214=CIRCLE('',#3746,3.44999999999993);
#215=CIRCLE('',#3748,1.4635);
#216=CIRCLE('',#3750,1.193275);
#217=CIRCLE('',#3764,3.44999999999993);
#218=CIRCLE('',#3765,2.59999999999994);
#219=CIRCLE('',#3769,1.29999999999993);
#220=CIRCLE('',#3771,3.40163136070427);
#221=CIRCLE('',#3785,0.9377);
#222=CIRCLE('',#3792,0.9377);
#223=CIRCLE('',#3799,2.4377);
#224=CIRCLE('',#3800,0.73555);
#225=CIRCLE('',#3805,2.4377);
#226=CIRCLE('',#3806,0.73555);
#227=CIRCLE('',#3808,2.4377);
#228=CIRCLE('',#3809,2.4377);
#229=CIRCLE('',#3811,3.);
#230=CIRCLE('',#3812,3.);
#231=CIRCLE('',#3813,3.);
#232=CIRCLE('',#3814,3.);
#233=CIRCLE('',#3816,3.);
#234=CIRCLE('',#3819,1.);
#235=CIRCLE('',#3820,3.);
#236=CIRCLE('',#3821,3.);
#237=CIRCLE('',#3825,1.00000000000001);
#238=CIRCLE('',#3827,0.999999999999996);
#239=CIRCLE('',#3829,3.);
#240=CIRCLE('',#3830,3.);
#241=CIRCLE('',#3831,3.);
#242=CIRCLE('',#3832,3.);
#243=CIRCLE('',#3837,1.00000000000001);
#244=CIRCLE('',#3839,3.);
#245=CIRCLE('',#3840,3.);
#246=CIRCLE('',#3841,3.);
#247=CIRCLE('',#3844,3.);
#248=CIRCLE('',#3846,0.999999999999996);
#249=CIRCLE('',#3848,0.999999999999996);
#250=CIRCLE('',#3851,1.00000000000001);
#251=CIRCLE('',#3859,0.999999999999996);
#252=CIRCLE('',#3860,1.);
#253=CIRCLE('',#3862,0.999999999999996);
#254=CIRCLE('',#3863,0.999999999999996);
#255=CIRCLE('',#3864,1.);
#256=CIRCLE('',#3866,1.);
#257=CIRCLE('',#3867,0.999999999999979);
#258=CIRCLE('',#3869,1.00000000000001);
#259=CIRCLE('',#3870,0.999999999999996);
#260=CIRCLE('',#3871,1.);
#261=CIRCLE('',#3873,1.);
#262=CIRCLE('',#3874,0.999999999999996);
#263=CIRCLE('',#3877,0.999999999999996);
#264=CIRCLE('',#3878,1.);
#265=CIRCLE('',#3880,1.);
#266=CIRCLE('',#3881,0.999999999999996);
#267=CIRCLE('',#3883,1.);
#268=CIRCLE('',#3884,1.00000000000001);
#269=CIRCLE('',#3894,0.73555);
#270=CIRCLE('',#3895,0.73555);
#271=CIRCLE('',#3896,0.73555);
#272=CIRCLE('',#3897,0.73555);
#273=CIRCLE('',#3899,0.73555);
#274=CIRCLE('',#3900,0.73555);
#275=CIRCLE('',#3901,0.73555);
#276=CIRCLE('',#3902,0.73555);
#277=CIRCLE('',#3903,2.4377);
#278=CIRCLE('',#3904,2.4377);
#279=CIRCLE('',#3905,2.4377);
#280=CIRCLE('',#3906,2.4377);
#281=CIRCLE('',#3908,2.4377);
#282=CIRCLE('',#3910,2.4377);
#283=CIRCLE('',#3911,2.4377);
#284=CIRCLE('',#3912,2.4377);
#285=CIRCLE('',#3938,0.9377);
#286=CIRCLE('',#3939,0.9377);
#287=CIRCLE('',#3940,0.9377);
#288=CIRCLE('',#3941,0.9377);
#289=CIRCLE('',#3943,1.2);
#290=CIRCLE('',#3944,1.20000000000001);
#291=CIRCLE('',#3946,1.2);
#292=CIRCLE('',#3947,1.20000000000001);
#293=CIRCLE('',#3949,1.20000000000002);
#294=CIRCLE('',#3951,1.2);
#295=CIRCLE('',#3952,1.2);
#296=CIRCLE('',#3954,1.19999999999999);
#297=CIRCLE('',#3956,1.2);
#298=CIRCLE('',#3957,1.19999999999999);
#299=CIRCLE('',#3959,1.2);
#300=CIRCLE('',#3961,1.19999999999999);
#301=CIRCLE('',#3963,1.2);
#302=CIRCLE('',#3966,1.19999999999999);
#303=CIRCLE('',#3969,1.2);
#304=CIRCLE('',#3970,1.2);
#305=CIRCLE('',#3972,1.2);
#306=CIRCLE('',#3974,1.19999999999999);
#307=CIRCLE('',#3976,1.2);
#308=CIRCLE('',#3978,0.9377);
#309=CIRCLE('',#3979,0.9377);
#310=CIRCLE('',#3980,0.9377);
#311=CIRCLE('',#3981,0.9377);
#312=CIRCLE('',#3983,1.19999999999999);
#313=CIRCLE('',#3985,1.20000000000001);
#314=CIRCLE('',#3987,1.2);
#315=CIRCLE('',#3990,1.2);
#316=CIRCLE('',#3992,1.20000000000001);
#317=FACE_BOUND('',#592,.T.);
#318=FACE_BOUND('',#593,.T.);
#319=FACE_BOUND('',#594,.T.);
#320=FACE_BOUND('',#595,.T.);
#321=FACE_BOUND('',#596,.T.);
#322=FACE_BOUND('',#597,.T.);
#323=FACE_BOUND('',#598,.T.);
#324=FACE_BOUND('',#616,.T.);
#325=FACE_BOUND('',#617,.T.);
#326=FACE_BOUND('',#618,.T.);
#327=FACE_BOUND('',#619,.T.);
#328=FACE_BOUND('',#620,.T.);
#329=FACE_BOUND('',#621,.T.);
#330=FACE_BOUND('',#622,.T.);
#331=FACE_BOUND('',#623,.T.);
#332=FACE_BOUND('',#638,.T.);
#333=FACE_BOUND('',#654,.T.);
#334=FACE_BOUND('',#658,.T.);
#335=FACE_BOUND('',#673,.T.);
#336=FACE_BOUND('',#674,.T.);
#337=FACE_BOUND('',#675,.T.);
#338=FACE_BOUND('',#683,.T.);
#339=FACE_BOUND('',#684,.T.);
#340=FACE_BOUND('',#685,.T.);
#341=FACE_BOUND('',#686,.T.);
#342=FACE_BOUND('',#729,.T.);
#343=FACE_BOUND('',#749,.T.);
#344=FACE_BOUND('',#750,.T.);
#345=FACE_BOUND('',#751,.T.);
#346=FACE_BOUND('',#752,.T.);
#347=FACE_BOUND('',#754,.T.);
#348=FACE_BOUND('',#755,.T.);
#349=FACE_BOUND('',#756,.T.);
#350=FACE_BOUND('',#757,.T.);
#351=FACE_BOUND('',#758,.T.);
#352=FACE_BOUND('',#759,.T.);
#353=FACE_BOUND('',#773,.T.);
#354=FACE_BOUND('',#788,.T.);
#355=FACE_BOUND('',#789,.T.);
#356=FACE_BOUND('',#790,.T.);
#357=FACE_BOUND('',#791,.T.);
#358=FACE_BOUND('',#809,.T.);
#359=FACE_BOUND('',#810,.T.);
#360=FACE_BOUND('',#811,.T.);
#361=FACE_BOUND('',#812,.T.);
#362=FACE_OUTER_BOUND('',#574,.T.);
#363=FACE_OUTER_BOUND('',#575,.T.);
#364=FACE_OUTER_BOUND('',#576,.T.);
#365=FACE_OUTER_BOUND('',#577,.T.);
#366=FACE_OUTER_BOUND('',#578,.T.);
#367=FACE_OUTER_BOUND('',#579,.T.);
#368=FACE_OUTER_BOUND('',#580,.T.);
#369=FACE_OUTER_BOUND('',#581,.T.);
#370=FACE_OUTER_BOUND('',#582,.T.);
#371=FACE_OUTER_BOUND('',#583,.T.);
#372=FACE_OUTER_BOUND('',#584,.T.);
#373=FACE_OUTER_BOUND('',#585,.T.);
#374=FACE_OUTER_BOUND('',#586,.T.);
#375=FACE_OUTER_BOUND('',#587,.T.);
#376=FACE_OUTER_BOUND('',#588,.T.);
#377=FACE_OUTER_BOUND('',#589,.T.);
#378=FACE_OUTER_BOUND('',#590,.T.);
#379=FACE_OUTER_BOUND('',#591,.T.);
#380=FACE_OUTER_BOUND('',#599,.T.);
#381=FACE_OUTER_BOUND('',#600,.T.);
#382=FACE_OUTER_BOUND('',#601,.T.);
#383=FACE_OUTER_BOUND('',#602,.T.);
#384=FACE_OUTER_BOUND('',#603,.T.);
#385=FACE_OUTER_BOUND('',#604,.T.);
#386=FACE_OUTER_BOUND('',#605,.T.);
#387=FACE_OUTER_BOUND('',#606,.T.);
#388=FACE_OUTER_BOUND('',#607,.T.);
#389=FACE_OUTER_BOUND('',#608,.T.);
#390=FACE_OUTER_BOUND('',#609,.T.);
#391=FACE_OUTER_BOUND('',#610,.T.);
#392=FACE_OUTER_BOUND('',#611,.T.);
#393=FACE_OUTER_BOUND('',#612,.T.);
#394=FACE_OUTER_BOUND('',#613,.T.);
#395=FACE_OUTER_BOUND('',#614,.T.);
#396=FACE_OUTER_BOUND('',#615,.T.);
#397=FACE_OUTER_BOUND('',#624,.T.);
#398=FACE_OUTER_BOUND('',#625,.T.);
#399=FACE_OUTER_BOUND('',#626,.T.);
#400=FACE_OUTER_BOUND('',#627,.T.);
#401=FACE_OUTER_BOUND('',#628,.T.);
#402=FACE_OUTER_BOUND('',#629,.T.);
#403=FACE_OUTER_BOUND('',#630,.T.);
#404=FACE_OUTER_BOUND('',#631,.T.);
#405=FACE_OUTER_BOUND('',#632,.T.);
#406=FACE_OUTER_BOUND('',#633,.T.);
#407=FACE_OUTER_BOUND('',#634,.T.);
#408=FACE_OUTER_BOUND('',#635,.T.);
#409=FACE_OUTER_BOUND('',#636,.T.);
#410=FACE_OUTER_BOUND('',#637,.T.);
#411=FACE_OUTER_BOUND('',#639,.T.);
#412=FACE_OUTER_BOUND('',#640,.T.);
#413=FACE_OUTER_BOUND('',#641,.T.);
#414=FACE_OUTER_BOUND('',#642,.T.);
#415=FACE_OUTER_BOUND('',#643,.T.);
#416=FACE_OUTER_BOUND('',#644,.T.);
#417=FACE_OUTER_BOUND('',#645,.T.);
#418=FACE_OUTER_BOUND('',#646,.T.);
#419=FACE_OUTER_BOUND('',#647,.T.);
#420=FACE_OUTER_BOUND('',#648,.T.);
#421=FACE_OUTER_BOUND('',#649,.T.);
#422=FACE_OUTER_BOUND('',#650,.T.);
#423=FACE_OUTER_BOUND('',#651,.T.);
#424=FACE_OUTER_BOUND('',#652,.T.);
#425=FACE_OUTER_BOUND('',#653,.T.);
#426=FACE_OUTER_BOUND('',#655,.T.);
#427=FACE_OUTER_BOUND('',#656,.T.);
#428=FACE_OUTER_BOUND('',#657,.T.);
#429=FACE_OUTER_BOUND('',#659,.T.);
#430=FACE_OUTER_BOUND('',#660,.T.);
#431=FACE_OUTER_BOUND('',#661,.T.);
#432=FACE_OUTER_BOUND('',#662,.T.);
#433=FACE_OUTER_BOUND('',#663,.T.);
#434=FACE_OUTER_BOUND('',#664,.T.);
#435=FACE_OUTER_BOUND('',#665,.T.);
#436=FACE_OUTER_BOUND('',#666,.T.);
#437=FACE_OUTER_BOUND('',#667,.T.);
#438=FACE_OUTER_BOUND('',#668,.T.);
#439=FACE_OUTER_BOUND('',#669,.T.);
#440=FACE_OUTER_BOUND('',#670,.T.);
#441=FACE_OUTER_BOUND('',#671,.T.);
#442=FACE_OUTER_BOUND('',#672,.T.);
#443=FACE_OUTER_BOUND('',#676,.T.);
#444=FACE_OUTER_BOUND('',#677,.T.);
#445=FACE_OUTER_BOUND('',#678,.T.);
#446=FACE_OUTER_BOUND('',#679,.T.);
#447=FACE_OUTER_BOUND('',#680,.T.);
#448=FACE_OUTER_BOUND('',#681,.T.);
#449=FACE_OUTER_BOUND('',#682,.T.);
#450=FACE_OUTER_BOUND('',#687,.T.);
#451=FACE_OUTER_BOUND('',#688,.T.);
#452=FACE_OUTER_BOUND('',#689,.T.);
#453=FACE_OUTER_BOUND('',#690,.T.);
#454=FACE_OUTER_BOUND('',#691,.T.);
#455=FACE_OUTER_BOUND('',#692,.T.);
#456=FACE_OUTER_BOUND('',#693,.T.);
#457=FACE_OUTER_BOUND('',#694,.T.);
#458=FACE_OUTER_BOUND('',#695,.T.);
#459=FACE_OUTER_BOUND('',#696,.T.);
#460=FACE_OUTER_BOUND('',#697,.T.);
#461=FACE_OUTER_BOUND('',#698,.T.);
#462=FACE_OUTER_BOUND('',#699,.T.);
#463=FACE_OUTER_BOUND('',#700,.T.);
#464=FACE_OUTER_BOUND('',#701,.T.);
#465=FACE_OUTER_BOUND('',#702,.T.);
#466=FACE_OUTER_BOUND('',#703,.T.);
#467=FACE_OUTER_BOUND('',#704,.T.);
#468=FACE_OUTER_BOUND('',#705,.T.);
#469=FACE_OUTER_BOUND('',#706,.T.);
#470=FACE_OUTER_BOUND('',#707,.T.);
#471=FACE_OUTER_BOUND('',#708,.T.);
#472=FACE_OUTER_BOUND('',#709,.T.);
#473=FACE_OUTER_BOUND('',#710,.T.);
#474=FACE_OUTER_BOUND('',#711,.T.);
#475=FACE_OUTER_BOUND('',#712,.T.);
#476=FACE_OUTER_BOUND('',#713,.T.);
#477=FACE_OUTER_BOUND('',#714,.T.);
#478=FACE_OUTER_BOUND('',#715,.T.);
#479=FACE_OUTER_BOUND('',#716,.T.);
#480=FACE_OUTER_BOUND('',#717,.T.);
#481=FACE_OUTER_BOUND('',#718,.T.);
#482=FACE_OUTER_BOUND('',#719,.T.);
#483=FACE_OUTER_BOUND('',#720,.T.);
#484=FACE_OUTER_BOUND('',#721,.T.);
#485=FACE_OUTER_BOUND('',#722,.T.);
#486=FACE_OUTER_BOUND('',#723,.T.);
#487=FACE_OUTER_BOUND('',#724,.T.);
#488=FACE_OUTER_BOUND('',#725,.T.);
#489=FACE_OUTER_BOUND('',#726,.T.);
#490=FACE_OUTER_BOUND('',#727,.T.);
#491=FACE_OUTER_BOUND('',#728,.T.);
#492=FACE_OUTER_BOUND('',#730,.T.);
#493=FACE_OUTER_BOUND('',#731,.T.);
#494=FACE_OUTER_BOUND('',#732,.T.);
#495=FACE_OUTER_BOUND('',#733,.T.);
#496=FACE_OUTER_BOUND('',#734,.T.);
#497=FACE_OUTER_BOUND('',#735,.T.);
#498=FACE_OUTER_BOUND('',#736,.T.);
#499=FACE_OUTER_BOUND('',#737,.T.);
#500=FACE_OUTER_BOUND('',#738,.T.);
#501=FACE_OUTER_BOUND('',#739,.T.);
#502=FACE_OUTER_BOUND('',#740,.T.);
#503=FACE_OUTER_BOUND('',#741,.T.);
#504=FACE_OUTER_BOUND('',#742,.T.);
#505=FACE_OUTER_BOUND('',#743,.T.);
#506=FACE_OUTER_BOUND('',#744,.T.);
#507=FACE_OUTER_BOUND('',#745,.T.);
#508=FACE_OUTER_BOUND('',#746,.T.);
#509=FACE_OUTER_BOUND('',#747,.T.);
#510=FACE_OUTER_BOUND('',#748,.T.);
#511=FACE_OUTER_BOUND('',#753,.T.);
#512=FACE_OUTER_BOUND('',#760,.T.);
#513=FACE_OUTER_BOUND('',#761,.T.);
#514=FACE_OUTER_BOUND('',#762,.T.);
#515=FACE_OUTER_BOUND('',#763,.T.);
#516=FACE_OUTER_BOUND('',#764,.T.);
#517=FACE_OUTER_BOUND('',#765,.T.);
#518=FACE_OUTER_BOUND('',#766,.T.);
#519=FACE_OUTER_BOUND('',#767,.T.);
#520=FACE_OUTER_BOUND('',#768,.T.);
#521=FACE_OUTER_BOUND('',#769,.T.);
#522=FACE_OUTER_BOUND('',#770,.T.);
#523=FACE_OUTER_BOUND('',#771,.T.);
#524=FACE_OUTER_BOUND('',#772,.T.);
#525=FACE_OUTER_BOUND('',#774,.T.);
#526=FACE_OUTER_BOUND('',#775,.T.);
#527=FACE_OUTER_BOUND('',#776,.T.);
#528=FACE_OUTER_BOUND('',#777,.T.);
#529=FACE_OUTER_BOUND('',#778,.T.);
#530=FACE_OUTER_BOUND('',#779,.T.);
#531=FACE_OUTER_BOUND('',#780,.T.);
#532=FACE_OUTER_BOUND('',#781,.T.);
#533=FACE_OUTER_BOUND('',#782,.T.);
#534=FACE_OUTER_BOUND('',#783,.T.);
#535=FACE_OUTER_BOUND('',#784,.T.);
#536=FACE_OUTER_BOUND('',#785,.T.);
#537=FACE_OUTER_BOUND('',#786,.T.);
#538=FACE_OUTER_BOUND('',#787,.T.);
#539=FACE_OUTER_BOUND('',#792,.T.);
#540=FACE_OUTER_BOUND('',#793,.T.);
#541=FACE_OUTER_BOUND('',#794,.T.);
#542=FACE_OUTER_BOUND('',#795,.T.);
#543=FACE_OUTER_BOUND('',#796,.T.);
#544=FACE_OUTER_BOUND('',#797,.T.);
#545=FACE_OUTER_BOUND('',#798,.T.);
#546=FACE_OUTER_BOUND('',#799,.T.);
#547=FACE_OUTER_BOUND('',#800,.T.);
#548=FACE_OUTER_BOUND('',#801,.T.);
#549=FACE_OUTER_BOUND('',#802,.T.);
#550=FACE_OUTER_BOUND('',#803,.T.);
#551=FACE_OUTER_BOUND('',#804,.T.);
#552=FACE_OUTER_BOUND('',#805,.T.);
#553=FACE_OUTER_BOUND('',#806,.T.);
#554=FACE_OUTER_BOUND('',#807,.T.);
#555=FACE_OUTER_BOUND('',#808,.T.);
#556=FACE_OUTER_BOUND('',#813,.T.);
#557=FACE_OUTER_BOUND('',#814,.T.);
#558=FACE_OUTER_BOUND('',#815,.T.);
#559=FACE_OUTER_BOUND('',#816,.T.);
#560=FACE_OUTER_BOUND('',#817,.T.);
#561=FACE_OUTER_BOUND('',#818,.T.);
#562=FACE_OUTER_BOUND('',#819,.T.);
#563=FACE_OUTER_BOUND('',#820,.T.);
#564=FACE_OUTER_BOUND('',#821,.T.);
#565=FACE_OUTER_BOUND('',#822,.T.);
#566=FACE_OUTER_BOUND('',#823,.T.);
#567=FACE_OUTER_BOUND('',#824,.T.);
#568=FACE_OUTER_BOUND('',#825,.T.);
#569=FACE_OUTER_BOUND('',#826,.T.);
#570=FACE_OUTER_BOUND('',#827,.T.);
#571=FACE_OUTER_BOUND('',#828,.T.);
#572=FACE_OUTER_BOUND('',#829,.T.);
#573=FACE_OUTER_BOUND('',#830,.T.);
#574=EDGE_LOOP('',(#2288,#2289,#2290,#2291));
#575=EDGE_LOOP('',(#2292,#2293,#2294,#2295));
#576=EDGE_LOOP('',(#2296,#2297,#2298,#2299));
#577=EDGE_LOOP('',(#2300,#2301,#2302,#2303));
#578=EDGE_LOOP('',(#2304,#2305,#2306,#2307));
#579=EDGE_LOOP('',(#2308,#2309,#2310,#2311));
#580=EDGE_LOOP('',(#2312,#2313,#2314,#2315));
#581=EDGE_LOOP('',(#2316,#2317,#2318,#2319));
#582=EDGE_LOOP('',(#2320,#2321,#2322,#2323));
#583=EDGE_LOOP('',(#2324,#2325,#2326,#2327));
#584=EDGE_LOOP('',(#2328,#2329,#2330,#2331));
#585=EDGE_LOOP('',(#2332,#2333,#2334,#2335));
#586=EDGE_LOOP('',(#2336,#2337,#2338,#2339));
#587=EDGE_LOOP('',(#2340,#2341,#2342,#2343));
#588=EDGE_LOOP('',(#2344,#2345,#2346,#2347));
#589=EDGE_LOOP('',(#2348,#2349,#2350,#2351));
#590=EDGE_LOOP('',(#2352,#2353,#2354,#2355));
#591=EDGE_LOOP('',(#2356,#2357,#2358,#2359));
#592=EDGE_LOOP('',(#2360,#2361,#2362,#2363));
#593=EDGE_LOOP('',(#2364,#2365,#2366,#2367));
#594=EDGE_LOOP('',(#2368,#2369,#2370,#2371));
#595=EDGE_LOOP('',(#2372));
#596=EDGE_LOOP('',(#2373));
#597=EDGE_LOOP('',(#2374));
#598=EDGE_LOOP('',(#2375));
#599=EDGE_LOOP('',(#2376,#2377,#2378,#2379));
#600=EDGE_LOOP('',(#2380,#2381,#2382,#2383));
#601=EDGE_LOOP('',(#2384,#2385,#2386));
#602=EDGE_LOOP('',(#2387,#2388,#2389,#2390));
#603=EDGE_LOOP('',(#2391,#2392,#2393));
#604=EDGE_LOOP('',(#2394,#2395,#2396,#2397));
#605=EDGE_LOOP('',(#2398,#2399,#2400));
#606=EDGE_LOOP('',(#2401,#2402,#2403));
#607=EDGE_LOOP('',(#2404,#2405,#2406,#2407));
#608=EDGE_LOOP('',(#2408,#2409,#2410,#2411));
#609=EDGE_LOOP('',(#2412,#2413,#2414,#2415));
#610=EDGE_LOOP('',(#2416,#2417,#2418,#2419));
#611=EDGE_LOOP('',(#2420,#2421,#2422,#2423));
#612=EDGE_LOOP('',(#2424,#2425,#2426));
#613=EDGE_LOOP('',(#2427,#2428,#2429));
#614=EDGE_LOOP('',(#2430,#2431,#2432,#2433));
#615=EDGE_LOOP('',(#2434,#2435,#2436,#2437));
#616=EDGE_LOOP('',(#2438,#2439,#2440,#2441));
#617=EDGE_LOOP('',(#2442,#2443,#2444,#2445));
#618=EDGE_LOOP('',(#2446,#2447,#2448,#2449));
#619=EDGE_LOOP('',(#2450,#2451,#2452,#2453));
#620=EDGE_LOOP('',(#2454));
#621=EDGE_LOOP('',(#2455));
#622=EDGE_LOOP('',(#2456));
#623=EDGE_LOOP('',(#2457));
#624=EDGE_LOOP('',(#2458,#2459,#2460,#2461));
#625=EDGE_LOOP('',(#2462,#2463,#2464,#2465));
#626=EDGE_LOOP('',(#2466,#2467,#2468));
#627=EDGE_LOOP('',(#2469,#2470,#2471,#2472));
#628=EDGE_LOOP('',(#2473,#2474,#2475,#2476));
#629=EDGE_LOOP('',(#2477,#2478,#2479,#2480));
#630=EDGE_LOOP('',(#2481,#2482,#2483));
#631=EDGE_LOOP('',(#2484,#2485,#2486,#2487));
#632=EDGE_LOOP('',(#2488,#2489,#2490,#2491));
#633=EDGE_LOOP('',(#2492,#2493,#2494,#2495));
#634=EDGE_LOOP('',(#2496,#2497,#2498,#2499));
#635=EDGE_LOOP('',(#2500,#2501,#2502,#2503));
#636=EDGE_LOOP('',(#2504,#2505,#2506,#2507));
#637=EDGE_LOOP('',(#2508));
#638=EDGE_LOOP('',(#2509));
#639=EDGE_LOOP('',(#2510,#2511,#2512,#2513));
#640=EDGE_LOOP('',(#2514,#2515,#2516,#2517));
#641=EDGE_LOOP('',(#2518,#2519,#2520));
#642=EDGE_LOOP('',(#2521,#2522,#2523));
#643=EDGE_LOOP('',(#2524,#2525,#2526));
#644=EDGE_LOOP('',(#2527,#2528,#2529));
#645=EDGE_LOOP('',(#2530,#2531,#2532));
#646=EDGE_LOOP('',(#2533,#2534,#2535));
#647=EDGE_LOOP('',(#2536,#2537,#2538,#2539));
#648=EDGE_LOOP('',(#2540,#2541,#2542,#2543));
#649=EDGE_LOOP('',(#2544,#2545,#2546,#2547));
#650=EDGE_LOOP('',(#2548,#2549,#2550,#2551));
#651=EDGE_LOOP('',(#2552,#2553,#2554,#2555));
#652=EDGE_LOOP('',(#2556,#2557,#2558,#2559));
#653=EDGE_LOOP('',(#2560));
#654=EDGE_LOOP('',(#2561));
#655=EDGE_LOOP('',(#2562,#2563,#2564,#2565));
#656=EDGE_LOOP('',(#2566));
#657=EDGE_LOOP('',(#2567));
#658=EDGE_LOOP('',(#2568,#2569,#2570,#2571,#2572,#2573));
#659=EDGE_LOOP('',(#2574,#2575,#2576,#2577));
#660=EDGE_LOOP('',(#2578,#2579,#2580,#2581));
#661=EDGE_LOOP('',(#2582,#2583,#2584,#2585));
#662=EDGE_LOOP('',(#2586,#2587,#2588,#2589));
#663=EDGE_LOOP('',(#2590,#2591,#2592,#2593));
#664=EDGE_LOOP('',(#2594,#2595,#2596,#2597));
#665=EDGE_LOOP('',(#2598,#2599,#2600,#2601));
#666=EDGE_LOOP('',(#2602,#2603,#2604,#2605));
#667=EDGE_LOOP('',(#2606,#2607,#2608,#2609));
#668=EDGE_LOOP('',(#2610,#2611,#2612,#2613));
#669=EDGE_LOOP('',(#2614,#2615,#2616,#2617));
#670=EDGE_LOOP('',(#2618,#2619,#2620,#2621));
#671=EDGE_LOOP('',(#2622,#2623,#2624,#2625));
#672=EDGE_LOOP('',(#2626,#2627,#2628,#2629,#2630));
#673=EDGE_LOOP('',(#2631,#2632,#2633,#2634));
#674=EDGE_LOOP('',(#2635,#2636,#2637,#2638));
#675=EDGE_LOOP('',(#2639,#2640,#2641,#2642));
#676=EDGE_LOOP('',(#2643,#2644,#2645,#2646));
#677=EDGE_LOOP('',(#2647,#2648,#2649,#2650));
#678=EDGE_LOOP('',(#2651,#2652,#2653,#2654));
#679=EDGE_LOOP('',(#2655,#2656,#2657,#2658));
#680=EDGE_LOOP('',(#2659,#2660,#2661,#2662));
#681=EDGE_LOOP('',(#2663,#2664,#2665,#2666));
#682=EDGE_LOOP('',(#2667,#2668,#2669,#2670,#2671));
#683=EDGE_LOOP('',(#2672,#2673,#2674,#2675));
#684=EDGE_LOOP('',(#2676,#2677,#2678,#2679));
#685=EDGE_LOOP('',(#2680,#2681,#2682,#2683));
#686=EDGE_LOOP('',(#2684,#2685,#2686,#2687));
#687=EDGE_LOOP('',(#2688,#2689,#2690,#2691));
#688=EDGE_LOOP('',(#2692,#2693,#2694,#2695));
#689=EDGE_LOOP('',(#2696,#2697,#2698,#2699));
#690=EDGE_LOOP('',(#2700,#2701,#2702,#2703));
#691=EDGE_LOOP('',(#2704,#2705,#2706,#2707,#2708,#2709,#2710));
#692=EDGE_LOOP('',(#2711,#2712,#2713,#2714));
#693=EDGE_LOOP('',(#2715,#2716,#2717,#2718));
#694=EDGE_LOOP('',(#2719,#2720,#2721,#2722));
#695=EDGE_LOOP('',(#2723,#2724,#2725,#2726,#2727,#2728,#2729));
#696=EDGE_LOOP('',(#2730,#2731,#2732,#2733,#2734,#2735,#2736,#2737));
#697=EDGE_LOOP('',(#2738,#2739,#2740,#2741,#2742,#2743,#2744,#2745));
#698=EDGE_LOOP('',(#2746,#2747,#2748,#2749,#2750,#2751));
#699=EDGE_LOOP('',(#2752,#2753,#2754,#2755));
#700=EDGE_LOOP('',(#2756,#2757,#2758,#2759,#2760,#2761,#2762,#2763,#2764,
#2765));
#701=EDGE_LOOP('',(#2766,#2767,#2768,#2769,#2770));
#702=EDGE_LOOP('',(#2771,#2772,#2773,#2774,#2775));
#703=EDGE_LOOP('',(#2776,#2777,#2778,#2779,#2780));
#704=EDGE_LOOP('',(#2781,#2782,#2783,#2784,#2785));
#705=EDGE_LOOP('',(#2786,#2787,#2788,#2789));
#706=EDGE_LOOP('',(#2790,#2791,#2792,#2793));
#707=EDGE_LOOP('',(#2794,#2795,#2796,#2797,#2798,#2799,#2800,#2801));
#708=EDGE_LOOP('',(#2802,#2803,#2804,#2805,#2806,#2807));
#709=EDGE_LOOP('',(#2808,#2809,#2810,#2811));
#710=EDGE_LOOP('',(#2812,#2813,#2814,#2815,#2816,#2817));
#711=EDGE_LOOP('',(#2818,#2819,#2820,#2821));
#712=EDGE_LOOP('',(#2822,#2823,#2824,#2825));
#713=EDGE_LOOP('',(#2826,#2827,#2828,#2829));
#714=EDGE_LOOP('',(#2830,#2831,#2832,#2833,#2834,#2835,#2836,#2837));
#715=EDGE_LOOP('',(#2838,#2839,#2840,#2841));
#716=EDGE_LOOP('',(#2842,#2843,#2844,#2845,#2846,#2847));
#717=EDGE_LOOP('',(#2848,#2849,#2850,#2851));
#718=EDGE_LOOP('',(#2852,#2853,#2854,#2855));
#719=EDGE_LOOP('',(#2856,#2857,#2858,#2859));
#720=EDGE_LOOP('',(#2860,#2861,#2862,#2863));
#721=EDGE_LOOP('',(#2864,#2865,#2866,#2867,#2868,#2869));
#722=EDGE_LOOP('',(#2870,#2871,#2872,#2873));
#723=EDGE_LOOP('',(#2874,#2875,#2876,#2877));
#724=EDGE_LOOP('',(#2878,#2879,#2880,#2881));
#725=EDGE_LOOP('',(#2882,#2883,#2884,#2885));
#726=EDGE_LOOP('',(#2886,#2887,#2888,#2889));
#727=EDGE_LOOP('',(#2890,#2891,#2892,#2893,#2894,#2895));
#728=EDGE_LOOP('',(#2896,#2897,#2898,#2899));
#729=EDGE_LOOP('',(#2900,#2901,#2902,#2903));
#730=EDGE_LOOP('',(#2904,#2905,#2906,#2907));
#731=EDGE_LOOP('',(#2908,#2909,#2910));
#732=EDGE_LOOP('',(#2911,#2912,#2913));
#733=EDGE_LOOP('',(#2914,#2915,#2916));
#734=EDGE_LOOP('',(#2917,#2918,#2919));
#735=EDGE_LOOP('',(#2920,#2921,#2922));
#736=EDGE_LOOP('',(#2923,#2924,#2925,#2926));
#737=EDGE_LOOP('',(#2927,#2928,#2929));
#738=EDGE_LOOP('',(#2930,#2931,#2932));
#739=EDGE_LOOP('',(#2933,#2934,#2935));
#740=EDGE_LOOP('',(#2936,#2937,#2938,#2939));
#741=EDGE_LOOP('',(#2940,#2941,#2942,#2943));
#742=EDGE_LOOP('',(#2944,#2945,#2946,#2947));
#743=EDGE_LOOP('',(#2948,#2949,#2950,#2951));
#744=EDGE_LOOP('',(#2952,#2953,#2954,#2955));
#745=EDGE_LOOP('',(#2956,#2957,#2958,#2959));
#746=EDGE_LOOP('',(#2960,#2961,#2962,#2963));
#747=EDGE_LOOP('',(#2964,#2965,#2966,#2967));
#748=EDGE_LOOP('',(#2968,#2969,#2970,#2971));
#749=EDGE_LOOP('',(#2972));
#750=EDGE_LOOP('',(#2973));
#751=EDGE_LOOP('',(#2974));
#752=EDGE_LOOP('',(#2975));
#753=EDGE_LOOP('',(#2976,#2977,#2978,#2979));
#754=EDGE_LOOP('',(#2980));
#755=EDGE_LOOP('',(#2981));
#756=EDGE_LOOP('',(#2982));
#757=EDGE_LOOP('',(#2983));
#758=EDGE_LOOP('',(#2984,#2985,#2986,#2987,#2988,#2989,#2990,#2991,#2992,
#2993));
#759=EDGE_LOOP('',(#2994,#2995,#2996));
#760=EDGE_LOOP('',(#2997,#2998,#2999));
#761=EDGE_LOOP('',(#3000,#3001,#3002,#3003,#3004,#3005,#3006,#3007,#3008,
#3009));
#762=EDGE_LOOP('',(#3010,#3011,#3012,#3013,#3014,#3015));
#763=EDGE_LOOP('',(#3016,#3017,#3018,#3019));
#764=EDGE_LOOP('',(#3020,#3021,#3022,#3023));
#765=EDGE_LOOP('',(#3024,#3025,#3026,#3027));
#766=EDGE_LOOP('',(#3028,#3029,#3030,#3031));
#767=EDGE_LOOP('',(#3032,#3033,#3034,#3035));
#768=EDGE_LOOP('',(#3036,#3037,#3038,#3039,#3040,#3041,#3042,#3043));
#769=EDGE_LOOP('',(#3044,#3045,#3046,#3047));
#770=EDGE_LOOP('',(#3048,#3049,#3050,#3051));
#771=EDGE_LOOP('',(#3052,#3053,#3054,#3055));
#772=EDGE_LOOP('',(#3056,#3057,#3058,#3059));
#773=EDGE_LOOP('',(#3060,#3061,#3062,#3063));
#774=EDGE_LOOP('',(#3064,#3065,#3066,#3067));
#775=EDGE_LOOP('',(#3068,#3069,#3070,#3071));
#776=EDGE_LOOP('',(#3072,#3073,#3074,#3075));
#777=EDGE_LOOP('',(#3076,#3077,#3078,#3079));
#778=EDGE_LOOP('',(#3080,#3081,#3082,#3083));
#779=EDGE_LOOP('',(#3084,#3085,#3086,#3087));
#780=EDGE_LOOP('',(#3088,#3089,#3090,#3091));
#781=EDGE_LOOP('',(#3092,#3093,#3094,#3095));
#782=EDGE_LOOP('',(#3096,#3097,#3098,#3099));
#783=EDGE_LOOP('',(#3100,#3101,#3102,#3103));
#784=EDGE_LOOP('',(#3104,#3105,#3106,#3107));
#785=EDGE_LOOP('',(#3108,#3109,#3110,#3111));
#786=EDGE_LOOP('',(#3112,#3113,#3114,#3115));
#787=EDGE_LOOP('',(#3116,#3117,#3118,#3119));
#788=EDGE_LOOP('',(#3120));
#789=EDGE_LOOP('',(#3121,#3122,#3123,#3124,#3125));
#790=EDGE_LOOP('',(#3126));
#791=EDGE_LOOP('',(#3127));
#792=EDGE_LOOP('',(#3128,#3129,#3130,#3131));
#793=EDGE_LOOP('',(#3132,#3133,#3134,#3135));
#794=EDGE_LOOP('',(#3136,#3137,#3138));
#795=EDGE_LOOP('',(#3139,#3140,#3141,#3142));
#796=EDGE_LOOP('',(#3143,#3144,#3145));
#797=EDGE_LOOP('',(#3146,#3147,#3148,#3149));
#798=EDGE_LOOP('',(#3150,#3151,#3152));
#799=EDGE_LOOP('',(#3153,#3154,#3155));
#800=EDGE_LOOP('',(#3156,#3157,#3158,#3159));
#801=EDGE_LOOP('',(#3160,#3161,#3162,#3163));
#802=EDGE_LOOP('',(#3164,#3165,#3166,#3167));
#803=EDGE_LOOP('',(#3168,#3169,#3170,#3171));
#804=EDGE_LOOP('',(#3172,#3173,#3174,#3175));
#805=EDGE_LOOP('',(#3176,#3177,#3178));
#806=EDGE_LOOP('',(#3179,#3180,#3181));
#807=EDGE_LOOP('',(#3182,#3183,#3184,#3185));
#808=EDGE_LOOP('',(#3186,#3187,#3188,#3189));
#809=EDGE_LOOP('',(#3190,#3191,#3192,#3193,#3194));
#810=EDGE_LOOP('',(#3195));
#811=EDGE_LOOP('',(#3196));
#812=EDGE_LOOP('',(#3197));
#813=EDGE_LOOP('',(#3198,#3199,#3200,#3201));
#814=EDGE_LOOP('',(#3202,#3203,#3204,#3205));
#815=EDGE_LOOP('',(#3206,#3207,#3208));
#816=EDGE_LOOP('',(#3209,#3210,#3211,#3212));
#817=EDGE_LOOP('',(#3213,#3214,#3215,#3216));
#818=EDGE_LOOP('',(#3217,#3218,#3219,#3220));
#819=EDGE_LOOP('',(#3221,#3222,#3223));
#820=EDGE_LOOP('',(#3224,#3225,#3226,#3227));
#821=EDGE_LOOP('',(#3228,#3229,#3230,#3231));
#822=EDGE_LOOP('',(#3232,#3233,#3234,#3235));
#823=EDGE_LOOP('',(#3236,#3237,#3238,#3239));
#824=EDGE_LOOP('',(#3240,#3241,#3242,#3243));
#825=EDGE_LOOP('',(#3244,#3245,#3246,#3247));
#826=EDGE_LOOP('',(#3248,#3249,#3250,#3251));
#827=EDGE_LOOP('',(#3252,#3253,#3254,#3255));
#828=EDGE_LOOP('',(#3256,#3257,#3258,#3259));
#829=EDGE_LOOP('',(#3260,#3261,#3262,#3263));
#830=EDGE_LOOP('',(#3264,#3265,#3266,#3267));
#831=LINE('',#5074,#1167);
#832=LINE('',#5076,#1168);
#833=LINE('',#5078,#1169);
#834=LINE('',#5079,#1170);
#835=LINE('',#5082,#1171);
#836=LINE('',#5084,#1172);
#837=LINE('',#5085,#1173);
#838=LINE('',#5088,#1174);
#839=LINE('',#5090,#1175);
#840=LINE('',#5091,#1176);
#841=LINE('',#5093,#1177);
#842=LINE('',#5094,#1178);
#843=LINE('',#5098,#1179);
#844=LINE('',#5100,#1180);
#845=LINE('',#5102,#1181);
#846=LINE('',#5103,#1182);
#847=LINE('',#5106,#1183);
#848=LINE('',#5108,#1184);
#849=LINE('',#5109,#1185);
#850=LINE('',#5112,#1186);
#851=LINE('',#5114,#1187);
#852=LINE('',#5115,#1188);
#853=LINE('',#5117,#1189);
#854=LINE('',#5118,#1190);
#855=LINE('',#5122,#1191);
#856=LINE('',#5124,#1192);
#857=LINE('',#5126,#1193);
#858=LINE('',#5127,#1194);
#859=LINE('',#5130,#1195);
#860=LINE('',#5132,#1196);
#861=LINE('',#5133,#1197);
#862=LINE('',#5136,#1198);
#863=LINE('',#5138,#1199);
#864=LINE('',#5139,#1200);
#865=LINE('',#5141,#1201);
#866=LINE('',#5142,#1202);
#867=LINE('',#5146,#1203);
#868=LINE('',#5148,#1204);
#869=LINE('',#5150,#1205);
#870=LINE('',#5151,#1206);
#871=LINE('',#5155,#1207);
#872=LINE('',#5156,#1208);
#873=LINE('',#5157,#1209);
#874=LINE('',#5160,#1210);
#875=LINE('',#5161,#1211);
#876=LINE('',#5164,#1212);
#877=LINE('',#5165,#1213);
#878=LINE('',#5167,#1214);
#879=LINE('',#5171,#1215);
#880=LINE('',#5173,#1216);
#881=LINE('',#5175,#1217);
#882=LINE('',#5176,#1218);
#883=LINE('',#5189,#1219);
#884=LINE('',#5195,#1220);
#885=LINE('',#5203,#1221);
#886=LINE('',#5211,#1222);
#887=LINE('',#5219,#1223);
#888=LINE('',#5222,#1224);
#889=LINE('',#5225,#1225);
#890=LINE('',#5226,#1226);
#891=LINE('',#5229,#1227);
#892=LINE('',#5233,#1228);
#893=LINE('',#5234,#1229);
#894=LINE('',#5240,#1230);
#895=LINE('',#5247,#1231);
#896=LINE('',#5250,#1232);
#897=LINE('',#5253,#1233);
#898=LINE('',#5254,#1234);
#899=LINE('',#5266,#1235);
#900=LINE('',#5269,#1236);
#901=LINE('',#5274,#1237);
#902=LINE('',#5275,#1238);
#903=LINE('',#5282,#1239);
#904=LINE('',#5284,#1240);
#905=LINE('',#5286,#1241);
#906=LINE('',#5288,#1242);
#907=LINE('',#5303,#1243);
#908=LINE('',#5306,#1244);
#909=LINE('',#5311,#1245);
#910=LINE('',#5313,#1246);
#911=LINE('',#5314,#1247);
#912=LINE('',#5317,#1248);
#913=LINE('',#5318,#1249);
#914=LINE('',#5321,#1250);
#915=LINE('',#5322,#1251);
#916=LINE('',#5325,#1252);
#917=LINE('',#5326,#1253);
#918=LINE('',#5329,#1254);
#919=LINE('',#5330,#1255);
#920=LINE('',#5332,#1256);
#921=LINE('',#5336,#1257);
#922=LINE('',#5337,#1258);
#923=LINE('',#5338,#1259);
#924=LINE('',#5341,#1260);
#925=LINE('',#5342,#1261);
#926=LINE('',#5345,#1262);
#927=LINE('',#5346,#1263);
#928=LINE('',#5349,#1264);
#929=LINE('',#5350,#1265);
#930=LINE('',#5353,#1266);
#931=LINE('',#5354,#1267);
#932=LINE('',#5356,#1268);
#933=LINE('',#5363,#1269);
#934=LINE('',#5373,#1270);
#935=LINE('',#5375,#1271);
#936=LINE('',#5377,#1272);
#937=LINE('',#5378,#1273);
#938=LINE('',#5381,#1274);
#939=LINE('',#5383,#1275);
#940=LINE('',#5384,#1276);
#941=LINE('',#5387,#1277);
#942=LINE('',#5389,#1278);
#943=LINE('',#5390,#1279);
#944=LINE('',#5392,#1280);
#945=LINE('',#5393,#1281);
#946=LINE('',#5397,#1282);
#947=LINE('',#5399,#1283);
#948=LINE('',#5401,#1284);
#949=LINE('',#5402,#1285);
#950=LINE('',#5405,#1286);
#951=LINE('',#5407,#1287);
#952=LINE('',#5408,#1288);
#953=LINE('',#5411,#1289);
#954=LINE('',#5413,#1290);
#955=LINE('',#5414,#1291);
#956=LINE('',#5416,#1292);
#957=LINE('',#5417,#1293);
#958=LINE('',#5421,#1294);
#959=LINE('',#5423,#1295);
#960=LINE('',#5425,#1296);
#961=LINE('',#5426,#1297);
#962=LINE('',#5429,#1298);
#963=LINE('',#5431,#1299);
#964=LINE('',#5432,#1300);
#965=LINE('',#5435,#1301);
#966=LINE('',#5437,#1302);
#967=LINE('',#5438,#1303);
#968=LINE('',#5440,#1304);
#969=LINE('',#5441,#1305);
#970=LINE('',#5445,#1306);
#971=LINE('',#5449,#1307);
#972=LINE('',#5451,#1308);
#973=LINE('',#5452,#1309);
#974=LINE('',#5456,#1310);
#975=LINE('',#5458,#1311);
#976=LINE('',#5460,#1312);
#977=LINE('',#5461,#1313);
#978=LINE('',#5465,#1314);
#979=LINE('',#5466,#1315);
#980=LINE('',#5467,#1316);
#981=LINE('',#5470,#1317);
#982=LINE('',#5471,#1318);
#983=LINE('',#5474,#1319);
#984=LINE('',#5475,#1320);
#985=LINE('',#5477,#1321);
#986=LINE('',#5480,#1322);
#987=LINE('',#5483,#1323);
#988=LINE('',#5486,#1324);
#989=LINE('',#5488,#1325);
#990=LINE('',#5490,#1326);
#991=LINE('',#5491,#1327);
#992=LINE('',#5493,#1328);
#993=LINE('',#5495,#1329);
#994=LINE('',#5496,#1330);
#995=LINE('',#5504,#1331);
#996=LINE('',#5508,#1332);
#997=LINE('',#5510,#1333);
#998=LINE('',#5512,#1334);
#999=LINE('',#5513,#1335);
#1000=LINE('',#5516,#1336);
#1001=LINE('',#5518,#1337);
#1002=LINE('',#5519,#1338);
#1003=LINE('',#5522,#1339);
#1004=LINE('',#5524,#1340);
#1005=LINE('',#5525,#1341);
#1006=LINE('',#5528,#1342);
#1007=LINE('',#5530,#1343);
#1008=LINE('',#5531,#1344);
#1009=LINE('',#5535,#1345);
#1010=LINE('',#5536,#1346);
#1011=LINE('',#5540,#1347);
#1012=LINE('',#5544,#1348);
#1013=LINE('',#5547,#1349);
#1014=LINE('',#5553,#1350);
#1015=LINE('',#5570,#1351);
#1016=LINE('',#5585,#1352);
#1017=LINE('',#5589,#1353);
#1018=LINE('',#5591,#1354);
#1019=LINE('',#5592,#1355);
#1020=LINE('',#5595,#1356);
#1021=LINE('',#5596,#1357);
#1022=LINE('',#5599,#1358);
#1023=LINE('',#5601,#1359);
#1024=LINE('',#5605,#1360);
#1025=LINE('',#5607,#1361);
#1026=LINE('',#5611,#1362);
#1027=LINE('',#5630,#1363);
#1028=LINE('',#5690,#1364);
#1029=LINE('',#5693,#1365);
#1030=LINE('',#5695,#1366);
#1031=LINE('',#5696,#1367);
#1032=LINE('',#5699,#1368);
#1033=LINE('',#5701,#1369);
#1034=LINE('',#5702,#1370);
#1035=LINE('',#5706,#1371);
#1036=LINE('',#5709,#1372);
#1037=LINE('',#5716,#1373);
#1038=LINE('',#5733,#1374);
#1039=LINE('',#5748,#1375);
#1040=LINE('',#5749,#1376);
#1041=LINE('',#5750,#1377);
#1042=LINE('',#5752,#1378);
#1043=LINE('',#5755,#1379);
#1044=LINE('',#5756,#1380);
#1045=LINE('',#5774,#1381);
#1046=LINE('',#5820,#1382);
#1047=LINE('',#5823,#1383);
#1048=LINE('',#5826,#1384);
#1049=LINE('',#5832,#1385);
#1050=LINE('',#5848,#1386);
#1051=LINE('',#5861,#1387);
#1052=LINE('',#5862,#1388);
#1053=LINE('',#5865,#1389);
#1054=LINE('',#5867,#1390);
#1055=LINE('',#5869,#1391);
#1056=LINE('',#5888,#1392);
#1057=LINE('',#5934,#1393);
#1058=LINE('',#5937,#1394);
#1059=LINE('',#5940,#1395);
#1060=LINE('',#5943,#1396);
#1061=LINE('',#5946,#1397);
#1062=LINE('',#5991,#1398);
#1063=LINE('',#5994,#1399);
#1064=LINE('',#5995,#1400);
#1065=LINE('',#5997,#1401);
#1066=LINE('',#6000,#1402);
#1067=LINE('',#6001,#1403);
#1068=LINE('',#6003,#1404);
#1069=LINE('',#6004,#1405);
#1070=LINE('',#6006,#1406);
#1071=LINE('',#6008,#1407);
#1072=LINE('',#6010,#1408);
#1073=LINE('',#6011,#1409);
#1074=LINE('',#6035,#1410);
#1075=LINE('',#6049,#1411);
#1076=LINE('',#6051,#1412);
#1077=LINE('',#6053,#1413);
#1078=LINE('',#6054,#1414);
#1079=LINE('',#6056,#1415);
#1080=LINE('',#6058,#1416);
#1081=LINE('',#6061,#1417);
#1082=LINE('',#6063,#1418);
#1083=LINE('',#6084,#1419);
#1084=LINE('',#6086,#1420);
#1085=LINE('',#6088,#1421);
#1086=LINE('',#6092,#1422);
#1087=LINE('',#6095,#1423);
#1088=LINE('',#6097,#1424);
#1089=LINE('',#6101,#1425);
#1090=LINE('',#6104,#1426);
#1091=LINE('',#6108,#1427);
#1092=LINE('',#6110,#1428);
#1093=LINE('',#6117,#1429);
#1094=LINE('',#6121,#1430);
#1095=LINE('',#6123,#1431);
#1096=LINE('',#6125,#1432);
#1097=LINE('',#6128,#1433);
#1098=LINE('',#6129,#1434);
#1099=LINE('',#6131,#1435);
#1100=LINE('',#6134,#1436);
#1101=LINE('',#6135,#1437);
#1102=LINE('',#6137,#1438);
#1103=LINE('',#6139,#1439);
#1104=LINE('',#6140,#1440);
#1105=LINE('',#6142,#1441);
#1106=LINE('',#6146,#1442);
#1107=LINE('',#6148,#1443);
#1108=LINE('',#6150,#1444);
#1109=LINE('',#6152,#1445);
#1110=LINE('',#6154,#1446);
#1111=LINE('',#6156,#1447);
#1112=LINE('',#6158,#1448);
#1113=LINE('',#6160,#1449);
#1114=LINE('',#6163,#1450);
#1115=LINE('',#6169,#1451);
#1116=LINE('',#6171,#1452);
#1117=LINE('',#6173,#1453);
#1118=LINE('',#6174,#1454);
#1119=LINE('',#6178,#1455);
#1120=LINE('',#6180,#1456);
#1121=LINE('',#6182,#1457);
#1122=LINE('',#6183,#1458);
#1123=LINE('',#6186,#1459);
#1124=LINE('',#6188,#1460);
#1125=LINE('',#6189,#1461);
#1126=LINE('',#6191,#1462);
#1127=LINE('',#6192,#1463);
#1128=LINE('',#6196,#1464);
#1129=LINE('',#6198,#1465);
#1130=LINE('',#6200,#1466);
#1131=LINE('',#6201,#1467);
#1132=LINE('',#6213,#1468);
#1133=LINE('',#6219,#1469);
#1134=LINE('',#6227,#1470);
#1135=LINE('',#6235,#1471);
#1136=LINE('',#6243,#1472);
#1137=LINE('',#6246,#1473);
#1138=LINE('',#6249,#1474);
#1139=LINE('',#6250,#1475);
#1140=LINE('',#6253,#1476);
#1141=LINE('',#6257,#1477);
#1142=LINE('',#6258,#1478);
#1143=LINE('',#6264,#1479);
#1144=LINE('',#6271,#1480);
#1145=LINE('',#6274,#1481);
#1146=LINE('',#6277,#1482);
#1147=LINE('',#6278,#1483);
#1148=LINE('',#6289,#1484);
#1149=LINE('',#6292,#1485);
#1150=LINE('',#6297,#1486);
#1151=LINE('',#6298,#1487);
#1152=LINE('',#6305,#1488);
#1153=LINE('',#6308,#1489);
#1154=LINE('',#6310,#1490);
#1155=LINE('',#6315,#1491);
#1156=LINE('',#6317,#1492);
#1157=LINE('',#6319,#1493);
#1158=LINE('',#6320,#1494);
#1159=LINE('',#6323,#1495);
#1160=LINE('',#6325,#1496);
#1161=LINE('',#6326,#1497);
#1162=LINE('',#6329,#1498);
#1163=LINE('',#6331,#1499);
#1164=LINE('',#6332,#1500);
#1165=LINE('',#6334,#1501);
#1166=LINE('',#6335,#1502);
#1167=VECTOR('',#4026,10.);
#1168=VECTOR('',#4027,10.);
#1169=VECTOR('',#4028,10.);
#1170=VECTOR('',#4029,10.);
#1171=VECTOR('',#4032,10.);
#1172=VECTOR('',#4033,10.);
#1173=VECTOR('',#4034,10.);
#1174=VECTOR('',#4037,10.);
#1175=VECTOR('',#4038,10.);
#1176=VECTOR('',#4039,10.);
#1177=VECTOR('',#4042,10.);
#1178=VECTOR('',#4043,10.);
#1179=VECTOR('',#4046,10.);
#1180=VECTOR('',#4047,10.);
#1181=VECTOR('',#4048,10.);
#1182=VECTOR('',#4049,10.);
#1183=VECTOR('',#4052,10.);
#1184=VECTOR('',#4053,10.);
#1185=VECTOR('',#4054,10.);
#1186=VECTOR('',#4057,10.);
#1187=VECTOR('',#4058,10.);
#1188=VECTOR('',#4059,10.);
#1189=VECTOR('',#4062,10.);
#1190=VECTOR('',#4063,10.);
#1191=VECTOR('',#4066,10.);
#1192=VECTOR('',#4067,10.);
#1193=VECTOR('',#4068,10.);
#1194=VECTOR('',#4069,10.);
#1195=VECTOR('',#4072,10.);
#1196=VECTOR('',#4073,10.);
#1197=VECTOR('',#4074,10.);
#1198=VECTOR('',#4077,10.);
#1199=VECTOR('',#4078,10.);
#1200=VECTOR('',#4079,10.);
#1201=VECTOR('',#4082,10.);
#1202=VECTOR('',#4083,10.);
#1203=VECTOR('',#4086,10.);
#1204=VECTOR('',#4087,10.);
#1205=VECTOR('',#4088,10.);
#1206=VECTOR('',#4089,10.);
#1207=VECTOR('',#4092,10.);
#1208=VECTOR('',#4093,10.);
#1209=VECTOR('',#4094,10.);
#1210=VECTOR('',#4097,10.);
#1211=VECTOR('',#4098,10.);
#1212=VECTOR('',#4101,10.);
#1213=VECTOR('',#4102,10.);
#1214=VECTOR('',#4105,10.);
#1215=VECTOR('',#4108,10.);
#1216=VECTOR('',#4109,10.);
#1217=VECTOR('',#4110,10.);
#1218=VECTOR('',#4111,10.);
#1219=VECTOR('',#4124,10.);
#1220=VECTOR('',#4131,10.);
#1221=VECTOR('',#4142,10.);
#1222=VECTOR('',#4153,10.);
#1223=VECTOR('',#4166,10.);
#1224=VECTOR('',#4169,10.);
#1225=VECTOR('',#4172,10.);
#1226=VECTOR('',#4173,10.);
#1227=VECTOR('',#4176,10.);
#1228=VECTOR('',#4181,10.);
#1229=VECTOR('',#4182,10.);
#1230=VECTOR('',#4189,10.);
#1231=VECTOR('',#4200,10.);
#1232=VECTOR('',#4203,10.);
#1233=VECTOR('',#4206,10.);
#1234=VECTOR('',#4207,10.);
#1235=VECTOR('',#4222,10.);
#1236=VECTOR('',#4225,10.);
#1237=VECTOR('',#4232,10.);
#1238=VECTOR('',#4233,10.);
#1239=VECTOR('',#4246,1.167);
#1240=VECTOR('',#4249,1.167);
#1241=VECTOR('',#4252,1.167);
#1242=VECTOR('',#4255,1.167);
#1243=VECTOR('',#4276,1.50000000000004);
#1244=VECTOR('',#4279,1.3616375);
#1245=VECTOR('',#4284,10.);
#1246=VECTOR('',#4285,10.);
#1247=VECTOR('',#4286,10.);
#1248=VECTOR('',#4289,10.);
#1249=VECTOR('',#4290,10.);
#1250=VECTOR('',#4293,10.);
#1251=VECTOR('',#4294,10.);
#1252=VECTOR('',#4297,10.);
#1253=VECTOR('',#4298,10.);
#1254=VECTOR('',#4301,10.);
#1255=VECTOR('',#4302,10.);
#1256=VECTOR('',#4305,10.);
#1257=VECTOR('',#4308,10.);
#1258=VECTOR('',#4309,10.);
#1259=VECTOR('',#4310,10.);
#1260=VECTOR('',#4313,10.);
#1261=VECTOR('',#4314,10.);
#1262=VECTOR('',#4317,10.);
#1263=VECTOR('',#4318,10.);
#1264=VECTOR('',#4321,10.);
#1265=VECTOR('',#4322,10.);
#1266=VECTOR('',#4325,10.);
#1267=VECTOR('',#4326,10.);
#1268=VECTOR('',#4329,10.);
#1269=VECTOR('',#4338,3.44999999999993);
#1270=VECTOR('',#4351,10.);
#1271=VECTOR('',#4352,10.);
#1272=VECTOR('',#4353,10.);
#1273=VECTOR('',#4354,10.);
#1274=VECTOR('',#4357,10.);
#1275=VECTOR('',#4358,10.);
#1276=VECTOR('',#4359,10.);
#1277=VECTOR('',#4362,10.);
#1278=VECTOR('',#4363,10.);
#1279=VECTOR('',#4364,10.);
#1280=VECTOR('',#4367,10.);
#1281=VECTOR('',#4368,10.);
#1282=VECTOR('',#4371,10.);
#1283=VECTOR('',#4372,10.);
#1284=VECTOR('',#4373,10.);
#1285=VECTOR('',#4374,10.);
#1286=VECTOR('',#4377,10.);
#1287=VECTOR('',#4378,10.);
#1288=VECTOR('',#4379,10.);
#1289=VECTOR('',#4382,10.);
#1290=VECTOR('',#4383,10.);
#1291=VECTOR('',#4384,10.);
#1292=VECTOR('',#4387,10.);
#1293=VECTOR('',#4388,10.);
#1294=VECTOR('',#4391,10.);
#1295=VECTOR('',#4392,10.);
#1296=VECTOR('',#4393,10.);
#1297=VECTOR('',#4394,10.);
#1298=VECTOR('',#4397,10.);
#1299=VECTOR('',#4398,10.);
#1300=VECTOR('',#4399,10.);
#1301=VECTOR('',#4402,10.);
#1302=VECTOR('',#4403,10.);
#1303=VECTOR('',#4404,10.);
#1304=VECTOR('',#4407,10.);
#1305=VECTOR('',#4408,10.);
#1306=VECTOR('',#4411,10.);
#1307=VECTOR('',#4414,10.);
#1308=VECTOR('',#4415,10.);
#1309=VECTOR('',#4416,10.);
#1310=VECTOR('',#4419,10.);
#1311=VECTOR('',#4420,10.);
#1312=VECTOR('',#4421,10.);
#1313=VECTOR('',#4422,10.);
#1314=VECTOR('',#4425,10.);
#1315=VECTOR('',#4426,10.);
#1316=VECTOR('',#4427,10.);
#1317=VECTOR('',#4430,10.);
#1318=VECTOR('',#4431,10.);
#1319=VECTOR('',#4434,10.);
#1320=VECTOR('',#4435,10.);
#1321=VECTOR('',#4438,10.);
#1322=VECTOR('',#4441,10.);
#1323=VECTOR('',#4444,10.);
#1324=VECTOR('',#4447,10.);
#1325=VECTOR('',#4448,10.);
#1326=VECTOR('',#4449,10.);
#1327=VECTOR('',#4450,10.);
#1328=VECTOR('',#4453,10.);
#1329=VECTOR('',#4456,10.);
#1330=VECTOR('',#4457,10.);
#1331=VECTOR('',#4466,10.);
#1332=VECTOR('',#4469,10.);
#1333=VECTOR('',#4470,10.);
#1334=VECTOR('',#4471,10.);
#1335=VECTOR('',#4472,10.);
#1336=VECTOR('',#4475,10.);
#1337=VECTOR('',#4476,10.);
#1338=VECTOR('',#4477,10.);
#1339=VECTOR('',#4480,10.);
#1340=VECTOR('',#4481,10.);
#1341=VECTOR('',#4482,10.);
#1342=VECTOR('',#4485,10.);
#1343=VECTOR('',#4486,10.);
#1344=VECTOR('',#4487,10.);
#1345=VECTOR('',#4492,10.);
#1346=VECTOR('',#4493,10.);
#1347=VECTOR('',#4498,10.);
#1348=VECTOR('',#4501,10.);
#1349=VECTOR('',#4504,10.);
#1350=VECTOR('',#4509,10.);
#1351=VECTOR('',#4514,10.);
#1352=VECTOR('',#4519,10.);
#1353=VECTOR('',#4522,10.);
#1354=VECTOR('',#4523,10.);
#1355=VECTOR('',#4524,10.);
#1356=VECTOR('',#4527,10.);
#1357=VECTOR('',#4528,10.);
#1358=VECTOR('',#4531,10.);
#1359=VECTOR('',#4532,10.);
#1360=VECTOR('',#4535,10.);
#1361=VECTOR('',#4536,10.);
#1362=VECTOR('',#4539,10.);
#1363=VECTOR('',#4542,10.);
#1364=VECTOR('',#4543,10.);
#1365=VECTOR('',#4546,10.);
#1366=VECTOR('',#4547,10.);
#1367=VECTOR('',#4548,10.);
#1368=VECTOR('',#4551,10.);
#1369=VECTOR('',#4552,10.);
#1370=VECTOR('',#4553,10.);
#1371=VECTOR('',#4558,10.);
#1372=VECTOR('',#4561,10.);
#1373=VECTOR('',#4568,10.);
#1374=VECTOR('',#4573,10.);
#1375=VECTOR('',#4578,10.);
#1376=VECTOR('',#4579,10.);
#1377=VECTOR('',#4580,10.);
#1378=VECTOR('',#4583,10.);
#1379=VECTOR('',#4586,10.);
#1380=VECTOR('',#4587,10.);
#1381=VECTOR('',#4588,10.);
#1382=VECTOR('',#4589,10.);
#1383=VECTOR('',#4592,10.);
#1384=VECTOR('',#4595,10.);
#1385=VECTOR('',#4600,10.);
#1386=VECTOR('',#4605,10.);
#1387=VECTOR('',#4608,10.);
#1388=VECTOR('',#4609,10.);
#1389=VECTOR('',#4612,10.);
#1390=VECTOR('',#4613,10.);
#1391=VECTOR('',#4614,10.);
#1392=VECTOR('',#4617,10.);
#1393=VECTOR('',#4618,10.);
#1394=VECTOR('',#4621,10.);
#1395=VECTOR('',#4624,10.);
#1396=VECTOR('',#4627,10.);
#1397=VECTOR('',#4630,10.);
#1398=VECTOR('',#4637,10.);
#1399=VECTOR('',#4640,10.);
#1400=VECTOR('',#4641,10.);
#1401=VECTOR('',#4644,10.);
#1402=VECTOR('',#4647,10.);
#1403=VECTOR('',#4648,10.);
#1404=VECTOR('',#4651,10.);
#1405=VECTOR('',#4652,10.);
#1406=VECTOR('',#4655,10.);
#1407=VECTOR('',#4658,10.);
#1408=VECTOR('',#4659,10.);
#1409=VECTOR('',#4660,10.);
#1410=VECTOR('',#4697,10.);
#1411=VECTOR('',#4718,10.);
#1412=VECTOR('',#4721,10.);
#1413=VECTOR('',#4724,10.);
#1414=VECTOR('',#4725,10.);
#1415=VECTOR('',#4728,10.);
#1416=VECTOR('',#4731,10.);
#1417=VECTOR('',#4736,10.);
#1418=VECTOR('',#4739,10.);
#1419=VECTOR('',#4760,10.);
#1420=VECTOR('',#4761,10.);
#1421=VECTOR('',#4762,10.);
#1422=VECTOR('',#4765,10.);
#1423=VECTOR('',#4768,10.);
#1424=VECTOR('',#4769,10.);
#1425=VECTOR('',#4772,10.);
#1426=VECTOR('',#4775,10.);
#1427=VECTOR('',#4778,10.);
#1428=VECTOR('',#4779,10.);
#1429=VECTOR('',#4786,10.);
#1430=VECTOR('',#4789,10.);
#1431=VECTOR('',#4790,10.);
#1432=VECTOR('',#4791,10.);
#1433=VECTOR('',#4794,10.);
#1434=VECTOR('',#4795,10.);
#1435=VECTOR('',#4798,10.);
#1436=VECTOR('',#4803,10.);
#1437=VECTOR('',#4804,10.);
#1438=VECTOR('',#4807,10.);
#1439=VECTOR('',#4810,10.);
#1440=VECTOR('',#4811,10.);
#1441=VECTOR('',#4814,10.);
#1442=VECTOR('',#4821,0.937700000000001);
#1443=VECTOR('',#4824,0.937700000000001);
#1444=VECTOR('',#4827,0.937700000000001);
#1445=VECTOR('',#4830,0.937700000000001);
#1446=VECTOR('',#4833,10.);
#1447=VECTOR('',#4836,10.);
#1448=VECTOR('',#4839,10.);
#1449=VECTOR('',#4842,10.);
#1450=VECTOR('',#4847,10.);
#1451=VECTOR('',#4854,10.);
#1452=VECTOR('',#4855,10.);
#1453=VECTOR('',#4856,10.);
#1454=VECTOR('',#4857,10.);
#1455=VECTOR('',#4860,10.);
#1456=VECTOR('',#4861,10.);
#1457=VECTOR('',#4862,10.);
#1458=VECTOR('',#4863,10.);
#1459=VECTOR('',#4866,10.);
#1460=VECTOR('',#4867,10.);
#1461=VECTOR('',#4868,10.);
#1462=VECTOR('',#4871,10.);
#1463=VECTOR('',#4872,10.);
#1464=VECTOR('',#4875,10.);
#1465=VECTOR('',#4876,10.);
#1466=VECTOR('',#4877,10.);
#1467=VECTOR('',#4878,10.);
#1468=VECTOR('',#4891,10.);
#1469=VECTOR('',#4898,10.);
#1470=VECTOR('',#4909,10.);
#1471=VECTOR('',#4920,10.);
#1472=VECTOR('',#4933,10.);
#1473=VECTOR('',#4936,10.);
#1474=VECTOR('',#4939,10.);
#1475=VECTOR('',#4940,10.);
#1476=VECTOR('',#4943,10.);
#1477=VECTOR('',#4948,10.);
#1478=VECTOR('',#4949,10.);
#1479=VECTOR('',#4956,10.);
#1480=VECTOR('',#4967,10.);
#1481=VECTOR('',#4970,10.);
#1482=VECTOR('',#4973,10.);
#1483=VECTOR('',#4974,10.);
#1484=VECTOR('',#4989,10.);
#1485=VECTOR('',#4992,10.);
#1486=VECTOR('',#4999,10.);
#1487=VECTOR('',#5000,10.);
#1488=VECTOR('',#5013,1.167);
#1489=VECTOR('',#5018,1.167);
#1490=VECTOR('',#5021,1.167);
#1491=VECTOR('',#5026,10.);
#1492=VECTOR('',#5027,10.);
#1493=VECTOR('',#5028,10.);
#1494=VECTOR('',#5029,10.);
#1495=VECTOR('',#5032,10.);
#1496=VECTOR('',#5033,10.);
#1497=VECTOR('',#5034,10.);
#1498=VECTOR('',#5037,10.);
#1499=VECTOR('',#5038,10.);
#1500=VECTOR('',#5039,10.);
#1501=VECTOR('',#5042,10.);
#1502=VECTOR('',#5043,10.);
#1503=VERTEX_POINT('',#5072);
#1504=VERTEX_POINT('',#5073);
#1505=VERTEX_POINT('',#5075);
#1506=VERTEX_POINT('',#5077);
#1507=VERTEX_POINT('',#5081);
#1508=VERTEX_POINT('',#5083);
#1509=VERTEX_POINT('',#5087);
#1510=VERTEX_POINT('',#5089);
#1511=VERTEX_POINT('',#5096);
#1512=VERTEX_POINT('',#5097);
#1513=VERTEX_POINT('',#5099);
#1514=VERTEX_POINT('',#5101);
#1515=VERTEX_POINT('',#5105);
#1516=VERTEX_POINT('',#5107);
#1517=VERTEX_POINT('',#5111);
#1518=VERTEX_POINT('',#5113);
#1519=VERTEX_POINT('',#5120);
#1520=VERTEX_POINT('',#5121);
#1521=VERTEX_POINT('',#5123);
#1522=VERTEX_POINT('',#5125);
#1523=VERTEX_POINT('',#5129);
#1524=VERTEX_POINT('',#5131);
#1525=VERTEX_POINT('',#5135);
#1526=VERTEX_POINT('',#5137);
#1527=VERTEX_POINT('',#5144);
#1528=VERTEX_POINT('',#5145);
#1529=VERTEX_POINT('',#5147);
#1530=VERTEX_POINT('',#5149);
#1531=VERTEX_POINT('',#5153);
#1532=VERTEX_POINT('',#5154);
#1533=VERTEX_POINT('',#5159);
#1534=VERTEX_POINT('',#5163);
#1535=VERTEX_POINT('',#5169);
#1536=VERTEX_POINT('',#5170);
#1537=VERTEX_POINT('',#5172);
#1538=VERTEX_POINT('',#5174);
#1539=VERTEX_POINT('',#5177);
#1540=VERTEX_POINT('',#5179);
#1541=VERTEX_POINT('',#5181);
#1542=VERTEX_POINT('',#5183);
#1543=VERTEX_POINT('',#5186);
#1544=VERTEX_POINT('',#5188);
#1545=VERTEX_POINT('',#5192);
#1546=VERTEX_POINT('',#5194);
#1547=VERTEX_POINT('',#5200);
#1548=VERTEX_POINT('',#5202);
#1549=VERTEX_POINT('',#5208);
#1550=VERTEX_POINT('',#5210);
#1551=VERTEX_POINT('',#5218);
#1552=VERTEX_POINT('',#5220);
#1553=VERTEX_POINT('',#5224);
#1554=VERTEX_POINT('',#5228);
#1555=VERTEX_POINT('',#5232);
#1556=VERTEX_POINT('',#5236);
#1557=VERTEX_POINT('',#5238);
#1558=VERTEX_POINT('',#5246);
#1559=VERTEX_POINT('',#5248);
#1560=VERTEX_POINT('',#5252);
#1561=VERTEX_POINT('',#5255);
#1562=VERTEX_POINT('',#5257);
#1563=VERTEX_POINT('',#5259);
#1564=VERTEX_POINT('',#5261);
#1565=VERTEX_POINT('',#5267);
#1566=VERTEX_POINT('',#5273);
#1567=VERTEX_POINT('',#5292);
#1568=VERTEX_POINT('',#5294);
#1569=VERTEX_POINT('',#5298);
#1570=VERTEX_POINT('',#5301);
#1571=VERTEX_POINT('',#5305);
#1572=VERTEX_POINT('',#5309);
#1573=VERTEX_POINT('',#5310);
#1574=VERTEX_POINT('',#5312);
#1575=VERTEX_POINT('',#5316);
#1576=VERTEX_POINT('',#5320);
#1577=VERTEX_POINT('',#5324);
#1578=VERTEX_POINT('',#5328);
#1579=VERTEX_POINT('',#5334);
#1580=VERTEX_POINT('',#5335);
#1581=VERTEX_POINT('',#5340);
#1582=VERTEX_POINT('',#5344);
#1583=VERTEX_POINT('',#5348);
#1584=VERTEX_POINT('',#5352);
#1585=VERTEX_POINT('',#5358);
#1586=VERTEX_POINT('',#5360);
#1587=VERTEX_POINT('',#5366);
#1588=VERTEX_POINT('',#5371);
#1589=VERTEX_POINT('',#5372);
#1590=VERTEX_POINT('',#5374);
#1591=VERTEX_POINT('',#5376);
#1592=VERTEX_POINT('',#5380);
#1593=VERTEX_POINT('',#5382);
#1594=VERTEX_POINT('',#5386);
#1595=VERTEX_POINT('',#5388);
#1596=VERTEX_POINT('',#5395);
#1597=VERTEX_POINT('',#5396);
#1598=VERTEX_POINT('',#5398);
#1599=VERTEX_POINT('',#5400);
#1600=VERTEX_POINT('',#5404);
#1601=VERTEX_POINT('',#5406);
#1602=VERTEX_POINT('',#5410);
#1603=VERTEX_POINT('',#5412);
#1604=VERTEX_POINT('',#5419);
#1605=VERTEX_POINT('',#5420);
#1606=VERTEX_POINT('',#5422);
#1607=VERTEX_POINT('',#5424);
#1608=VERTEX_POINT('',#5428);
#1609=VERTEX_POINT('',#5430);
#1610=VERTEX_POINT('',#5434);
#1611=VERTEX_POINT('',#5436);
#1612=VERTEX_POINT('',#5443);
#1613=VERTEX_POINT('',#5444);
#1614=VERTEX_POINT('',#5446);
#1615=VERTEX_POINT('',#5448);
#1616=VERTEX_POINT('',#5450);
#1617=VERTEX_POINT('',#5454);
#1618=VERTEX_POINT('',#5455);
#1619=VERTEX_POINT('',#5457);
#1620=VERTEX_POINT('',#5459);
#1621=VERTEX_POINT('',#5463);
#1622=VERTEX_POINT('',#5464);
#1623=VERTEX_POINT('',#5469);
#1624=VERTEX_POINT('',#5473);
#1625=VERTEX_POINT('',#5479);
#1626=VERTEX_POINT('',#5481);
#1627=VERTEX_POINT('',#5485);
#1628=VERTEX_POINT('',#5487);
#1629=VERTEX_POINT('',#5489);
#1630=VERTEX_POINT('',#5500);
#1631=VERTEX_POINT('',#5501);
#1632=VERTEX_POINT('',#5503);
#1633=VERTEX_POINT('',#5505);
#1634=VERTEX_POINT('',#5507);
#1635=VERTEX_POINT('',#5509);
#1636=VERTEX_POINT('',#5511);
#1637=VERTEX_POINT('',#5515);
#1638=VERTEX_POINT('',#5517);
#1639=VERTEX_POINT('',#5521);
#1640=VERTEX_POINT('',#5523);
#1641=VERTEX_POINT('',#5527);
#1642=VERTEX_POINT('',#5529);
#1643=VERTEX_POINT('',#5533);
#1644=VERTEX_POINT('',#5539);
#1645=VERTEX_POINT('',#5541);
#1646=VERTEX_POINT('',#5543);
#1647=VERTEX_POINT('',#5545);
#1648=VERTEX_POINT('',#5549);
#1649=VERTEX_POINT('',#5550);
#1650=VERTEX_POINT('',#5552);
#1651=VERTEX_POINT('',#5554);
#1652=VERTEX_POINT('',#5556);
#1653=VERTEX_POINT('',#5567);
#1654=VERTEX_POINT('',#5569);
#1655=VERTEX_POINT('',#5571);
#1656=VERTEX_POINT('',#5584);
#1657=VERTEX_POINT('',#5586);
#1658=VERTEX_POINT('',#5588);
#1659=VERTEX_POINT('',#5590);
#1660=VERTEX_POINT('',#5594);
#1661=VERTEX_POINT('',#5598);
#1662=VERTEX_POINT('',#5600);
#1663=VERTEX_POINT('',#5602);
#1664=VERTEX_POINT('',#5604);
#1665=VERTEX_POINT('',#5606);
#1666=VERTEX_POINT('',#5608);
#1667=VERTEX_POINT('',#5610);
#1668=VERTEX_POINT('',#5629);
#1669=VERTEX_POINT('',#5631);
#1670=VERTEX_POINT('',#5668);
#1671=VERTEX_POINT('',#5673);
#1672=VERTEX_POINT('',#5692);
#1673=VERTEX_POINT('',#5694);
#1674=VERTEX_POINT('',#5698);
#1675=VERTEX_POINT('',#5700);
#1676=VERTEX_POINT('',#5704);
#1677=VERTEX_POINT('',#5708);
#1678=VERTEX_POINT('',#5712);
#1679=VERTEX_POINT('',#5713);
#1680=VERTEX_POINT('',#5715);
#1681=VERTEX_POINT('',#5717);
#1682=VERTEX_POINT('',#5719);
#1683=VERTEX_POINT('',#5730);
#1684=VERTEX_POINT('',#5732);
#1685=VERTEX_POINT('',#5734);
#1686=VERTEX_POINT('',#5747);
#1687=VERTEX_POINT('',#5754);
#1688=VERTEX_POINT('',#5773);
#1689=VERTEX_POINT('',#5805);
#1690=VERTEX_POINT('',#5822);
#1691=VERTEX_POINT('',#5824);
#1692=VERTEX_POINT('',#5828);
#1693=VERTEX_POINT('',#5829);
#1694=VERTEX_POINT('',#5831);
#1695=VERTEX_POINT('',#5833);
#1696=VERTEX_POINT('',#5835);
#1697=VERTEX_POINT('',#5846);
#1698=VERTEX_POINT('',#5860);
#1699=VERTEX_POINT('',#5864);
#1700=VERTEX_POINT('',#5866);
#1701=VERTEX_POINT('',#5868);
#1702=VERTEX_POINT('',#5887);
#1703=VERTEX_POINT('',#5919);
#1704=VERTEX_POINT('',#5936);
#1705=VERTEX_POINT('',#5938);
#1706=VERTEX_POINT('',#5942);
#1707=VERTEX_POINT('',#5944);
#1708=VERTEX_POINT('',#5989);
#1709=VERTEX_POINT('',#5993);
#1710=VERTEX_POINT('',#5999);
#1711=VERTEX_POINT('',#6009);
#1712=VERTEX_POINT('',#6013);
#1713=VERTEX_POINT('',#6017);
#1714=VERTEX_POINT('',#6022);
#1715=VERTEX_POINT('',#6026);
#1716=VERTEX_POINT('',#6031);
#1717=VERTEX_POINT('',#6037);
#1718=VERTEX_POINT('',#6041);
#1719=VERTEX_POINT('',#6045);
#1720=VERTEX_POINT('',#6065);
#1721=VERTEX_POINT('',#6067);
#1722=VERTEX_POINT('',#6069);
#1723=VERTEX_POINT('',#6071);
#1724=VERTEX_POINT('',#6074);
#1725=VERTEX_POINT('',#6076);
#1726=VERTEX_POINT('',#6078);
#1727=VERTEX_POINT('',#6080);
#1728=VERTEX_POINT('',#6082);
#1729=VERTEX_POINT('',#6083);
#1730=VERTEX_POINT('',#6085);
#1731=VERTEX_POINT('',#6087);
#1732=VERTEX_POINT('',#6089);
#1733=VERTEX_POINT('',#6091);
#1734=VERTEX_POINT('',#6093);
#1735=VERTEX_POINT('',#6096);
#1736=VERTEX_POINT('',#6099);
#1737=VERTEX_POINT('',#6100);
#1738=VERTEX_POINT('',#6102);
#1739=VERTEX_POINT('',#6106);
#1740=VERTEX_POINT('',#6107);
#1741=VERTEX_POINT('',#6109);
#1742=VERTEX_POINT('',#6113);
#1743=VERTEX_POINT('',#6114);
#1744=VERTEX_POINT('',#6116);
#1745=VERTEX_POINT('',#6118);
#1746=VERTEX_POINT('',#6120);
#1747=VERTEX_POINT('',#6122);
#1748=VERTEX_POINT('',#6124);
#1749=VERTEX_POINT('',#6126);
#1750=VERTEX_POINT('',#6167);
#1751=VERTEX_POINT('',#6168);
#1752=VERTEX_POINT('',#6170);
#1753=VERTEX_POINT('',#6172);
#1754=VERTEX_POINT('',#6176);
#1755=VERTEX_POINT('',#6177);
#1756=VERTEX_POINT('',#6179);
#1757=VERTEX_POINT('',#6181);
#1758=VERTEX_POINT('',#6185);
#1759=VERTEX_POINT('',#6187);
#1760=VERTEX_POINT('',#6194);
#1761=VERTEX_POINT('',#6195);
#1762=VERTEX_POINT('',#6197);
#1763=VERTEX_POINT('',#6199);
#1764=VERTEX_POINT('',#6202);
#1765=VERTEX_POINT('',#6205);
#1766=VERTEX_POINT('',#6207);
#1767=VERTEX_POINT('',#6210);
#1768=VERTEX_POINT('',#6212);
#1769=VERTEX_POINT('',#6216);
#1770=VERTEX_POINT('',#6218);
#1771=VERTEX_POINT('',#6224);
#1772=VERTEX_POINT('',#6226);
#1773=VERTEX_POINT('',#6232);
#1774=VERTEX_POINT('',#6234);
#1775=VERTEX_POINT('',#6242);
#1776=VERTEX_POINT('',#6244);
#1777=VERTEX_POINT('',#6248);
#1778=VERTEX_POINT('',#6252);
#1779=VERTEX_POINT('',#6256);
#1780=VERTEX_POINT('',#6260);
#1781=VERTEX_POINT('',#6262);
#1782=VERTEX_POINT('',#6270);
#1783=VERTEX_POINT('',#6272);
#1784=VERTEX_POINT('',#6276);
#1785=VERTEX_POINT('',#6280);
#1786=VERTEX_POINT('',#6282);
#1787=VERTEX_POINT('',#6284);
#1788=VERTEX_POINT('',#6290);
#1789=VERTEX_POINT('',#6296);
#1790=VERTEX_POINT('',#6313);
#1791=VERTEX_POINT('',#6314);
#1792=VERTEX_POINT('',#6316);
#1793=VERTEX_POINT('',#6318);
#1794=VERTEX_POINT('',#6322);
#1795=VERTEX_POINT('',#6324);
#1796=VERTEX_POINT('',#6328);
#1797=VERTEX_POINT('',#6330);
#1798=EDGE_CURVE('',#1503,#1504,#831,.T.);
#1799=EDGE_CURVE('',#1505,#1503,#832,.T.);
#1800=EDGE_CURVE('',#1506,#1505,#833,.T.);
#1801=EDGE_CURVE('',#1506,#1504,#834,.T.);
#1802=EDGE_CURVE('',#1507,#1503,#835,.T.);
#1803=EDGE_CURVE('',#1508,#1507,#836,.T.);
#1804=EDGE_CURVE('',#1505,#1508,#837,.T.);
#1805=EDGE_CURVE('',#1509,#1507,#838,.T.);
#1806=EDGE_CURVE('',#1510,#1509,#839,.T.);
#1807=EDGE_CURVE('',#1508,#1510,#840,.T.);
#1808=EDGE_CURVE('',#1504,#1509,#841,.T.);
#1809=EDGE_CURVE('',#1510,#1506,#842,.T.);
#1810=EDGE_CURVE('',#1511,#1512,#843,.T.);
#1811=EDGE_CURVE('',#1513,#1511,#844,.T.);
#1812=EDGE_CURVE('',#1514,#1513,#845,.T.);
#1813=EDGE_CURVE('',#1514,#1512,#846,.T.);
#1814=EDGE_CURVE('',#1515,#1511,#847,.T.);
#1815=EDGE_CURVE('',#1516,#1515,#848,.T.);
#1816=EDGE_CURVE('',#1513,#1516,#849,.T.);
#1817=EDGE_CURVE('',#1517,#1515,#850,.T.);
#1818=EDGE_CURVE('',#1518,#1517,#851,.T.);
#1819=EDGE_CURVE('',#1516,#1518,#852,.T.);
#1820=EDGE_CURVE('',#1512,#1517,#853,.T.);
#1821=EDGE_CURVE('',#1518,#1514,#854,.T.);
#1822=EDGE_CURVE('',#1519,#1520,#855,.T.);
#1823=EDGE_CURVE('',#1521,#1519,#856,.T.);
#1824=EDGE_CURVE('',#1522,#1521,#857,.T.);
#1825=EDGE_CURVE('',#1522,#1520,#858,.T.);
#1826=EDGE_CURVE('',#1523,#1519,#859,.T.);
#1827=EDGE_CURVE('',#1524,#1523,#860,.T.);
#1828=EDGE_CURVE('',#1521,#1524,#861,.T.);
#1829=EDGE_CURVE('',#1525,#1523,#862,.T.);
#1830=EDGE_CURVE('',#1526,#1525,#863,.T.);
#1831=EDGE_CURVE('',#1524,#1526,#864,.T.);
#1832=EDGE_CURVE('',#1520,#1525,#865,.T.);
#1833=EDGE_CURVE('',#1526,#1522,#866,.T.);
#1834=EDGE_CURVE('',#1527,#1528,#867,.T.);
#1835=EDGE_CURVE('',#1528,#1529,#868,.T.);
#1836=EDGE_CURVE('',#1529,#1530,#869,.T.);
#1837=EDGE_CURVE('',#1530,#1527,#870,.T.);
#1838=EDGE_CURVE('',#1531,#1532,#871,.T.);
#1839=EDGE_CURVE('',#1531,#1528,#872,.T.);
#1840=EDGE_CURVE('',#1532,#1527,#873,.T.);
#1841=EDGE_CURVE('',#1533,#1531,#874,.T.);
#1842=EDGE_CURVE('',#1533,#1529,#875,.T.);
#1843=EDGE_CURVE('',#1534,#1533,#876,.T.);
#1844=EDGE_CURVE('',#1534,#1530,#877,.T.);
#1845=EDGE_CURVE('',#1532,#1534,#878,.T.);
#1846=EDGE_CURVE('',#1535,#1536,#879,.T.);
#1847=EDGE_CURVE('',#1537,#1535,#880,.T.);
#1848=EDGE_CURVE('',#1538,#1537,#881,.T.);
#1849=EDGE_CURVE('',#1536,#1538,#882,.T.);
#1850=EDGE_CURVE('',#1539,#1539,#179,.F.);
#1851=EDGE_CURVE('',#1540,#1540,#180,.F.);
#1852=EDGE_CURVE('',#1541,#1541,#181,.F.);
#1853=EDGE_CURVE('',#1542,#1542,#182,.F.);
#1854=EDGE_CURVE('',#1536,#1543,#183,.T.);
#1855=EDGE_CURVE('',#1543,#1544,#883,.T.);
#1856=EDGE_CURVE('',#1544,#1535,#184,.T.);
#1857=EDGE_CURVE('',#1538,#1545,#185,.T.);
#1858=EDGE_CURVE('',#1545,#1546,#884,.T.);
#1859=EDGE_CURVE('',#1546,#1536,#186,.T.);
#1860=EDGE_CURVE('',#1546,#1543,#187,.T.);
#1861=EDGE_CURVE('',#1537,#1547,#188,.T.);
#1862=EDGE_CURVE('',#1547,#1548,#885,.T.);
#1863=EDGE_CURVE('',#1548,#1538,#189,.T.);
#1864=EDGE_CURVE('',#1548,#1545,#190,.T.);
#1865=EDGE_CURVE('',#1535,#1549,#191,.T.);
#1866=EDGE_CURVE('',#1549,#1550,#886,.T.);
#1867=EDGE_CURVE('',#1550,#1537,#192,.T.);
#1868=EDGE_CURVE('',#1550,#1547,#193,.T.);
#1869=EDGE_CURVE('',#1544,#1549,#194,.T.);
#1870=EDGE_CURVE('',#1548,#1551,#887,.T.);
#1871=EDGE_CURVE('',#1551,#1552,#195,.T.);
#1872=EDGE_CURVE('',#1552,#1545,#888,.T.);
#1873=EDGE_CURVE('',#1553,#1547,#889,.T.);
#1874=EDGE_CURVE('',#1551,#1553,#890,.T.);
#1875=EDGE_CURVE('',#1550,#1554,#891,.T.);
#1876=EDGE_CURVE('',#1554,#1553,#196,.T.);
#1877=EDGE_CURVE('',#1555,#1549,#892,.T.);
#1878=EDGE_CURVE('',#1554,#1555,#893,.T.);
#1879=EDGE_CURVE('',#1556,#1551,#197,.T.);
#1880=EDGE_CURVE('',#1553,#1557,#198,.T.);
#1881=EDGE_CURVE('',#1557,#1556,#894,.T.);
#1882=EDGE_CURVE('',#1556,#1552,#199,.T.);
#1883=EDGE_CURVE('',#1554,#1557,#200,.T.);
#1884=EDGE_CURVE('',#1556,#1558,#895,.T.);
#1885=EDGE_CURVE('',#1558,#1559,#201,.T.);
#1886=EDGE_CURVE('',#1559,#1552,#896,.T.);
#1887=EDGE_CURVE('',#1560,#1557,#897,.T.);
#1888=EDGE_CURVE('',#1558,#1560,#898,.T.);
#1889=EDGE_CURVE('',#1561,#1561,#202,.T.);
#1890=EDGE_CURVE('',#1562,#1562,#203,.T.);
#1891=EDGE_CURVE('',#1563,#1563,#204,.T.);
#1892=EDGE_CURVE('',#1564,#1564,#205,.T.);
#1893=EDGE_CURVE('',#1560,#1555,#206,.T.);
#1894=EDGE_CURVE('',#1546,#1559,#899,.T.);
#1895=EDGE_CURVE('',#1559,#1565,#207,.T.);
#1896=EDGE_CURVE('',#1565,#1543,#900,.T.);
#1897=EDGE_CURVE('',#1558,#1565,#208,.T.);
#1898=EDGE_CURVE('',#1566,#1565,#901,.T.);
#1899=EDGE_CURVE('',#1544,#1566,#902,.T.);
#1900=EDGE_CURVE('',#1560,#1566,#209,.T.);
#1901=EDGE_CURVE('',#1566,#1555,#210,.T.);
#1902=EDGE_CURVE('',#1539,#1564,#903,.T.);
#1903=EDGE_CURVE('',#1540,#1561,#904,.T.);
#1904=EDGE_CURVE('',#1541,#1563,#905,.T.);
#1905=EDGE_CURVE('',#1542,#1562,#906,.T.);
#1906=EDGE_CURVE('',#1567,#1567,#211,.T.);
#1907=EDGE_CURVE('',#1567,#1568,#212,.T.);
#1908=EDGE_CURVE('',#1568,#1568,#213,.T.);
#1909=EDGE_CURVE('',#1569,#1569,#214,.T.);
#1910=EDGE_CURVE('',#1570,#1570,#215,.T.);
#1911=EDGE_CURVE('',#1570,#1568,#907,.T.);
#1912=EDGE_CURVE('',#1570,#1571,#908,.T.);
#1913=EDGE_CURVE('',#1571,#1571,#216,.T.);
#1914=EDGE_CURVE('',#1572,#1573,#909,.T.);
#1915=EDGE_CURVE('',#1574,#1572,#910,.T.);
#1916=EDGE_CURVE('',#1574,#1573,#911,.T.);
#1917=EDGE_CURVE('',#1575,#1574,#912,.T.);
#1918=EDGE_CURVE('',#1575,#1573,#913,.T.);
#1919=EDGE_CURVE('',#1576,#1575,#914,.T.);
#1920=EDGE_CURVE('',#1576,#1573,#915,.T.);
#1921=EDGE_CURVE('',#1577,#1576,#916,.T.);
#1922=EDGE_CURVE('',#1577,#1573,#917,.T.);
#1923=EDGE_CURVE('',#1578,#1577,#918,.T.);
#1924=EDGE_CURVE('',#1578,#1573,#919,.T.);
#1925=EDGE_CURVE('',#1572,#1578,#920,.T.);
#1926=EDGE_CURVE('',#1579,#1580,#921,.T.);
#1927=EDGE_CURVE('',#1579,#1574,#922,.T.);
#1928=EDGE_CURVE('',#1580,#1572,#923,.T.);
#1929=EDGE_CURVE('',#1581,#1579,#924,.T.);
#1930=EDGE_CURVE('',#1581,#1575,#925,.T.);
#1931=EDGE_CURVE('',#1582,#1581,#926,.T.);
#1932=EDGE_CURVE('',#1582,#1576,#927,.T.);
#1933=EDGE_CURVE('',#1583,#1582,#928,.T.);
#1934=EDGE_CURVE('',#1583,#1577,#929,.T.);
#1935=EDGE_CURVE('',#1584,#1583,#930,.T.);
#1936=EDGE_CURVE('',#1584,#1578,#931,.T.);
#1937=EDGE_CURVE('',#1580,#1584,#932,.T.);
#1938=EDGE_CURVE('',#1585,#1585,#217,.T.);
#1939=EDGE_CURVE('',#1586,#1586,#218,.T.);
#1940=EDGE_CURVE('',#1569,#1585,#933,.T.);
#1941=EDGE_CURVE('',#1587,#1587,#219,.T.);
#1942=EDGE_CURVE('',#1587,#1586,#220,.T.);
#1943=EDGE_CURVE('',#1588,#1589,#934,.T.);
#1944=EDGE_CURVE('',#1590,#1588,#935,.T.);
#1945=EDGE_CURVE('',#1591,#1590,#936,.T.);
#1946=EDGE_CURVE('',#1591,#1589,#937,.T.);
#1947=EDGE_CURVE('',#1592,#1588,#938,.T.);
#1948=EDGE_CURVE('',#1593,#1592,#939,.T.);
#1949=EDGE_CURVE('',#1590,#1593,#940,.T.);
#1950=EDGE_CURVE('',#1594,#1592,#941,.T.);
#1951=EDGE_CURVE('',#1595,#1594,#942,.T.);
#1952=EDGE_CURVE('',#1593,#1595,#943,.T.);
#1953=EDGE_CURVE('',#1589,#1594,#944,.T.);
#1954=EDGE_CURVE('',#1595,#1591,#945,.T.);
#1955=EDGE_CURVE('',#1596,#1597,#946,.T.);
#1956=EDGE_CURVE('',#1598,#1596,#947,.T.);
#1957=EDGE_CURVE('',#1599,#1598,#948,.T.);
#1958=EDGE_CURVE('',#1599,#1597,#949,.T.);
#1959=EDGE_CURVE('',#1600,#1596,#950,.T.);
#1960=EDGE_CURVE('',#1601,#1600,#951,.T.);
#1961=EDGE_CURVE('',#1598,#1601,#952,.T.);
#1962=EDGE_CURVE('',#1602,#1600,#953,.T.);
#1963=EDGE_CURVE('',#1603,#1602,#954,.T.);
#1964=EDGE_CURVE('',#1601,#1603,#955,.T.);
#1965=EDGE_CURVE('',#1597,#1602,#956,.T.);
#1966=EDGE_CURVE('',#1603,#1599,#957,.T.);
#1967=EDGE_CURVE('',#1604,#1605,#958,.T.);
#1968=EDGE_CURVE('',#1606,#1604,#959,.T.);
#1969=EDGE_CURVE('',#1607,#1606,#960,.T.);
#1970=EDGE_CURVE('',#1607,#1605,#961,.T.);
#1971=EDGE_CURVE('',#1608,#1604,#962,.T.);
#1972=EDGE_CURVE('',#1609,#1608,#963,.T.);
#1973=EDGE_CURVE('',#1606,#1609,#964,.T.);
#1974=EDGE_CURVE('',#1610,#1608,#965,.T.);
#1975=EDGE_CURVE('',#1611,#1610,#966,.T.);
#1976=EDGE_CURVE('',#1609,#1611,#967,.T.);
#1977=EDGE_CURVE('',#1605,#1610,#968,.T.);
#1978=EDGE_CURVE('',#1611,#1607,#969,.T.);
#1979=EDGE_CURVE('',#1612,#1613,#970,.T.);
#1980=EDGE_CURVE('',#1612,#1614,#221,.F.);
#1981=EDGE_CURVE('',#1615,#1614,#971,.T.);
#1982=EDGE_CURVE('',#1616,#1615,#972,.T.);
#1983=EDGE_CURVE('',#1613,#1616,#973,.T.);
#1984=EDGE_CURVE('',#1617,#1618,#974,.T.);
#1985=EDGE_CURVE('',#1618,#1619,#975,.T.);
#1986=EDGE_CURVE('',#1619,#1620,#976,.T.);
#1987=EDGE_CURVE('',#1620,#1617,#977,.T.);
#1988=EDGE_CURVE('',#1621,#1622,#978,.T.);
#1989=EDGE_CURVE('',#1621,#1618,#979,.T.);
#1990=EDGE_CURVE('',#1622,#1617,#980,.T.);
#1991=EDGE_CURVE('',#1623,#1621,#981,.T.);
#1992=EDGE_CURVE('',#1623,#1619,#982,.T.);
#1993=EDGE_CURVE('',#1624,#1623,#983,.T.);
#1994=EDGE_CURVE('',#1624,#1620,#984,.T.);
#1995=EDGE_CURVE('',#1622,#1624,#985,.T.);
#1996=EDGE_CURVE('',#1625,#1612,#986,.T.);
#1997=EDGE_CURVE('',#1626,#1625,#222,.T.);
#1998=EDGE_CURVE('',#1614,#1626,#987,.T.);
#1999=EDGE_CURVE('',#1627,#1625,#988,.T.);
#2000=EDGE_CURVE('',#1628,#1627,#989,.T.);
#2001=EDGE_CURVE('',#1629,#1628,#990,.T.);
#2002=EDGE_CURVE('',#1626,#1629,#991,.T.);
#2003=EDGE_CURVE('',#1613,#1627,#992,.T.);
#2004=EDGE_CURVE('',#1629,#1615,#993,.T.);
#2005=EDGE_CURVE('',#1616,#1628,#994,.T.);
#2006=EDGE_CURVE('',#1630,#1631,#223,.T.);
#2007=EDGE_CURVE('',#1632,#1630,#995,.T.);
#2008=EDGE_CURVE('',#1633,#1632,#224,.T.);
#2009=EDGE_CURVE('',#1634,#1633,#996,.T.);
#2010=EDGE_CURVE('',#1635,#1634,#997,.T.);
#2011=EDGE_CURVE('',#1635,#1636,#998,.T.);
#2012=EDGE_CURVE('',#1631,#1636,#999,.T.);
#2013=EDGE_CURVE('',#1637,#1633,#1000,.T.);
#2014=EDGE_CURVE('',#1638,#1637,#1001,.T.);
#2015=EDGE_CURVE('',#1634,#1638,#1002,.T.);
#2016=EDGE_CURVE('',#1639,#1630,#1003,.T.);
#2017=EDGE_CURVE('',#1640,#1639,#1004,.T.);
#2018=EDGE_CURVE('',#1632,#1640,#1005,.T.);
#2019=EDGE_CURVE('',#1636,#1641,#1006,.T.);
#2020=EDGE_CURVE('',#1642,#1635,#1007,.T.);
#2021=EDGE_CURVE('',#1642,#1641,#1008,.T.);
#2022=EDGE_CURVE('',#1643,#1639,#225,.T.);
#2023=EDGE_CURVE('',#1641,#1643,#1009,.T.);
#2024=EDGE_CURVE('',#1638,#1642,#1010,.T.);
#2025=EDGE_CURVE('',#1640,#1637,#226,.T.);
#2026=EDGE_CURVE('',#1644,#1631,#1011,.T.);
#2027=EDGE_CURVE('',#1645,#1644,#227,.F.);
#2028=EDGE_CURVE('',#1646,#1645,#1012,.T.);
#2029=EDGE_CURVE('',#1647,#1646,#228,.T.);
#2030=EDGE_CURVE('',#1643,#1647,#1013,.T.);
#2031=EDGE_CURVE('',#1648,#1649,#229,.T.);
#2032=EDGE_CURVE('',#1649,#1650,#1014,.T.);
#2033=EDGE_CURVE('',#1650,#1651,#230,.T.);
#2034=EDGE_CURVE('',#1651,#1652,#54,.T.);
#2035=EDGE_CURVE('',#1652,#1653,#231,.T.);
#2036=EDGE_CURVE('',#1653,#1654,#1015,.T.);
#2037=EDGE_CURVE('',#1654,#1655,#232,.T.);
#2038=EDGE_CURVE('',#1655,#1648,#55,.T.);
#2039=EDGE_CURVE('',#1656,#1654,#1016,.T.);
#2040=EDGE_CURVE('',#1657,#1656,#233,.T.);
#2041=EDGE_CURVE('',#1658,#1657,#1017,.T.);
#2042=EDGE_CURVE('',#1659,#1658,#1018,.T.);
#2043=EDGE_CURVE('',#1659,#1655,#1019,.T.);
#2044=EDGE_CURVE('',#1653,#1660,#1020,.T.);
#2045=EDGE_CURVE('',#1656,#1660,#1021,.T.);
#2046=EDGE_CURVE('',#1661,#1652,#1022,.T.);
#2047=EDGE_CURVE('',#1662,#1661,#1023,.T.);
#2048=EDGE_CURVE('',#1663,#1662,#234,.T.);
#2049=EDGE_CURVE('',#1664,#1663,#1024,.T.);
#2050=EDGE_CURVE('',#1664,#1665,#1025,.T.);
#2051=EDGE_CURVE('',#1666,#1665,#235,.T.);
#2052=EDGE_CURVE('',#1667,#1666,#1026,.T.);
#2053=EDGE_CURVE('',#1660,#1667,#236,.T.);
#2054=EDGE_CURVE('',#1668,#1651,#1027,.T.);
#2055=EDGE_CURVE('',#1669,#1668,#56,.T.);
#2056=EDGE_CURVE('',#1661,#1669,#57,.T.);
#2057=EDGE_CURVE('',#1670,#1659,#58,.T.);
#2058=EDGE_CURVE('',#1671,#1670,#59,.T.);
#2059=EDGE_CURVE('',#1671,#1648,#1028,.T.);
#2060=EDGE_CURVE('',#1672,#1658,#1029,.T.);
#2061=EDGE_CURVE('',#1673,#1672,#1030,.T.);
#2062=EDGE_CURVE('',#1670,#1673,#1031,.T.);
#2063=EDGE_CURVE('',#1674,#1669,#1032,.T.);
#2064=EDGE_CURVE('',#1675,#1674,#1033,.T.);
#2065=EDGE_CURVE('',#1662,#1675,#1034,.T.);
#2066=EDGE_CURVE('',#1673,#1676,#237,.F.);
#2067=EDGE_CURVE('',#1676,#1671,#1035,.T.);
#2068=EDGE_CURVE('',#1668,#1677,#1036,.T.);
#2069=EDGE_CURVE('',#1677,#1674,#238,.F.);
#2070=EDGE_CURVE('',#1678,#1679,#239,.T.);
#2071=EDGE_CURVE('',#1679,#1680,#1037,.T.);
#2072=EDGE_CURVE('',#1680,#1681,#240,.T.);
#2073=EDGE_CURVE('',#1681,#1682,#60,.T.);
#2074=EDGE_CURVE('',#1682,#1683,#241,.T.);
#2075=EDGE_CURVE('',#1683,#1684,#1038,.T.);
#2076=EDGE_CURVE('',#1684,#1685,#242,.T.);
#2077=EDGE_CURVE('',#1685,#1678,#61,.T.);
#2078=EDGE_CURVE('',#1686,#1671,#1039,.T.);
#2079=EDGE_CURVE('',#1686,#1685,#1040,.T.);
#2080=EDGE_CURVE('',#1649,#1684,#1041,.T.);
#2081=EDGE_CURVE('',#1683,#1650,#1042,.T.);
#2082=EDGE_CURVE('',#1687,#1682,#1043,.T.);
#2083=EDGE_CURVE('',#1668,#1687,#1044,.T.);
#2084=EDGE_CURVE('',#1688,#1681,#1045,.T.);
#2085=EDGE_CURVE('',#1687,#1688,#62,.T.);
#2086=EDGE_CURVE('',#1689,#1686,#63,.T.);
#2087=EDGE_CURVE('',#1689,#1678,#1046,.T.);
#2088=EDGE_CURVE('',#1688,#1690,#1047,.T.);
#2089=EDGE_CURVE('',#1690,#1691,#243,.F.);
#2090=EDGE_CURVE('',#1691,#1687,#1048,.T.);
#2091=EDGE_CURVE('',#1692,#1693,#244,.T.);
#2092=EDGE_CURVE('',#1693,#1694,#1049,.T.);
#2093=EDGE_CURVE('',#1694,#1695,#245,.T.);
#2094=EDGE_CURVE('',#1695,#1696,#64,.T.);
#2095=EDGE_CURVE('',#1696,#1697,#246,.T.);
#2096=EDGE_CURVE('',#1697,#1666,#1050,.T.);
#2097=EDGE_CURVE('',#1665,#1692,#65,.T.);
#2098=EDGE_CURVE('',#1697,#1698,#1051,.T.);
#2099=EDGE_CURVE('',#1667,#1698,#1052,.T.);
#2100=EDGE_CURVE('',#1699,#1696,#1053,.T.);
#2101=EDGE_CURVE('',#1699,#1700,#1054,.T.);
#2102=EDGE_CURVE('',#1700,#1701,#1055,.T.);
#2103=EDGE_CURVE('',#1698,#1701,#247,.T.);
#2104=EDGE_CURVE('',#1702,#1695,#1056,.T.);
#2105=EDGE_CURVE('',#1699,#1702,#66,.T.);
#2106=EDGE_CURVE('',#1703,#1664,#67,.T.);
#2107=EDGE_CURVE('',#1703,#1692,#1057,.T.);
#2108=EDGE_CURVE('',#1664,#1704,#1058,.T.);
#2109=EDGE_CURVE('',#1704,#1705,#248,.F.);
#2110=EDGE_CURVE('',#1705,#1703,#1059,.T.);
#2111=EDGE_CURVE('',#1702,#1706,#1060,.T.);
#2112=EDGE_CURVE('',#1706,#1707,#249,.F.);
#2113=EDGE_CURVE('',#1707,#1699,#1061,.T.);
#2114=EDGE_CURVE('',#1701,#1657,#68,.T.);
#2115=EDGE_CURVE('',#1658,#1700,#69,.T.);
#2116=EDGE_CURVE('',#1675,#1708,#250,.F.);
#2117=EDGE_CURVE('',#1708,#1663,#1062,.T.);
#2118=EDGE_CURVE('',#1709,#1676,#1063,.T.);
#2119=EDGE_CURVE('',#1686,#1709,#1064,.T.);
#2120=EDGE_CURVE('',#1677,#1691,#1065,.T.);
#2121=EDGE_CURVE('',#1710,#1707,#1066,.T.);
#2122=EDGE_CURVE('',#1700,#1710,#1067,.T.);
#2123=EDGE_CURVE('',#1693,#1680,#1068,.T.);
#2124=EDGE_CURVE('',#1688,#1703,#1069,.T.);
#2125=EDGE_CURVE('',#1690,#1705,#1070,.T.);
#2126=EDGE_CURVE('',#1689,#1702,#1071,.T.);
#2127=EDGE_CURVE('',#1711,#1689,#1072,.T.);
#2128=EDGE_CURVE('',#1706,#1711,#1073,.T.);
#2129=EDGE_CURVE('',#1707,#1712,#251,.F.);
#2130=EDGE_CURVE('',#1712,#1706,#252,.F.);
#2131=EDGE_CURVE('',#1711,#1713,#253,.F.);
#2132=EDGE_CURVE('',#1709,#1711,#254,.F.);
#2133=EDGE_CURVE('',#1713,#1709,#255,.F.);
#2134=EDGE_CURVE('',#1714,#1704,#256,.F.);
#2135=EDGE_CURVE('',#1705,#1714,#257,.F.);
#2136=EDGE_CURVE('',#1672,#1715,#258,.F.);
#2137=EDGE_CURVE('',#1710,#1672,#259,.F.);
#2138=EDGE_CURVE('',#1715,#1710,#260,.F.);
#2139=EDGE_CURVE('',#1716,#1690,#261,.F.);
#2140=EDGE_CURVE('',#1691,#1716,#262,.F.);
#2141=EDGE_CURVE('',#1714,#1716,#1074,.T.);
#2142=EDGE_CURVE('',#1676,#1717,#263,.F.);
#2143=EDGE_CURVE('',#1717,#1673,#264,.F.);
#2144=EDGE_CURVE('',#1718,#1675,#265,.F.);
#2145=EDGE_CURVE('',#1708,#1718,#266,.F.);
#2146=EDGE_CURVE('',#1719,#1677,#267,.F.);
#2147=EDGE_CURVE('',#1674,#1719,#268,.F.);
#2148=EDGE_CURVE('',#1719,#1718,#1075,.T.);
#2149=EDGE_CURVE('',#1716,#1719,#1076,.T.);
#2150=EDGE_CURVE('',#1704,#1708,#1077,.T.);
#2151=EDGE_CURVE('',#1718,#1714,#1078,.T.);
#2152=EDGE_CURVE('',#1715,#1717,#1079,.T.);
#2153=EDGE_CURVE('',#1717,#1713,#1080,.T.);
#2154=EDGE_CURVE('',#1712,#1715,#1081,.T.);
#2155=EDGE_CURVE('',#1713,#1712,#1082,.T.);
#2156=EDGE_CURVE('',#1720,#1720,#269,.F.);
#2157=EDGE_CURVE('',#1721,#1721,#270,.F.);
#2158=EDGE_CURVE('',#1722,#1722,#271,.F.);
#2159=EDGE_CURVE('',#1723,#1723,#272,.F.);
#2160=EDGE_CURVE('',#1724,#1724,#273,.F.);
#2161=EDGE_CURVE('',#1725,#1725,#274,.F.);
#2162=EDGE_CURVE('',#1726,#1726,#275,.F.);
#2163=EDGE_CURVE('',#1727,#1727,#276,.F.);
#2164=EDGE_CURVE('',#1728,#1729,#1083,.T.);
#2165=EDGE_CURVE('',#1729,#1730,#1084,.T.);
#2166=EDGE_CURVE('',#1730,#1731,#1085,.T.);
#2167=EDGE_CURVE('',#1731,#1732,#277,.T.);
#2168=EDGE_CURVE('',#1732,#1733,#1086,.T.);
#2169=EDGE_CURVE('',#1733,#1734,#278,.T.);
#2170=EDGE_CURVE('',#1734,#1647,#1087,.T.);
#2171=EDGE_CURVE('',#1646,#1735,#1088,.T.);
#2172=EDGE_CURVE('',#1735,#1728,#279,.T.);
#2173=EDGE_CURVE('',#1736,#1737,#1089,.T.);
#2174=EDGE_CURVE('',#1737,#1738,#280,.T.);
#2175=EDGE_CURVE('',#1738,#1736,#1090,.T.);
#2176=EDGE_CURVE('',#1739,#1740,#1091,.F.);
#2177=EDGE_CURVE('',#1740,#1741,#1092,.F.);
#2178=EDGE_CURVE('',#1741,#1739,#281,.F.);
#2179=EDGE_CURVE('',#1742,#1743,#282,.F.);
#2180=EDGE_CURVE('',#1743,#1744,#1093,.F.);
#2181=EDGE_CURVE('',#1744,#1745,#283,.F.);
#2182=EDGE_CURVE('',#1745,#1746,#1094,.F.);
#2183=EDGE_CURVE('',#1746,#1747,#1095,.F.);
#2184=EDGE_CURVE('',#1747,#1748,#1096,.F.);
#2185=EDGE_CURVE('',#1748,#1749,#284,.F.);
#2186=EDGE_CURVE('',#1749,#1645,#1097,.F.);
#2187=EDGE_CURVE('',#1644,#1742,#1098,.F.);
#2188=EDGE_CURVE('',#1679,#1694,#1099,.T.);
#2189=EDGE_CURVE('',#1740,#1736,#1100,.F.);
#2190=EDGE_CURVE('',#1738,#1741,#1101,.T.);
#2191=EDGE_CURVE('',#1749,#1735,#1102,.T.);
#2192=EDGE_CURVE('',#1743,#1733,#1103,.T.);
#2193=EDGE_CURVE('',#1732,#1744,#1104,.T.);
#2194=EDGE_CURVE('',#1734,#1742,#1105,.T.);
#2195=EDGE_CURVE('',#1724,#1720,#1106,.T.);
#2196=EDGE_CURVE('',#1725,#1721,#1107,.T.);
#2197=EDGE_CURVE('',#1726,#1722,#1108,.T.);
#2198=EDGE_CURVE('',#1727,#1723,#1109,.T.);
#2199=EDGE_CURVE('',#1745,#1731,#1110,.T.);
#2200=EDGE_CURVE('',#1746,#1730,#1111,.T.);
#2201=EDGE_CURVE('',#1747,#1729,#1112,.F.);
#2202=EDGE_CURVE('',#1728,#1748,#1113,.T.);
#2203=EDGE_CURVE('',#1739,#1737,#1114,.T.);
#2204=EDGE_CURVE('',#1750,#1751,#1115,.T.);
#2205=EDGE_CURVE('',#1752,#1750,#1116,.T.);
#2206=EDGE_CURVE('',#1753,#1752,#1117,.T.);
#2207=EDGE_CURVE('',#1751,#1753,#1118,.T.);
#2208=EDGE_CURVE('',#1754,#1755,#1119,.T.);
#2209=EDGE_CURVE('',#1754,#1756,#1120,.T.);
#2210=EDGE_CURVE('',#1757,#1756,#1121,.T.);
#2211=EDGE_CURVE('',#1757,#1755,#1122,.T.);
#2212=EDGE_CURVE('',#1755,#1758,#1123,.T.);
#2213=EDGE_CURVE('',#1759,#1757,#1124,.T.);
#2214=EDGE_CURVE('',#1758,#1759,#1125,.T.);
#2215=EDGE_CURVE('',#1751,#1754,#1126,.T.);
#2216=EDGE_CURVE('',#1756,#1753,#1127,.T.);
#2217=EDGE_CURVE('',#1760,#1761,#1128,.T.);
#2218=EDGE_CURVE('',#1762,#1760,#1129,.T.);
#2219=EDGE_CURVE('',#1763,#1762,#1130,.T.);
#2220=EDGE_CURVE('',#1761,#1763,#1131,.T.);
#2221=EDGE_CURVE('',#1764,#1764,#285,.F.);
#2222=EDGE_CURVE('',#1758,#1750,#286,.F.);
#2223=EDGE_CURVE('',#1765,#1765,#287,.F.);
#2224=EDGE_CURVE('',#1766,#1766,#288,.F.);
#2225=EDGE_CURVE('',#1761,#1767,#289,.T.);
#2226=EDGE_CURVE('',#1767,#1768,#1132,.T.);
#2227=EDGE_CURVE('',#1768,#1760,#290,.T.);
#2228=EDGE_CURVE('',#1763,#1769,#291,.T.);
#2229=EDGE_CURVE('',#1769,#1770,#1133,.T.);
#2230=EDGE_CURVE('',#1770,#1761,#292,.T.);
#2231=EDGE_CURVE('',#1770,#1767,#293,.T.);
#2232=EDGE_CURVE('',#1762,#1771,#294,.T.);
#2233=EDGE_CURVE('',#1771,#1772,#1134,.T.);
#2234=EDGE_CURVE('',#1772,#1763,#295,.T.);
#2235=EDGE_CURVE('',#1772,#1769,#296,.T.);
#2236=EDGE_CURVE('',#1760,#1773,#297,.T.);
#2237=EDGE_CURVE('',#1773,#1774,#1135,.T.);
#2238=EDGE_CURVE('',#1774,#1762,#298,.T.);
#2239=EDGE_CURVE('',#1774,#1771,#299,.T.);
#2240=EDGE_CURVE('',#1768,#1773,#300,.T.);
#2241=EDGE_CURVE('',#1772,#1775,#1136,.T.);
#2242=EDGE_CURVE('',#1775,#1776,#301,.T.);
#2243=EDGE_CURVE('',#1776,#1769,#1137,.T.);
#2244=EDGE_CURVE('',#1777,#1771,#1138,.T.);
#2245=EDGE_CURVE('',#1775,#1777,#1139,.T.);
#2246=EDGE_CURVE('',#1774,#1778,#1140,.T.);
#2247=EDGE_CURVE('',#1778,#1777,#302,.T.);
#2248=EDGE_CURVE('',#1779,#1773,#1141,.T.);
#2249=EDGE_CURVE('',#1778,#1779,#1142,.T.);
#2250=EDGE_CURVE('',#1780,#1775,#303,.T.);
#2251=EDGE_CURVE('',#1777,#1781,#304,.T.);
#2252=EDGE_CURVE('',#1781,#1780,#1143,.T.);
#2253=EDGE_CURVE('',#1780,#1776,#305,.T.);
#2254=EDGE_CURVE('',#1778,#1781,#306,.T.);
#2255=EDGE_CURVE('',#1780,#1782,#1144,.T.);
#2256=EDGE_CURVE('',#1782,#1783,#307,.T.);
#2257=EDGE_CURVE('',#1783,#1776,#1145,.T.);
#2258=EDGE_CURVE('',#1784,#1781,#1146,.T.);
#2259=EDGE_CURVE('',#1782,#1784,#1147,.T.);
#2260=EDGE_CURVE('',#1752,#1759,#308,.T.);
#2261=EDGE_CURVE('',#1785,#1785,#309,.T.);
#2262=EDGE_CURVE('',#1786,#1786,#310,.T.);
#2263=EDGE_CURVE('',#1787,#1787,#311,.T.);
#2264=EDGE_CURVE('',#1784,#1779,#312,.T.);
#2265=EDGE_CURVE('',#1770,#1783,#1148,.T.);
#2266=EDGE_CURVE('',#1783,#1788,#313,.T.);
#2267=EDGE_CURVE('',#1788,#1767,#1149,.T.);
#2268=EDGE_CURVE('',#1782,#1788,#314,.T.);
#2269=EDGE_CURVE('',#1789,#1788,#1150,.T.);
#2270=EDGE_CURVE('',#1768,#1789,#1151,.T.);
#2271=EDGE_CURVE('',#1784,#1789,#315,.T.);
#2272=EDGE_CURVE('',#1789,#1779,#316,.T.);
#2273=EDGE_CURVE('',#1764,#1787,#1152,.T.);
#2274=EDGE_CURVE('',#1765,#1786,#1153,.T.);
#2275=EDGE_CURVE('',#1766,#1785,#1154,.T.);
#2276=EDGE_CURVE('',#1790,#1791,#1155,.T.);
#2277=EDGE_CURVE('',#1790,#1792,#1156,.T.);
#2278=EDGE_CURVE('',#1793,#1792,#1157,.T.);
#2279=EDGE_CURVE('',#1791,#1793,#1158,.T.);
#2280=EDGE_CURVE('',#1791,#1794,#1159,.T.);
#2281=EDGE_CURVE('',#1795,#1793,#1160,.T.);
#2282=EDGE_CURVE('',#1794,#1795,#1161,.T.);
#2283=EDGE_CURVE('',#1794,#1796,#1162,.T.);
#2284=EDGE_CURVE('',#1797,#1795,#1163,.T.);
#2285=EDGE_CURVE('',#1796,#1797,#1164,.T.);
#2286=EDGE_CURVE('',#1796,#1790,#1165,.T.);
#2287=EDGE_CURVE('',#1792,#1797,#1166,.T.);
#2288=ORIENTED_EDGE('',*,*,#1798,.F.);
#2289=ORIENTED_EDGE('',*,*,#1799,.F.);
#2290=ORIENTED_EDGE('',*,*,#1800,.F.);
#2291=ORIENTED_EDGE('',*,*,#1801,.T.);
#2292=ORIENTED_EDGE('',*,*,#1802,.F.);
#2293=ORIENTED_EDGE('',*,*,#1803,.F.);
#2294=ORIENTED_EDGE('',*,*,#1804,.F.);
#2295=ORIENTED_EDGE('',*,*,#1799,.T.);
#2296=ORIENTED_EDGE('',*,*,#1805,.F.);
#2297=ORIENTED_EDGE('',*,*,#1806,.F.);
#2298=ORIENTED_EDGE('',*,*,#1807,.F.);
#2299=ORIENTED_EDGE('',*,*,#1803,.T.);
#2300=ORIENTED_EDGE('',*,*,#1808,.F.);
#2301=ORIENTED_EDGE('',*,*,#1801,.F.);
#2302=ORIENTED_EDGE('',*,*,#1809,.F.);
#2303=ORIENTED_EDGE('',*,*,#1806,.T.);
#2304=ORIENTED_EDGE('',*,*,#1810,.F.);
#2305=ORIENTED_EDGE('',*,*,#1811,.F.);
#2306=ORIENTED_EDGE('',*,*,#1812,.F.);
#2307=ORIENTED_EDGE('',*,*,#1813,.T.);
#2308=ORIENTED_EDGE('',*,*,#1814,.F.);
#2309=ORIENTED_EDGE('',*,*,#1815,.F.);
#2310=ORIENTED_EDGE('',*,*,#1816,.F.);
#2311=ORIENTED_EDGE('',*,*,#1811,.T.);
#2312=ORIENTED_EDGE('',*,*,#1817,.F.);
#2313=ORIENTED_EDGE('',*,*,#1818,.F.);
#2314=ORIENTED_EDGE('',*,*,#1819,.F.);
#2315=ORIENTED_EDGE('',*,*,#1815,.T.);
#2316=ORIENTED_EDGE('',*,*,#1820,.F.);
#2317=ORIENTED_EDGE('',*,*,#1813,.F.);
#2318=ORIENTED_EDGE('',*,*,#1821,.F.);
#2319=ORIENTED_EDGE('',*,*,#1818,.T.);
#2320=ORIENTED_EDGE('',*,*,#1822,.F.);
#2321=ORIENTED_EDGE('',*,*,#1823,.F.);
#2322=ORIENTED_EDGE('',*,*,#1824,.F.);
#2323=ORIENTED_EDGE('',*,*,#1825,.T.);
#2324=ORIENTED_EDGE('',*,*,#1826,.F.);
#2325=ORIENTED_EDGE('',*,*,#1827,.F.);
#2326=ORIENTED_EDGE('',*,*,#1828,.F.);
#2327=ORIENTED_EDGE('',*,*,#1823,.T.);
#2328=ORIENTED_EDGE('',*,*,#1829,.F.);
#2329=ORIENTED_EDGE('',*,*,#1830,.F.);
#2330=ORIENTED_EDGE('',*,*,#1831,.F.);
#2331=ORIENTED_EDGE('',*,*,#1827,.T.);
#2332=ORIENTED_EDGE('',*,*,#1832,.F.);
#2333=ORIENTED_EDGE('',*,*,#1825,.F.);
#2334=ORIENTED_EDGE('',*,*,#1833,.F.);
#2335=ORIENTED_EDGE('',*,*,#1830,.T.);
#2336=ORIENTED_EDGE('',*,*,#1834,.T.);
#2337=ORIENTED_EDGE('',*,*,#1835,.T.);
#2338=ORIENTED_EDGE('',*,*,#1836,.T.);
#2339=ORIENTED_EDGE('',*,*,#1837,.T.);
#2340=ORIENTED_EDGE('',*,*,#1838,.F.);
#2341=ORIENTED_EDGE('',*,*,#1839,.T.);
#2342=ORIENTED_EDGE('',*,*,#1834,.F.);
#2343=ORIENTED_EDGE('',*,*,#1840,.F.);
#2344=ORIENTED_EDGE('',*,*,#1841,.F.);
#2345=ORIENTED_EDGE('',*,*,#1842,.T.);
#2346=ORIENTED_EDGE('',*,*,#1835,.F.);
#2347=ORIENTED_EDGE('',*,*,#1839,.F.);
#2348=ORIENTED_EDGE('',*,*,#1843,.F.);
#2349=ORIENTED_EDGE('',*,*,#1844,.T.);
#2350=ORIENTED_EDGE('',*,*,#1836,.F.);
#2351=ORIENTED_EDGE('',*,*,#1842,.F.);
#2352=ORIENTED_EDGE('',*,*,#1845,.F.);
#2353=ORIENTED_EDGE('',*,*,#1840,.T.);
#2354=ORIENTED_EDGE('',*,*,#1837,.F.);
#2355=ORIENTED_EDGE('',*,*,#1844,.F.);
#2356=ORIENTED_EDGE('',*,*,#1846,.F.);
#2357=ORIENTED_EDGE('',*,*,#1847,.F.);
#2358=ORIENTED_EDGE('',*,*,#1848,.F.);
#2359=ORIENTED_EDGE('',*,*,#1849,.F.);
#2360=ORIENTED_EDGE('',*,*,#1828,.T.);
#2361=ORIENTED_EDGE('',*,*,#1831,.T.);
#2362=ORIENTED_EDGE('',*,*,#1833,.T.);
#2363=ORIENTED_EDGE('',*,*,#1824,.T.);
#2364=ORIENTED_EDGE('',*,*,#1816,.T.);
#2365=ORIENTED_EDGE('',*,*,#1819,.T.);
#2366=ORIENTED_EDGE('',*,*,#1821,.T.);
#2367=ORIENTED_EDGE('',*,*,#1812,.T.);
#2368=ORIENTED_EDGE('',*,*,#1804,.T.);
#2369=ORIENTED_EDGE('',*,*,#1807,.T.);
#2370=ORIENTED_EDGE('',*,*,#1809,.T.);
#2371=ORIENTED_EDGE('',*,*,#1800,.T.);
#2372=ORIENTED_EDGE('',*,*,#1850,.T.);
#2373=ORIENTED_EDGE('',*,*,#1851,.T.);
#2374=ORIENTED_EDGE('',*,*,#1852,.T.);
#2375=ORIENTED_EDGE('',*,*,#1853,.T.);
#2376=ORIENTED_EDGE('',*,*,#1854,.T.);
#2377=ORIENTED_EDGE('',*,*,#1855,.T.);
#2378=ORIENTED_EDGE('',*,*,#1856,.T.);
#2379=ORIENTED_EDGE('',*,*,#1846,.T.);
#2380=ORIENTED_EDGE('',*,*,#1857,.T.);
#2381=ORIENTED_EDGE('',*,*,#1858,.T.);
#2382=ORIENTED_EDGE('',*,*,#1859,.T.);
#2383=ORIENTED_EDGE('',*,*,#1849,.T.);
#2384=ORIENTED_EDGE('',*,*,#1859,.F.);
#2385=ORIENTED_EDGE('',*,*,#1860,.T.);
#2386=ORIENTED_EDGE('',*,*,#1854,.F.);
#2387=ORIENTED_EDGE('',*,*,#1861,.T.);
#2388=ORIENTED_EDGE('',*,*,#1862,.T.);
#2389=ORIENTED_EDGE('',*,*,#1863,.T.);
#2390=ORIENTED_EDGE('',*,*,#1848,.T.);
#2391=ORIENTED_EDGE('',*,*,#1863,.F.);
#2392=ORIENTED_EDGE('',*,*,#1864,.T.);
#2393=ORIENTED_EDGE('',*,*,#1857,.F.);
#2394=ORIENTED_EDGE('',*,*,#1865,.T.);
#2395=ORIENTED_EDGE('',*,*,#1866,.T.);
#2396=ORIENTED_EDGE('',*,*,#1867,.T.);
#2397=ORIENTED_EDGE('',*,*,#1847,.T.);
#2398=ORIENTED_EDGE('',*,*,#1867,.F.);
#2399=ORIENTED_EDGE('',*,*,#1868,.T.);
#2400=ORIENTED_EDGE('',*,*,#1861,.F.);
#2401=ORIENTED_EDGE('',*,*,#1856,.F.);
#2402=ORIENTED_EDGE('',*,*,#1869,.T.);
#2403=ORIENTED_EDGE('',*,*,#1865,.F.);
#2404=ORIENTED_EDGE('',*,*,#1864,.F.);
#2405=ORIENTED_EDGE('',*,*,#1870,.T.);
#2406=ORIENTED_EDGE('',*,*,#1871,.T.);
#2407=ORIENTED_EDGE('',*,*,#1872,.T.);
#2408=ORIENTED_EDGE('',*,*,#1862,.F.);
#2409=ORIENTED_EDGE('',*,*,#1873,.F.);
#2410=ORIENTED_EDGE('',*,*,#1874,.F.);
#2411=ORIENTED_EDGE('',*,*,#1870,.F.);
#2412=ORIENTED_EDGE('',*,*,#1868,.F.);
#2413=ORIENTED_EDGE('',*,*,#1875,.T.);
#2414=ORIENTED_EDGE('',*,*,#1876,.T.);
#2415=ORIENTED_EDGE('',*,*,#1873,.T.);
#2416=ORIENTED_EDGE('',*,*,#1866,.F.);
#2417=ORIENTED_EDGE('',*,*,#1877,.F.);
#2418=ORIENTED_EDGE('',*,*,#1878,.F.);
#2419=ORIENTED_EDGE('',*,*,#1875,.F.);
#2420=ORIENTED_EDGE('',*,*,#1879,.T.);
#2421=ORIENTED_EDGE('',*,*,#1874,.T.);
#2422=ORIENTED_EDGE('',*,*,#1880,.T.);
#2423=ORIENTED_EDGE('',*,*,#1881,.T.);
#2424=ORIENTED_EDGE('',*,*,#1879,.F.);
#2425=ORIENTED_EDGE('',*,*,#1882,.T.);
#2426=ORIENTED_EDGE('',*,*,#1871,.F.);
#2427=ORIENTED_EDGE('',*,*,#1876,.F.);
#2428=ORIENTED_EDGE('',*,*,#1883,.T.);
#2429=ORIENTED_EDGE('',*,*,#1880,.F.);
#2430=ORIENTED_EDGE('',*,*,#1882,.F.);
#2431=ORIENTED_EDGE('',*,*,#1884,.T.);
#2432=ORIENTED_EDGE('',*,*,#1885,.T.);
#2433=ORIENTED_EDGE('',*,*,#1886,.T.);
#2434=ORIENTED_EDGE('',*,*,#1881,.F.);
#2435=ORIENTED_EDGE('',*,*,#1887,.F.);
#2436=ORIENTED_EDGE('',*,*,#1888,.F.);
#2437=ORIENTED_EDGE('',*,*,#1884,.F.);
#2438=ORIENTED_EDGE('',*,*,#1802,.T.);
#2439=ORIENTED_EDGE('',*,*,#1798,.T.);
#2440=ORIENTED_EDGE('',*,*,#1808,.T.);
#2441=ORIENTED_EDGE('',*,*,#1805,.T.);
#2442=ORIENTED_EDGE('',*,*,#1814,.T.);
#2443=ORIENTED_EDGE('',*,*,#1810,.T.);
#2444=ORIENTED_EDGE('',*,*,#1820,.T.);
#2445=ORIENTED_EDGE('',*,*,#1817,.T.);
#2446=ORIENTED_EDGE('',*,*,#1826,.T.);
#2447=ORIENTED_EDGE('',*,*,#1822,.T.);
#2448=ORIENTED_EDGE('',*,*,#1832,.T.);
#2449=ORIENTED_EDGE('',*,*,#1829,.T.);
#2450=ORIENTED_EDGE('',*,*,#1845,.T.);
#2451=ORIENTED_EDGE('',*,*,#1843,.T.);
#2452=ORIENTED_EDGE('',*,*,#1841,.T.);
#2453=ORIENTED_EDGE('',*,*,#1838,.T.);
#2454=ORIENTED_EDGE('',*,*,#1889,.T.);
#2455=ORIENTED_EDGE('',*,*,#1890,.T.);
#2456=ORIENTED_EDGE('',*,*,#1891,.T.);
#2457=ORIENTED_EDGE('',*,*,#1892,.T.);
#2458=ORIENTED_EDGE('',*,*,#1883,.F.);
#2459=ORIENTED_EDGE('',*,*,#1878,.T.);
#2460=ORIENTED_EDGE('',*,*,#1893,.F.);
#2461=ORIENTED_EDGE('',*,*,#1887,.T.);
#2462=ORIENTED_EDGE('',*,*,#1860,.F.);
#2463=ORIENTED_EDGE('',*,*,#1894,.T.);
#2464=ORIENTED_EDGE('',*,*,#1895,.T.);
#2465=ORIENTED_EDGE('',*,*,#1896,.T.);
#2466=ORIENTED_EDGE('',*,*,#1885,.F.);
#2467=ORIENTED_EDGE('',*,*,#1897,.T.);
#2468=ORIENTED_EDGE('',*,*,#1895,.F.);
#2469=ORIENTED_EDGE('',*,*,#1855,.F.);
#2470=ORIENTED_EDGE('',*,*,#1896,.F.);
#2471=ORIENTED_EDGE('',*,*,#1898,.F.);
#2472=ORIENTED_EDGE('',*,*,#1899,.F.);
#2473=ORIENTED_EDGE('',*,*,#1897,.F.);
#2474=ORIENTED_EDGE('',*,*,#1888,.T.);
#2475=ORIENTED_EDGE('',*,*,#1900,.T.);
#2476=ORIENTED_EDGE('',*,*,#1898,.T.);
#2477=ORIENTED_EDGE('',*,*,#1869,.F.);
#2478=ORIENTED_EDGE('',*,*,#1899,.T.);
#2479=ORIENTED_EDGE('',*,*,#1901,.T.);
#2480=ORIENTED_EDGE('',*,*,#1877,.T.);
#2481=ORIENTED_EDGE('',*,*,#1900,.F.);
#2482=ORIENTED_EDGE('',*,*,#1893,.T.);
#2483=ORIENTED_EDGE('',*,*,#1901,.F.);
#2484=ORIENTED_EDGE('',*,*,#1850,.F.);
#2485=ORIENTED_EDGE('',*,*,#1902,.T.);
#2486=ORIENTED_EDGE('',*,*,#1892,.F.);
#2487=ORIENTED_EDGE('',*,*,#1902,.F.);
#2488=ORIENTED_EDGE('',*,*,#1851,.F.);
#2489=ORIENTED_EDGE('',*,*,#1903,.T.);
#2490=ORIENTED_EDGE('',*,*,#1889,.F.);
#2491=ORIENTED_EDGE('',*,*,#1903,.F.);
#2492=ORIENTED_EDGE('',*,*,#1852,.F.);
#2493=ORIENTED_EDGE('',*,*,#1904,.T.);
#2494=ORIENTED_EDGE('',*,*,#1891,.F.);
#2495=ORIENTED_EDGE('',*,*,#1904,.F.);
#2496=ORIENTED_EDGE('',*,*,#1853,.F.);
#2497=ORIENTED_EDGE('',*,*,#1905,.T.);
#2498=ORIENTED_EDGE('',*,*,#1890,.F.);
#2499=ORIENTED_EDGE('',*,*,#1905,.F.);
#2500=ORIENTED_EDGE('',*,*,#1858,.F.);
#2501=ORIENTED_EDGE('',*,*,#1872,.F.);
#2502=ORIENTED_EDGE('',*,*,#1886,.F.);
#2503=ORIENTED_EDGE('',*,*,#1894,.F.);
#2504=ORIENTED_EDGE('',*,*,#1906,.T.);
#2505=ORIENTED_EDGE('',*,*,#1907,.T.);
#2506=ORIENTED_EDGE('',*,*,#1908,.T.);
#2507=ORIENTED_EDGE('',*,*,#1907,.F.);
#2508=ORIENTED_EDGE('',*,*,#1909,.T.);
#2509=ORIENTED_EDGE('',*,*,#1906,.F.);
#2510=ORIENTED_EDGE('',*,*,#1910,.T.);
#2511=ORIENTED_EDGE('',*,*,#1911,.T.);
#2512=ORIENTED_EDGE('',*,*,#1908,.F.);
#2513=ORIENTED_EDGE('',*,*,#1911,.F.);
#2514=ORIENTED_EDGE('',*,*,#1910,.F.);
#2515=ORIENTED_EDGE('',*,*,#1912,.T.);
#2516=ORIENTED_EDGE('',*,*,#1913,.F.);
#2517=ORIENTED_EDGE('',*,*,#1912,.F.);
#2518=ORIENTED_EDGE('',*,*,#1914,.F.);
#2519=ORIENTED_EDGE('',*,*,#1915,.F.);
#2520=ORIENTED_EDGE('',*,*,#1916,.T.);
#2521=ORIENTED_EDGE('',*,*,#1916,.F.);
#2522=ORIENTED_EDGE('',*,*,#1917,.F.);
#2523=ORIENTED_EDGE('',*,*,#1918,.T.);
#2524=ORIENTED_EDGE('',*,*,#1918,.F.);
#2525=ORIENTED_EDGE('',*,*,#1919,.F.);
#2526=ORIENTED_EDGE('',*,*,#1920,.T.);
#2527=ORIENTED_EDGE('',*,*,#1920,.F.);
#2528=ORIENTED_EDGE('',*,*,#1921,.F.);
#2529=ORIENTED_EDGE('',*,*,#1922,.T.);
#2530=ORIENTED_EDGE('',*,*,#1922,.F.);
#2531=ORIENTED_EDGE('',*,*,#1923,.F.);
#2532=ORIENTED_EDGE('',*,*,#1924,.T.);
#2533=ORIENTED_EDGE('',*,*,#1924,.F.);
#2534=ORIENTED_EDGE('',*,*,#1925,.F.);
#2535=ORIENTED_EDGE('',*,*,#1914,.T.);
#2536=ORIENTED_EDGE('',*,*,#1926,.F.);
#2537=ORIENTED_EDGE('',*,*,#1927,.T.);
#2538=ORIENTED_EDGE('',*,*,#1915,.T.);
#2539=ORIENTED_EDGE('',*,*,#1928,.F.);
#2540=ORIENTED_EDGE('',*,*,#1929,.F.);
#2541=ORIENTED_EDGE('',*,*,#1930,.T.);
#2542=ORIENTED_EDGE('',*,*,#1917,.T.);
#2543=ORIENTED_EDGE('',*,*,#1927,.F.);
#2544=ORIENTED_EDGE('',*,*,#1931,.F.);
#2545=ORIENTED_EDGE('',*,*,#1932,.T.);
#2546=ORIENTED_EDGE('',*,*,#1919,.T.);
#2547=ORIENTED_EDGE('',*,*,#1930,.F.);
#2548=ORIENTED_EDGE('',*,*,#1933,.F.);
#2549=ORIENTED_EDGE('',*,*,#1934,.T.);
#2550=ORIENTED_EDGE('',*,*,#1921,.T.);
#2551=ORIENTED_EDGE('',*,*,#1932,.F.);
#2552=ORIENTED_EDGE('',*,*,#1935,.F.);
#2553=ORIENTED_EDGE('',*,*,#1936,.T.);
#2554=ORIENTED_EDGE('',*,*,#1923,.T.);
#2555=ORIENTED_EDGE('',*,*,#1934,.F.);
#2556=ORIENTED_EDGE('',*,*,#1937,.F.);
#2557=ORIENTED_EDGE('',*,*,#1928,.T.);
#2558=ORIENTED_EDGE('',*,*,#1925,.T.);
#2559=ORIENTED_EDGE('',*,*,#1936,.F.);
#2560=ORIENTED_EDGE('',*,*,#1938,.F.);
#2561=ORIENTED_EDGE('',*,*,#1939,.T.);
#2562=ORIENTED_EDGE('',*,*,#1909,.F.);
#2563=ORIENTED_EDGE('',*,*,#1940,.T.);
#2564=ORIENTED_EDGE('',*,*,#1938,.T.);
#2565=ORIENTED_EDGE('',*,*,#1940,.F.);
#2566=ORIENTED_EDGE('',*,*,#1913,.T.);
#2567=ORIENTED_EDGE('',*,*,#1941,.F.);
#2568=ORIENTED_EDGE('',*,*,#1926,.T.);
#2569=ORIENTED_EDGE('',*,*,#1937,.T.);
#2570=ORIENTED_EDGE('',*,*,#1935,.T.);
#2571=ORIENTED_EDGE('',*,*,#1933,.T.);
#2572=ORIENTED_EDGE('',*,*,#1931,.T.);
#2573=ORIENTED_EDGE('',*,*,#1929,.T.);
#2574=ORIENTED_EDGE('',*,*,#1941,.T.);
#2575=ORIENTED_EDGE('',*,*,#1942,.T.);
#2576=ORIENTED_EDGE('',*,*,#1939,.F.);
#2577=ORIENTED_EDGE('',*,*,#1942,.F.);
#2578=ORIENTED_EDGE('',*,*,#1943,.F.);
#2579=ORIENTED_EDGE('',*,*,#1944,.F.);
#2580=ORIENTED_EDGE('',*,*,#1945,.F.);
#2581=ORIENTED_EDGE('',*,*,#1946,.T.);
#2582=ORIENTED_EDGE('',*,*,#1947,.F.);
#2583=ORIENTED_EDGE('',*,*,#1948,.F.);
#2584=ORIENTED_EDGE('',*,*,#1949,.F.);
#2585=ORIENTED_EDGE('',*,*,#1944,.T.);
#2586=ORIENTED_EDGE('',*,*,#1950,.F.);
#2587=ORIENTED_EDGE('',*,*,#1951,.F.);
#2588=ORIENTED_EDGE('',*,*,#1952,.F.);
#2589=ORIENTED_EDGE('',*,*,#1948,.T.);
#2590=ORIENTED_EDGE('',*,*,#1953,.F.);
#2591=ORIENTED_EDGE('',*,*,#1946,.F.);
#2592=ORIENTED_EDGE('',*,*,#1954,.F.);
#2593=ORIENTED_EDGE('',*,*,#1951,.T.);
#2594=ORIENTED_EDGE('',*,*,#1955,.F.);
#2595=ORIENTED_EDGE('',*,*,#1956,.F.);
#2596=ORIENTED_EDGE('',*,*,#1957,.F.);
#2597=ORIENTED_EDGE('',*,*,#1958,.T.);
#2598=ORIENTED_EDGE('',*,*,#1959,.F.);
#2599=ORIENTED_EDGE('',*,*,#1960,.F.);
#2600=ORIENTED_EDGE('',*,*,#1961,.F.);
#2601=ORIENTED_EDGE('',*,*,#1956,.T.);
#2602=ORIENTED_EDGE('',*,*,#1962,.F.);
#2603=ORIENTED_EDGE('',*,*,#1963,.F.);
#2604=ORIENTED_EDGE('',*,*,#1964,.F.);
#2605=ORIENTED_EDGE('',*,*,#1960,.T.);
#2606=ORIENTED_EDGE('',*,*,#1965,.F.);
#2607=ORIENTED_EDGE('',*,*,#1958,.F.);
#2608=ORIENTED_EDGE('',*,*,#1966,.F.);
#2609=ORIENTED_EDGE('',*,*,#1963,.T.);
#2610=ORIENTED_EDGE('',*,*,#1967,.F.);
#2611=ORIENTED_EDGE('',*,*,#1968,.F.);
#2612=ORIENTED_EDGE('',*,*,#1969,.F.);
#2613=ORIENTED_EDGE('',*,*,#1970,.T.);
#2614=ORIENTED_EDGE('',*,*,#1971,.F.);
#2615=ORIENTED_EDGE('',*,*,#1972,.F.);
#2616=ORIENTED_EDGE('',*,*,#1973,.F.);
#2617=ORIENTED_EDGE('',*,*,#1968,.T.);
#2618=ORIENTED_EDGE('',*,*,#1974,.F.);
#2619=ORIENTED_EDGE('',*,*,#1975,.F.);
#2620=ORIENTED_EDGE('',*,*,#1976,.F.);
#2621=ORIENTED_EDGE('',*,*,#1972,.T.);
#2622=ORIENTED_EDGE('',*,*,#1977,.F.);
#2623=ORIENTED_EDGE('',*,*,#1970,.F.);
#2624=ORIENTED_EDGE('',*,*,#1978,.F.);
#2625=ORIENTED_EDGE('',*,*,#1975,.T.);
#2626=ORIENTED_EDGE('',*,*,#1979,.F.);
#2627=ORIENTED_EDGE('',*,*,#1980,.T.);
#2628=ORIENTED_EDGE('',*,*,#1981,.F.);
#2629=ORIENTED_EDGE('',*,*,#1982,.F.);
#2630=ORIENTED_EDGE('',*,*,#1983,.F.);
#2631=ORIENTED_EDGE('',*,*,#1949,.T.);
#2632=ORIENTED_EDGE('',*,*,#1952,.T.);
#2633=ORIENTED_EDGE('',*,*,#1954,.T.);
#2634=ORIENTED_EDGE('',*,*,#1945,.T.);
#2635=ORIENTED_EDGE('',*,*,#1961,.T.);
#2636=ORIENTED_EDGE('',*,*,#1964,.T.);
#2637=ORIENTED_EDGE('',*,*,#1966,.T.);
#2638=ORIENTED_EDGE('',*,*,#1957,.T.);
#2639=ORIENTED_EDGE('',*,*,#1973,.T.);
#2640=ORIENTED_EDGE('',*,*,#1976,.T.);
#2641=ORIENTED_EDGE('',*,*,#1978,.T.);
#2642=ORIENTED_EDGE('',*,*,#1969,.T.);
#2643=ORIENTED_EDGE('',*,*,#1984,.T.);
#2644=ORIENTED_EDGE('',*,*,#1985,.T.);
#2645=ORIENTED_EDGE('',*,*,#1986,.T.);
#2646=ORIENTED_EDGE('',*,*,#1987,.T.);
#2647=ORIENTED_EDGE('',*,*,#1988,.F.);
#2648=ORIENTED_EDGE('',*,*,#1989,.T.);
#2649=ORIENTED_EDGE('',*,*,#1984,.F.);
#2650=ORIENTED_EDGE('',*,*,#1990,.F.);
#2651=ORIENTED_EDGE('',*,*,#1991,.F.);
#2652=ORIENTED_EDGE('',*,*,#1992,.T.);
#2653=ORIENTED_EDGE('',*,*,#1985,.F.);
#2654=ORIENTED_EDGE('',*,*,#1989,.F.);
#2655=ORIENTED_EDGE('',*,*,#1993,.F.);
#2656=ORIENTED_EDGE('',*,*,#1994,.T.);
#2657=ORIENTED_EDGE('',*,*,#1986,.F.);
#2658=ORIENTED_EDGE('',*,*,#1992,.F.);
#2659=ORIENTED_EDGE('',*,*,#1995,.F.);
#2660=ORIENTED_EDGE('',*,*,#1990,.T.);
#2661=ORIENTED_EDGE('',*,*,#1987,.F.);
#2662=ORIENTED_EDGE('',*,*,#1994,.F.);
#2663=ORIENTED_EDGE('',*,*,#1996,.F.);
#2664=ORIENTED_EDGE('',*,*,#1997,.F.);
#2665=ORIENTED_EDGE('',*,*,#1998,.F.);
#2666=ORIENTED_EDGE('',*,*,#1980,.F.);
#2667=ORIENTED_EDGE('',*,*,#1999,.F.);
#2668=ORIENTED_EDGE('',*,*,#2000,.F.);
#2669=ORIENTED_EDGE('',*,*,#2001,.F.);
#2670=ORIENTED_EDGE('',*,*,#2002,.F.);
#2671=ORIENTED_EDGE('',*,*,#1997,.T.);
#2672=ORIENTED_EDGE('',*,*,#1995,.T.);
#2673=ORIENTED_EDGE('',*,*,#1993,.T.);
#2674=ORIENTED_EDGE('',*,*,#1991,.T.);
#2675=ORIENTED_EDGE('',*,*,#1988,.T.);
#2676=ORIENTED_EDGE('',*,*,#1971,.T.);
#2677=ORIENTED_EDGE('',*,*,#1967,.T.);
#2678=ORIENTED_EDGE('',*,*,#1977,.T.);
#2679=ORIENTED_EDGE('',*,*,#1974,.T.);
#2680=ORIENTED_EDGE('',*,*,#1959,.T.);
#2681=ORIENTED_EDGE('',*,*,#1955,.T.);
#2682=ORIENTED_EDGE('',*,*,#1965,.T.);
#2683=ORIENTED_EDGE('',*,*,#1962,.T.);
#2684=ORIENTED_EDGE('',*,*,#1947,.T.);
#2685=ORIENTED_EDGE('',*,*,#1943,.T.);
#2686=ORIENTED_EDGE('',*,*,#1953,.T.);
#2687=ORIENTED_EDGE('',*,*,#1950,.T.);
#2688=ORIENTED_EDGE('',*,*,#1979,.T.);
#2689=ORIENTED_EDGE('',*,*,#2003,.T.);
#2690=ORIENTED_EDGE('',*,*,#1999,.T.);
#2691=ORIENTED_EDGE('',*,*,#1996,.T.);
#2692=ORIENTED_EDGE('',*,*,#1982,.T.);
#2693=ORIENTED_EDGE('',*,*,#2004,.F.);
#2694=ORIENTED_EDGE('',*,*,#2001,.T.);
#2695=ORIENTED_EDGE('',*,*,#2005,.F.);
#2696=ORIENTED_EDGE('',*,*,#1981,.T.);
#2697=ORIENTED_EDGE('',*,*,#1998,.T.);
#2698=ORIENTED_EDGE('',*,*,#2002,.T.);
#2699=ORIENTED_EDGE('',*,*,#2004,.T.);
#2700=ORIENTED_EDGE('',*,*,#1983,.T.);
#2701=ORIENTED_EDGE('',*,*,#2005,.T.);
#2702=ORIENTED_EDGE('',*,*,#2000,.T.);
#2703=ORIENTED_EDGE('',*,*,#2003,.F.);
#2704=ORIENTED_EDGE('',*,*,#2006,.F.);
#2705=ORIENTED_EDGE('',*,*,#2007,.F.);
#2706=ORIENTED_EDGE('',*,*,#2008,.F.);
#2707=ORIENTED_EDGE('',*,*,#2009,.F.);
#2708=ORIENTED_EDGE('',*,*,#2010,.F.);
#2709=ORIENTED_EDGE('',*,*,#2011,.T.);
#2710=ORIENTED_EDGE('',*,*,#2012,.F.);
#2711=ORIENTED_EDGE('',*,*,#2013,.F.);
#2712=ORIENTED_EDGE('',*,*,#2014,.F.);
#2713=ORIENTED_EDGE('',*,*,#2015,.F.);
#2714=ORIENTED_EDGE('',*,*,#2009,.T.);
#2715=ORIENTED_EDGE('',*,*,#2016,.F.);
#2716=ORIENTED_EDGE('',*,*,#2017,.F.);
#2717=ORIENTED_EDGE('',*,*,#2018,.F.);
#2718=ORIENTED_EDGE('',*,*,#2007,.T.);
#2719=ORIENTED_EDGE('',*,*,#2019,.F.);
#2720=ORIENTED_EDGE('',*,*,#2011,.F.);
#2721=ORIENTED_EDGE('',*,*,#2020,.F.);
#2722=ORIENTED_EDGE('',*,*,#2021,.T.);
#2723=ORIENTED_EDGE('',*,*,#2022,.F.);
#2724=ORIENTED_EDGE('',*,*,#2023,.F.);
#2725=ORIENTED_EDGE('',*,*,#2021,.F.);
#2726=ORIENTED_EDGE('',*,*,#2024,.F.);
#2727=ORIENTED_EDGE('',*,*,#2014,.T.);
#2728=ORIENTED_EDGE('',*,*,#2025,.F.);
#2729=ORIENTED_EDGE('',*,*,#2017,.T.);
#2730=ORIENTED_EDGE('',*,*,#2022,.T.);
#2731=ORIENTED_EDGE('',*,*,#2016,.T.);
#2732=ORIENTED_EDGE('',*,*,#2006,.T.);
#2733=ORIENTED_EDGE('',*,*,#2026,.F.);
#2734=ORIENTED_EDGE('',*,*,#2027,.F.);
#2735=ORIENTED_EDGE('',*,*,#2028,.F.);
#2736=ORIENTED_EDGE('',*,*,#2029,.F.);
#2737=ORIENTED_EDGE('',*,*,#2030,.F.);
#2738=ORIENTED_EDGE('',*,*,#2031,.T.);
#2739=ORIENTED_EDGE('',*,*,#2032,.T.);
#2740=ORIENTED_EDGE('',*,*,#2033,.T.);
#2741=ORIENTED_EDGE('',*,*,#2034,.T.);
#2742=ORIENTED_EDGE('',*,*,#2035,.T.);
#2743=ORIENTED_EDGE('',*,*,#2036,.T.);
#2744=ORIENTED_EDGE('',*,*,#2037,.T.);
#2745=ORIENTED_EDGE('',*,*,#2038,.T.);
#2746=ORIENTED_EDGE('',*,*,#2037,.F.);
#2747=ORIENTED_EDGE('',*,*,#2039,.F.);
#2748=ORIENTED_EDGE('',*,*,#2040,.F.);
#2749=ORIENTED_EDGE('',*,*,#2041,.F.);
#2750=ORIENTED_EDGE('',*,*,#2042,.F.);
#2751=ORIENTED_EDGE('',*,*,#2043,.T.);
#2752=ORIENTED_EDGE('',*,*,#2036,.F.);
#2753=ORIENTED_EDGE('',*,*,#2044,.T.);
#2754=ORIENTED_EDGE('',*,*,#2045,.F.);
#2755=ORIENTED_EDGE('',*,*,#2039,.T.);
#2756=ORIENTED_EDGE('',*,*,#2035,.F.);
#2757=ORIENTED_EDGE('',*,*,#2046,.F.);
#2758=ORIENTED_EDGE('',*,*,#2047,.F.);
#2759=ORIENTED_EDGE('',*,*,#2048,.F.);
#2760=ORIENTED_EDGE('',*,*,#2049,.F.);
#2761=ORIENTED_EDGE('',*,*,#2050,.T.);
#2762=ORIENTED_EDGE('',*,*,#2051,.F.);
#2763=ORIENTED_EDGE('',*,*,#2052,.F.);
#2764=ORIENTED_EDGE('',*,*,#2053,.F.);
#2765=ORIENTED_EDGE('',*,*,#2044,.F.);
#2766=ORIENTED_EDGE('',*,*,#2034,.F.);
#2767=ORIENTED_EDGE('',*,*,#2054,.F.);
#2768=ORIENTED_EDGE('',*,*,#2055,.F.);
#2769=ORIENTED_EDGE('',*,*,#2056,.F.);
#2770=ORIENTED_EDGE('',*,*,#2046,.T.);
#2771=ORIENTED_EDGE('',*,*,#2038,.F.);
#2772=ORIENTED_EDGE('',*,*,#2043,.F.);
#2773=ORIENTED_EDGE('',*,*,#2057,.F.);
#2774=ORIENTED_EDGE('',*,*,#2058,.F.);
#2775=ORIENTED_EDGE('',*,*,#2059,.T.);
#2776=ORIENTED_EDGE('',*,*,#2057,.T.);
#2777=ORIENTED_EDGE('',*,*,#2042,.T.);
#2778=ORIENTED_EDGE('',*,*,#2060,.F.);
#2779=ORIENTED_EDGE('',*,*,#2061,.F.);
#2780=ORIENTED_EDGE('',*,*,#2062,.F.);
#2781=ORIENTED_EDGE('',*,*,#2056,.T.);
#2782=ORIENTED_EDGE('',*,*,#2063,.F.);
#2783=ORIENTED_EDGE('',*,*,#2064,.F.);
#2784=ORIENTED_EDGE('',*,*,#2065,.F.);
#2785=ORIENTED_EDGE('',*,*,#2047,.T.);
#2786=ORIENTED_EDGE('',*,*,#2058,.T.);
#2787=ORIENTED_EDGE('',*,*,#2062,.T.);
#2788=ORIENTED_EDGE('',*,*,#2066,.T.);
#2789=ORIENTED_EDGE('',*,*,#2067,.T.);
#2790=ORIENTED_EDGE('',*,*,#2055,.T.);
#2791=ORIENTED_EDGE('',*,*,#2068,.T.);
#2792=ORIENTED_EDGE('',*,*,#2069,.T.);
#2793=ORIENTED_EDGE('',*,*,#2063,.T.);
#2794=ORIENTED_EDGE('',*,*,#2070,.T.);
#2795=ORIENTED_EDGE('',*,*,#2071,.T.);
#2796=ORIENTED_EDGE('',*,*,#2072,.T.);
#2797=ORIENTED_EDGE('',*,*,#2073,.T.);
#2798=ORIENTED_EDGE('',*,*,#2074,.T.);
#2799=ORIENTED_EDGE('',*,*,#2075,.T.);
#2800=ORIENTED_EDGE('',*,*,#2076,.T.);
#2801=ORIENTED_EDGE('',*,*,#2077,.T.);
#2802=ORIENTED_EDGE('',*,*,#2031,.F.);
#2803=ORIENTED_EDGE('',*,*,#2059,.F.);
#2804=ORIENTED_EDGE('',*,*,#2078,.F.);
#2805=ORIENTED_EDGE('',*,*,#2079,.T.);
#2806=ORIENTED_EDGE('',*,*,#2076,.F.);
#2807=ORIENTED_EDGE('',*,*,#2080,.F.);
#2808=ORIENTED_EDGE('',*,*,#2032,.F.);
#2809=ORIENTED_EDGE('',*,*,#2080,.T.);
#2810=ORIENTED_EDGE('',*,*,#2075,.F.);
#2811=ORIENTED_EDGE('',*,*,#2081,.T.);
#2812=ORIENTED_EDGE('',*,*,#2033,.F.);
#2813=ORIENTED_EDGE('',*,*,#2081,.F.);
#2814=ORIENTED_EDGE('',*,*,#2074,.F.);
#2815=ORIENTED_EDGE('',*,*,#2082,.F.);
#2816=ORIENTED_EDGE('',*,*,#2083,.F.);
#2817=ORIENTED_EDGE('',*,*,#2054,.T.);
#2818=ORIENTED_EDGE('',*,*,#2073,.F.);
#2819=ORIENTED_EDGE('',*,*,#2084,.F.);
#2820=ORIENTED_EDGE('',*,*,#2085,.F.);
#2821=ORIENTED_EDGE('',*,*,#2082,.T.);
#2822=ORIENTED_EDGE('',*,*,#2077,.F.);
#2823=ORIENTED_EDGE('',*,*,#2079,.F.);
#2824=ORIENTED_EDGE('',*,*,#2086,.F.);
#2825=ORIENTED_EDGE('',*,*,#2087,.T.);
#2826=ORIENTED_EDGE('',*,*,#2085,.T.);
#2827=ORIENTED_EDGE('',*,*,#2088,.T.);
#2828=ORIENTED_EDGE('',*,*,#2089,.T.);
#2829=ORIENTED_EDGE('',*,*,#2090,.T.);
#2830=ORIENTED_EDGE('',*,*,#2091,.T.);
#2831=ORIENTED_EDGE('',*,*,#2092,.T.);
#2832=ORIENTED_EDGE('',*,*,#2093,.T.);
#2833=ORIENTED_EDGE('',*,*,#2094,.T.);
#2834=ORIENTED_EDGE('',*,*,#2095,.T.);
#2835=ORIENTED_EDGE('',*,*,#2096,.T.);
#2836=ORIENTED_EDGE('',*,*,#2051,.T.);
#2837=ORIENTED_EDGE('',*,*,#2097,.T.);
#2838=ORIENTED_EDGE('',*,*,#2096,.F.);
#2839=ORIENTED_EDGE('',*,*,#2098,.T.);
#2840=ORIENTED_EDGE('',*,*,#2099,.F.);
#2841=ORIENTED_EDGE('',*,*,#2052,.T.);
#2842=ORIENTED_EDGE('',*,*,#2095,.F.);
#2843=ORIENTED_EDGE('',*,*,#2100,.F.);
#2844=ORIENTED_EDGE('',*,*,#2101,.T.);
#2845=ORIENTED_EDGE('',*,*,#2102,.T.);
#2846=ORIENTED_EDGE('',*,*,#2103,.F.);
#2847=ORIENTED_EDGE('',*,*,#2098,.F.);
#2848=ORIENTED_EDGE('',*,*,#2094,.F.);
#2849=ORIENTED_EDGE('',*,*,#2104,.F.);
#2850=ORIENTED_EDGE('',*,*,#2105,.F.);
#2851=ORIENTED_EDGE('',*,*,#2100,.T.);
#2852=ORIENTED_EDGE('',*,*,#2097,.F.);
#2853=ORIENTED_EDGE('',*,*,#2050,.F.);
#2854=ORIENTED_EDGE('',*,*,#2106,.F.);
#2855=ORIENTED_EDGE('',*,*,#2107,.T.);
#2856=ORIENTED_EDGE('',*,*,#2106,.T.);
#2857=ORIENTED_EDGE('',*,*,#2108,.T.);
#2858=ORIENTED_EDGE('',*,*,#2109,.T.);
#2859=ORIENTED_EDGE('',*,*,#2110,.T.);
#2860=ORIENTED_EDGE('',*,*,#2105,.T.);
#2861=ORIENTED_EDGE('',*,*,#2111,.T.);
#2862=ORIENTED_EDGE('',*,*,#2112,.T.);
#2863=ORIENTED_EDGE('',*,*,#2113,.T.);
#2864=ORIENTED_EDGE('',*,*,#2040,.T.);
#2865=ORIENTED_EDGE('',*,*,#2045,.T.);
#2866=ORIENTED_EDGE('',*,*,#2053,.T.);
#2867=ORIENTED_EDGE('',*,*,#2099,.T.);
#2868=ORIENTED_EDGE('',*,*,#2103,.T.);
#2869=ORIENTED_EDGE('',*,*,#2114,.T.);
#2870=ORIENTED_EDGE('',*,*,#2114,.F.);
#2871=ORIENTED_EDGE('',*,*,#2102,.F.);
#2872=ORIENTED_EDGE('',*,*,#2115,.F.);
#2873=ORIENTED_EDGE('',*,*,#2041,.T.);
#2874=ORIENTED_EDGE('',*,*,#2048,.T.);
#2875=ORIENTED_EDGE('',*,*,#2065,.T.);
#2876=ORIENTED_EDGE('',*,*,#2116,.T.);
#2877=ORIENTED_EDGE('',*,*,#2117,.T.);
#2878=ORIENTED_EDGE('',*,*,#2078,.T.);
#2879=ORIENTED_EDGE('',*,*,#2067,.F.);
#2880=ORIENTED_EDGE('',*,*,#2118,.F.);
#2881=ORIENTED_EDGE('',*,*,#2119,.F.);
#2882=ORIENTED_EDGE('',*,*,#2083,.T.);
#2883=ORIENTED_EDGE('',*,*,#2090,.F.);
#2884=ORIENTED_EDGE('',*,*,#2120,.F.);
#2885=ORIENTED_EDGE('',*,*,#2068,.F.);
#2886=ORIENTED_EDGE('',*,*,#2101,.F.);
#2887=ORIENTED_EDGE('',*,*,#2113,.F.);
#2888=ORIENTED_EDGE('',*,*,#2121,.F.);
#2889=ORIENTED_EDGE('',*,*,#2122,.F.);
#2890=ORIENTED_EDGE('',*,*,#2072,.F.);
#2891=ORIENTED_EDGE('',*,*,#2123,.F.);
#2892=ORIENTED_EDGE('',*,*,#2091,.F.);
#2893=ORIENTED_EDGE('',*,*,#2107,.F.);
#2894=ORIENTED_EDGE('',*,*,#2124,.F.);
#2895=ORIENTED_EDGE('',*,*,#2084,.T.);
#2896=ORIENTED_EDGE('',*,*,#2124,.T.);
#2897=ORIENTED_EDGE('',*,*,#2110,.F.);
#2898=ORIENTED_EDGE('',*,*,#2125,.F.);
#2899=ORIENTED_EDGE('',*,*,#2088,.F.);
#2900=ORIENTED_EDGE('',*,*,#2020,.T.);
#2901=ORIENTED_EDGE('',*,*,#2010,.T.);
#2902=ORIENTED_EDGE('',*,*,#2015,.T.);
#2903=ORIENTED_EDGE('',*,*,#2024,.T.);
#2904=ORIENTED_EDGE('',*,*,#2126,.F.);
#2905=ORIENTED_EDGE('',*,*,#2127,.F.);
#2906=ORIENTED_EDGE('',*,*,#2128,.F.);
#2907=ORIENTED_EDGE('',*,*,#2111,.F.);
#2908=ORIENTED_EDGE('',*,*,#2129,.F.);
#2909=ORIENTED_EDGE('',*,*,#2112,.F.);
#2910=ORIENTED_EDGE('',*,*,#2130,.F.);
#2911=ORIENTED_EDGE('',*,*,#2131,.F.);
#2912=ORIENTED_EDGE('',*,*,#2132,.F.);
#2913=ORIENTED_EDGE('',*,*,#2133,.F.);
#2914=ORIENTED_EDGE('',*,*,#2109,.F.);
#2915=ORIENTED_EDGE('',*,*,#2134,.F.);
#2916=ORIENTED_EDGE('',*,*,#2135,.F.);
#2917=ORIENTED_EDGE('',*,*,#2136,.F.);
#2918=ORIENTED_EDGE('',*,*,#2137,.F.);
#2919=ORIENTED_EDGE('',*,*,#2138,.F.);
#2920=ORIENTED_EDGE('',*,*,#2089,.F.);
#2921=ORIENTED_EDGE('',*,*,#2139,.F.);
#2922=ORIENTED_EDGE('',*,*,#2140,.F.);
#2923=ORIENTED_EDGE('',*,*,#2139,.T.);
#2924=ORIENTED_EDGE('',*,*,#2125,.T.);
#2925=ORIENTED_EDGE('',*,*,#2135,.T.);
#2926=ORIENTED_EDGE('',*,*,#2141,.T.);
#2927=ORIENTED_EDGE('',*,*,#2142,.F.);
#2928=ORIENTED_EDGE('',*,*,#2066,.F.);
#2929=ORIENTED_EDGE('',*,*,#2143,.F.);
#2930=ORIENTED_EDGE('',*,*,#2116,.F.);
#2931=ORIENTED_EDGE('',*,*,#2144,.F.);
#2932=ORIENTED_EDGE('',*,*,#2145,.F.);
#2933=ORIENTED_EDGE('',*,*,#2146,.F.);
#2934=ORIENTED_EDGE('',*,*,#2147,.F.);
#2935=ORIENTED_EDGE('',*,*,#2069,.F.);
#2936=ORIENTED_EDGE('',*,*,#2144,.T.);
#2937=ORIENTED_EDGE('',*,*,#2064,.T.);
#2938=ORIENTED_EDGE('',*,*,#2147,.T.);
#2939=ORIENTED_EDGE('',*,*,#2148,.T.);
#2940=ORIENTED_EDGE('',*,*,#2146,.T.);
#2941=ORIENTED_EDGE('',*,*,#2120,.T.);
#2942=ORIENTED_EDGE('',*,*,#2140,.T.);
#2943=ORIENTED_EDGE('',*,*,#2149,.T.);
#2944=ORIENTED_EDGE('',*,*,#2134,.T.);
#2945=ORIENTED_EDGE('',*,*,#2150,.T.);
#2946=ORIENTED_EDGE('',*,*,#2145,.T.);
#2947=ORIENTED_EDGE('',*,*,#2151,.T.);
#2948=ORIENTED_EDGE('',*,*,#2136,.T.);
#2949=ORIENTED_EDGE('',*,*,#2152,.T.);
#2950=ORIENTED_EDGE('',*,*,#2143,.T.);
#2951=ORIENTED_EDGE('',*,*,#2061,.T.);
#2952=ORIENTED_EDGE('',*,*,#2142,.T.);
#2953=ORIENTED_EDGE('',*,*,#2153,.T.);
#2954=ORIENTED_EDGE('',*,*,#2133,.T.);
#2955=ORIENTED_EDGE('',*,*,#2118,.T.);
#2956=ORIENTED_EDGE('',*,*,#2086,.T.);
#2957=ORIENTED_EDGE('',*,*,#2119,.T.);
#2958=ORIENTED_EDGE('',*,*,#2132,.T.);
#2959=ORIENTED_EDGE('',*,*,#2127,.T.);
#2960=ORIENTED_EDGE('',*,*,#2129,.T.);
#2961=ORIENTED_EDGE('',*,*,#2154,.T.);
#2962=ORIENTED_EDGE('',*,*,#2138,.T.);
#2963=ORIENTED_EDGE('',*,*,#2121,.T.);
#2964=ORIENTED_EDGE('',*,*,#2131,.T.);
#2965=ORIENTED_EDGE('',*,*,#2155,.T.);
#2966=ORIENTED_EDGE('',*,*,#2130,.T.);
#2967=ORIENTED_EDGE('',*,*,#2128,.T.);
#2968=ORIENTED_EDGE('',*,*,#2148,.F.);
#2969=ORIENTED_EDGE('',*,*,#2149,.F.);
#2970=ORIENTED_EDGE('',*,*,#2141,.F.);
#2971=ORIENTED_EDGE('',*,*,#2151,.F.);
#2972=ORIENTED_EDGE('',*,*,#2156,.F.);
#2973=ORIENTED_EDGE('',*,*,#2157,.F.);
#2974=ORIENTED_EDGE('',*,*,#2158,.F.);
#2975=ORIENTED_EDGE('',*,*,#2159,.F.);
#2976=ORIENTED_EDGE('',*,*,#2152,.F.);
#2977=ORIENTED_EDGE('',*,*,#2154,.F.);
#2978=ORIENTED_EDGE('',*,*,#2155,.F.);
#2979=ORIENTED_EDGE('',*,*,#2153,.F.);
#2980=ORIENTED_EDGE('',*,*,#2160,.T.);
#2981=ORIENTED_EDGE('',*,*,#2161,.T.);
#2982=ORIENTED_EDGE('',*,*,#2162,.T.);
#2983=ORIENTED_EDGE('',*,*,#2163,.T.);
#2984=ORIENTED_EDGE('',*,*,#2164,.T.);
#2985=ORIENTED_EDGE('',*,*,#2165,.T.);
#2986=ORIENTED_EDGE('',*,*,#2166,.T.);
#2987=ORIENTED_EDGE('',*,*,#2167,.T.);
#2988=ORIENTED_EDGE('',*,*,#2168,.T.);
#2989=ORIENTED_EDGE('',*,*,#2169,.T.);
#2990=ORIENTED_EDGE('',*,*,#2170,.T.);
#2991=ORIENTED_EDGE('',*,*,#2029,.T.);
#2992=ORIENTED_EDGE('',*,*,#2171,.T.);
#2993=ORIENTED_EDGE('',*,*,#2172,.T.);
#2994=ORIENTED_EDGE('',*,*,#2173,.T.);
#2995=ORIENTED_EDGE('',*,*,#2174,.T.);
#2996=ORIENTED_EDGE('',*,*,#2175,.T.);
#2997=ORIENTED_EDGE('',*,*,#2176,.T.);
#2998=ORIENTED_EDGE('',*,*,#2177,.T.);
#2999=ORIENTED_EDGE('',*,*,#2178,.T.);
#3000=ORIENTED_EDGE('',*,*,#2179,.T.);
#3001=ORIENTED_EDGE('',*,*,#2180,.T.);
#3002=ORIENTED_EDGE('',*,*,#2181,.T.);
#3003=ORIENTED_EDGE('',*,*,#2182,.T.);
#3004=ORIENTED_EDGE('',*,*,#2183,.T.);
#3005=ORIENTED_EDGE('',*,*,#2184,.T.);
#3006=ORIENTED_EDGE('',*,*,#2185,.T.);
#3007=ORIENTED_EDGE('',*,*,#2186,.T.);
#3008=ORIENTED_EDGE('',*,*,#2027,.T.);
#3009=ORIENTED_EDGE('',*,*,#2187,.T.);
#3010=ORIENTED_EDGE('',*,*,#2070,.F.);
#3011=ORIENTED_EDGE('',*,*,#2087,.F.);
#3012=ORIENTED_EDGE('',*,*,#2126,.T.);
#3013=ORIENTED_EDGE('',*,*,#2104,.T.);
#3014=ORIENTED_EDGE('',*,*,#2093,.F.);
#3015=ORIENTED_EDGE('',*,*,#2188,.F.);
#3016=ORIENTED_EDGE('',*,*,#2071,.F.);
#3017=ORIENTED_EDGE('',*,*,#2188,.T.);
#3018=ORIENTED_EDGE('',*,*,#2092,.F.);
#3019=ORIENTED_EDGE('',*,*,#2123,.T.);
#3020=ORIENTED_EDGE('',*,*,#2189,.T.);
#3021=ORIENTED_EDGE('',*,*,#2175,.F.);
#3022=ORIENTED_EDGE('',*,*,#2190,.T.);
#3023=ORIENTED_EDGE('',*,*,#2177,.F.);
#3024=ORIENTED_EDGE('',*,*,#2191,.T.);
#3025=ORIENTED_EDGE('',*,*,#2171,.F.);
#3026=ORIENTED_EDGE('',*,*,#2028,.T.);
#3027=ORIENTED_EDGE('',*,*,#2186,.F.);
#3028=ORIENTED_EDGE('',*,*,#2192,.T.);
#3029=ORIENTED_EDGE('',*,*,#2168,.F.);
#3030=ORIENTED_EDGE('',*,*,#2193,.T.);
#3031=ORIENTED_EDGE('',*,*,#2180,.F.);
#3032=ORIENTED_EDGE('',*,*,#2194,.F.);
#3033=ORIENTED_EDGE('',*,*,#2169,.F.);
#3034=ORIENTED_EDGE('',*,*,#2192,.F.);
#3035=ORIENTED_EDGE('',*,*,#2179,.F.);
#3036=ORIENTED_EDGE('',*,*,#2023,.T.);
#3037=ORIENTED_EDGE('',*,*,#2030,.T.);
#3038=ORIENTED_EDGE('',*,*,#2170,.F.);
#3039=ORIENTED_EDGE('',*,*,#2194,.T.);
#3040=ORIENTED_EDGE('',*,*,#2187,.F.);
#3041=ORIENTED_EDGE('',*,*,#2026,.T.);
#3042=ORIENTED_EDGE('',*,*,#2012,.T.);
#3043=ORIENTED_EDGE('',*,*,#2019,.T.);
#3044=ORIENTED_EDGE('',*,*,#2115,.T.);
#3045=ORIENTED_EDGE('',*,*,#2122,.T.);
#3046=ORIENTED_EDGE('',*,*,#2137,.T.);
#3047=ORIENTED_EDGE('',*,*,#2060,.T.);
#3048=ORIENTED_EDGE('',*,*,#2160,.F.);
#3049=ORIENTED_EDGE('',*,*,#2195,.T.);
#3050=ORIENTED_EDGE('',*,*,#2156,.T.);
#3051=ORIENTED_EDGE('',*,*,#2195,.F.);
#3052=ORIENTED_EDGE('',*,*,#2161,.F.);
#3053=ORIENTED_EDGE('',*,*,#2196,.T.);
#3054=ORIENTED_EDGE('',*,*,#2157,.T.);
#3055=ORIENTED_EDGE('',*,*,#2196,.F.);
#3056=ORIENTED_EDGE('',*,*,#2162,.F.);
#3057=ORIENTED_EDGE('',*,*,#2197,.T.);
#3058=ORIENTED_EDGE('',*,*,#2158,.T.);
#3059=ORIENTED_EDGE('',*,*,#2197,.F.);
#3060=ORIENTED_EDGE('',*,*,#2025,.T.);
#3061=ORIENTED_EDGE('',*,*,#2013,.T.);
#3062=ORIENTED_EDGE('',*,*,#2008,.T.);
#3063=ORIENTED_EDGE('',*,*,#2018,.T.);
#3064=ORIENTED_EDGE('',*,*,#2163,.F.);
#3065=ORIENTED_EDGE('',*,*,#2198,.T.);
#3066=ORIENTED_EDGE('',*,*,#2159,.T.);
#3067=ORIENTED_EDGE('',*,*,#2198,.F.);
#3068=ORIENTED_EDGE('',*,*,#2193,.F.);
#3069=ORIENTED_EDGE('',*,*,#2167,.F.);
#3070=ORIENTED_EDGE('',*,*,#2199,.F.);
#3071=ORIENTED_EDGE('',*,*,#2181,.F.);
#3072=ORIENTED_EDGE('',*,*,#2199,.T.);
#3073=ORIENTED_EDGE('',*,*,#2166,.F.);
#3074=ORIENTED_EDGE('',*,*,#2200,.F.);
#3075=ORIENTED_EDGE('',*,*,#2182,.F.);
#3076=ORIENTED_EDGE('',*,*,#2200,.T.);
#3077=ORIENTED_EDGE('',*,*,#2165,.F.);
#3078=ORIENTED_EDGE('',*,*,#2201,.F.);
#3079=ORIENTED_EDGE('',*,*,#2183,.F.);
#3080=ORIENTED_EDGE('',*,*,#2201,.T.);
#3081=ORIENTED_EDGE('',*,*,#2164,.F.);
#3082=ORIENTED_EDGE('',*,*,#2202,.T.);
#3083=ORIENTED_EDGE('',*,*,#2184,.F.);
#3084=ORIENTED_EDGE('',*,*,#2202,.F.);
#3085=ORIENTED_EDGE('',*,*,#2172,.F.);
#3086=ORIENTED_EDGE('',*,*,#2191,.F.);
#3087=ORIENTED_EDGE('',*,*,#2185,.F.);
#3088=ORIENTED_EDGE('',*,*,#2190,.F.);
#3089=ORIENTED_EDGE('',*,*,#2174,.F.);
#3090=ORIENTED_EDGE('',*,*,#2203,.F.);
#3091=ORIENTED_EDGE('',*,*,#2178,.F.);
#3092=ORIENTED_EDGE('',*,*,#2203,.T.);
#3093=ORIENTED_EDGE('',*,*,#2173,.F.);
#3094=ORIENTED_EDGE('',*,*,#2189,.F.);
#3095=ORIENTED_EDGE('',*,*,#2176,.F.);
#3096=ORIENTED_EDGE('',*,*,#2108,.F.);
#3097=ORIENTED_EDGE('',*,*,#2049,.T.);
#3098=ORIENTED_EDGE('',*,*,#2117,.F.);
#3099=ORIENTED_EDGE('',*,*,#2150,.F.);
#3100=ORIENTED_EDGE('',*,*,#2204,.F.);
#3101=ORIENTED_EDGE('',*,*,#2205,.F.);
#3102=ORIENTED_EDGE('',*,*,#2206,.F.);
#3103=ORIENTED_EDGE('',*,*,#2207,.F.);
#3104=ORIENTED_EDGE('',*,*,#2208,.F.);
#3105=ORIENTED_EDGE('',*,*,#2209,.T.);
#3106=ORIENTED_EDGE('',*,*,#2210,.F.);
#3107=ORIENTED_EDGE('',*,*,#2211,.T.);
#3108=ORIENTED_EDGE('',*,*,#2212,.F.);
#3109=ORIENTED_EDGE('',*,*,#2211,.F.);
#3110=ORIENTED_EDGE('',*,*,#2213,.F.);
#3111=ORIENTED_EDGE('',*,*,#2214,.F.);
#3112=ORIENTED_EDGE('',*,*,#2215,.F.);
#3113=ORIENTED_EDGE('',*,*,#2207,.T.);
#3114=ORIENTED_EDGE('',*,*,#2216,.F.);
#3115=ORIENTED_EDGE('',*,*,#2209,.F.);
#3116=ORIENTED_EDGE('',*,*,#2217,.F.);
#3117=ORIENTED_EDGE('',*,*,#2218,.F.);
#3118=ORIENTED_EDGE('',*,*,#2219,.F.);
#3119=ORIENTED_EDGE('',*,*,#2220,.F.);
#3120=ORIENTED_EDGE('',*,*,#2221,.T.);
#3121=ORIENTED_EDGE('',*,*,#2204,.T.);
#3122=ORIENTED_EDGE('',*,*,#2215,.T.);
#3123=ORIENTED_EDGE('',*,*,#2208,.T.);
#3124=ORIENTED_EDGE('',*,*,#2212,.T.);
#3125=ORIENTED_EDGE('',*,*,#2222,.T.);
#3126=ORIENTED_EDGE('',*,*,#2223,.T.);
#3127=ORIENTED_EDGE('',*,*,#2224,.T.);
#3128=ORIENTED_EDGE('',*,*,#2225,.T.);
#3129=ORIENTED_EDGE('',*,*,#2226,.T.);
#3130=ORIENTED_EDGE('',*,*,#2227,.T.);
#3131=ORIENTED_EDGE('',*,*,#2217,.T.);
#3132=ORIENTED_EDGE('',*,*,#2228,.T.);
#3133=ORIENTED_EDGE('',*,*,#2229,.T.);
#3134=ORIENTED_EDGE('',*,*,#2230,.T.);
#3135=ORIENTED_EDGE('',*,*,#2220,.T.);
#3136=ORIENTED_EDGE('',*,*,#2230,.F.);
#3137=ORIENTED_EDGE('',*,*,#2231,.T.);
#3138=ORIENTED_EDGE('',*,*,#2225,.F.);
#3139=ORIENTED_EDGE('',*,*,#2232,.T.);
#3140=ORIENTED_EDGE('',*,*,#2233,.T.);
#3141=ORIENTED_EDGE('',*,*,#2234,.T.);
#3142=ORIENTED_EDGE('',*,*,#2219,.T.);
#3143=ORIENTED_EDGE('',*,*,#2234,.F.);
#3144=ORIENTED_EDGE('',*,*,#2235,.T.);
#3145=ORIENTED_EDGE('',*,*,#2228,.F.);
#3146=ORIENTED_EDGE('',*,*,#2236,.T.);
#3147=ORIENTED_EDGE('',*,*,#2237,.T.);
#3148=ORIENTED_EDGE('',*,*,#2238,.T.);
#3149=ORIENTED_EDGE('',*,*,#2218,.T.);
#3150=ORIENTED_EDGE('',*,*,#2238,.F.);
#3151=ORIENTED_EDGE('',*,*,#2239,.T.);
#3152=ORIENTED_EDGE('',*,*,#2232,.F.);
#3153=ORIENTED_EDGE('',*,*,#2227,.F.);
#3154=ORIENTED_EDGE('',*,*,#2240,.T.);
#3155=ORIENTED_EDGE('',*,*,#2236,.F.);
#3156=ORIENTED_EDGE('',*,*,#2235,.F.);
#3157=ORIENTED_EDGE('',*,*,#2241,.T.);
#3158=ORIENTED_EDGE('',*,*,#2242,.T.);
#3159=ORIENTED_EDGE('',*,*,#2243,.T.);
#3160=ORIENTED_EDGE('',*,*,#2233,.F.);
#3161=ORIENTED_EDGE('',*,*,#2244,.F.);
#3162=ORIENTED_EDGE('',*,*,#2245,.F.);
#3163=ORIENTED_EDGE('',*,*,#2241,.F.);
#3164=ORIENTED_EDGE('',*,*,#2239,.F.);
#3165=ORIENTED_EDGE('',*,*,#2246,.T.);
#3166=ORIENTED_EDGE('',*,*,#2247,.T.);
#3167=ORIENTED_EDGE('',*,*,#2244,.T.);
#3168=ORIENTED_EDGE('',*,*,#2237,.F.);
#3169=ORIENTED_EDGE('',*,*,#2248,.F.);
#3170=ORIENTED_EDGE('',*,*,#2249,.F.);
#3171=ORIENTED_EDGE('',*,*,#2246,.F.);
#3172=ORIENTED_EDGE('',*,*,#2250,.T.);
#3173=ORIENTED_EDGE('',*,*,#2245,.T.);
#3174=ORIENTED_EDGE('',*,*,#2251,.T.);
#3175=ORIENTED_EDGE('',*,*,#2252,.T.);
#3176=ORIENTED_EDGE('',*,*,#2250,.F.);
#3177=ORIENTED_EDGE('',*,*,#2253,.T.);
#3178=ORIENTED_EDGE('',*,*,#2242,.F.);
#3179=ORIENTED_EDGE('',*,*,#2247,.F.);
#3180=ORIENTED_EDGE('',*,*,#2254,.T.);
#3181=ORIENTED_EDGE('',*,*,#2251,.F.);
#3182=ORIENTED_EDGE('',*,*,#2253,.F.);
#3183=ORIENTED_EDGE('',*,*,#2255,.T.);
#3184=ORIENTED_EDGE('',*,*,#2256,.T.);
#3185=ORIENTED_EDGE('',*,*,#2257,.T.);
#3186=ORIENTED_EDGE('',*,*,#2252,.F.);
#3187=ORIENTED_EDGE('',*,*,#2258,.F.);
#3188=ORIENTED_EDGE('',*,*,#2259,.F.);
#3189=ORIENTED_EDGE('',*,*,#2255,.F.);
#3190=ORIENTED_EDGE('',*,*,#2206,.T.);
#3191=ORIENTED_EDGE('',*,*,#2260,.T.);
#3192=ORIENTED_EDGE('',*,*,#2213,.T.);
#3193=ORIENTED_EDGE('',*,*,#2210,.T.);
#3194=ORIENTED_EDGE('',*,*,#2216,.T.);
#3195=ORIENTED_EDGE('',*,*,#2261,.T.);
#3196=ORIENTED_EDGE('',*,*,#2262,.T.);
#3197=ORIENTED_EDGE('',*,*,#2263,.T.);
#3198=ORIENTED_EDGE('',*,*,#2254,.F.);
#3199=ORIENTED_EDGE('',*,*,#2249,.T.);
#3200=ORIENTED_EDGE('',*,*,#2264,.F.);
#3201=ORIENTED_EDGE('',*,*,#2258,.T.);
#3202=ORIENTED_EDGE('',*,*,#2231,.F.);
#3203=ORIENTED_EDGE('',*,*,#2265,.T.);
#3204=ORIENTED_EDGE('',*,*,#2266,.T.);
#3205=ORIENTED_EDGE('',*,*,#2267,.T.);
#3206=ORIENTED_EDGE('',*,*,#2256,.F.);
#3207=ORIENTED_EDGE('',*,*,#2268,.T.);
#3208=ORIENTED_EDGE('',*,*,#2266,.F.);
#3209=ORIENTED_EDGE('',*,*,#2226,.F.);
#3210=ORIENTED_EDGE('',*,*,#2267,.F.);
#3211=ORIENTED_EDGE('',*,*,#2269,.F.);
#3212=ORIENTED_EDGE('',*,*,#2270,.F.);
#3213=ORIENTED_EDGE('',*,*,#2268,.F.);
#3214=ORIENTED_EDGE('',*,*,#2259,.T.);
#3215=ORIENTED_EDGE('',*,*,#2271,.T.);
#3216=ORIENTED_EDGE('',*,*,#2269,.T.);
#3217=ORIENTED_EDGE('',*,*,#2240,.F.);
#3218=ORIENTED_EDGE('',*,*,#2270,.T.);
#3219=ORIENTED_EDGE('',*,*,#2272,.T.);
#3220=ORIENTED_EDGE('',*,*,#2248,.T.);
#3221=ORIENTED_EDGE('',*,*,#2271,.F.);
#3222=ORIENTED_EDGE('',*,*,#2264,.T.);
#3223=ORIENTED_EDGE('',*,*,#2272,.F.);
#3224=ORIENTED_EDGE('',*,*,#2221,.F.);
#3225=ORIENTED_EDGE('',*,*,#2273,.T.);
#3226=ORIENTED_EDGE('',*,*,#2263,.F.);
#3227=ORIENTED_EDGE('',*,*,#2273,.F.);
#3228=ORIENTED_EDGE('',*,*,#2205,.T.);
#3229=ORIENTED_EDGE('',*,*,#2222,.F.);
#3230=ORIENTED_EDGE('',*,*,#2214,.T.);
#3231=ORIENTED_EDGE('',*,*,#2260,.F.);
#3232=ORIENTED_EDGE('',*,*,#2223,.F.);
#3233=ORIENTED_EDGE('',*,*,#2274,.T.);
#3234=ORIENTED_EDGE('',*,*,#2262,.F.);
#3235=ORIENTED_EDGE('',*,*,#2274,.F.);
#3236=ORIENTED_EDGE('',*,*,#2224,.F.);
#3237=ORIENTED_EDGE('',*,*,#2275,.T.);
#3238=ORIENTED_EDGE('',*,*,#2261,.F.);
#3239=ORIENTED_EDGE('',*,*,#2275,.F.);
#3240=ORIENTED_EDGE('',*,*,#2229,.F.);
#3241=ORIENTED_EDGE('',*,*,#2243,.F.);
#3242=ORIENTED_EDGE('',*,*,#2257,.F.);
#3243=ORIENTED_EDGE('',*,*,#2265,.F.);
#3244=ORIENTED_EDGE('',*,*,#2276,.F.);
#3245=ORIENTED_EDGE('',*,*,#2277,.T.);
#3246=ORIENTED_EDGE('',*,*,#2278,.F.);
#3247=ORIENTED_EDGE('',*,*,#2279,.F.);
#3248=ORIENTED_EDGE('',*,*,#2280,.F.);
#3249=ORIENTED_EDGE('',*,*,#2279,.T.);
#3250=ORIENTED_EDGE('',*,*,#2281,.F.);
#3251=ORIENTED_EDGE('',*,*,#2282,.F.);
#3252=ORIENTED_EDGE('',*,*,#2283,.F.);
#3253=ORIENTED_EDGE('',*,*,#2282,.T.);
#3254=ORIENTED_EDGE('',*,*,#2284,.F.);
#3255=ORIENTED_EDGE('',*,*,#2285,.F.);
#3256=ORIENTED_EDGE('',*,*,#2286,.F.);
#3257=ORIENTED_EDGE('',*,*,#2285,.T.);
#3258=ORIENTED_EDGE('',*,*,#2287,.F.);
#3259=ORIENTED_EDGE('',*,*,#2277,.F.);
#3260=ORIENTED_EDGE('',*,*,#2287,.T.);
#3261=ORIENTED_EDGE('',*,*,#2284,.T.);
#3262=ORIENTED_EDGE('',*,*,#2281,.T.);
#3263=ORIENTED_EDGE('',*,*,#2278,.T.);
#3264=ORIENTED_EDGE('',*,*,#2286,.T.);
#3265=ORIENTED_EDGE('',*,*,#2276,.T.);
#3266=ORIENTED_EDGE('',*,*,#2280,.T.);
#3267=ORIENTED_EDGE('',*,*,#2283,.T.);
#3268=PLANE('',#3661);
#3269=PLANE('',#3662);
#3270=PLANE('',#3663);
#3271=PLANE('',#3664);
#3272=PLANE('',#3665);
#3273=PLANE('',#3666);
#3274=PLANE('',#3667);
#3275=PLANE('',#3668);
#3276=PLANE('',#3669);
#3277=PLANE('',#3670);
#3278=PLANE('',#3671);
#3279=PLANE('',#3672);
#3280=PLANE('',#3673);
#3281=PLANE('',#3674);
#3282=PLANE('',#3675);
#3283=PLANE('',#3676);
#3284=PLANE('',#3677);
#3285=PLANE('',#3678);
#3286=PLANE('',#3705);
#3287=PLANE('',#3708);
#3288=PLANE('',#3718);
#3289=PLANE('',#3729);
#3290=PLANE('',#3739);
#3291=PLANE('',#3745);
#3292=PLANE('',#3751);
#3293=PLANE('',#3752);
#3294=PLANE('',#3753);
#3295=PLANE('',#3754);
#3296=PLANE('',#3755);
#3297=PLANE('',#3756);
#3298=PLANE('',#3757);
#3299=PLANE('',#3758);
#3300=PLANE('',#3759);
#3301=PLANE('',#3760);
#3302=PLANE('',#3761);
#3303=PLANE('',#3762);
#3304=PLANE('',#3763);
#3305=PLANE('',#3767);
#3306=PLANE('',#3768);
#3307=PLANE('',#3772);
#3308=PLANE('',#3773);
#3309=PLANE('',#3774);
#3310=PLANE('',#3775);
#3311=PLANE('',#3776);
#3312=PLANE('',#3777);
#3313=PLANE('',#3778);
#3314=PLANE('',#3779);
#3315=PLANE('',#3780);
#3316=PLANE('',#3781);
#3317=PLANE('',#3782);
#3318=PLANE('',#3783);
#3319=PLANE('',#3784);
#3320=PLANE('',#3786);
#3321=PLANE('',#3787);
#3322=PLANE('',#3788);
#3323=PLANE('',#3789);
#3324=PLANE('',#3790);
#3325=PLANE('',#3793);
#3326=PLANE('',#3794);
#3327=PLANE('',#3795);
#3328=PLANE('',#3796);
#3329=PLANE('',#3797);
#3330=PLANE('',#3798);
#3331=PLANE('',#3801);
#3332=PLANE('',#3802);
#3333=PLANE('',#3803);
#3334=PLANE('',#3804);
#3335=PLANE('',#3815);
#3336=PLANE('',#3817);
#3337=PLANE('',#3818);
#3338=PLANE('',#3822);
#3339=PLANE('',#3823);
#3340=PLANE('',#3833);
#3341=PLANE('',#3834);
#3342=PLANE('',#3835);
#3343=PLANE('',#3842);
#3344=PLANE('',#3843);
#3345=PLANE('',#3852);
#3346=PLANE('',#3853);
#3347=PLANE('',#3854);
#3348=PLANE('',#3855);
#3349=PLANE('',#3856);
#3350=PLANE('',#3857);
#3351=PLANE('',#3893);
#3352=PLANE('',#3898);
#3353=PLANE('',#3907);
#3354=PLANE('',#3909);
#3355=PLANE('',#3913);
#3356=PLANE('',#3914);
#3357=PLANE('',#3915);
#3358=PLANE('',#3916);
#3359=PLANE('',#3917);
#3360=PLANE('',#3919);
#3361=PLANE('',#3926);
#3362=PLANE('',#3927);
#3363=PLANE('',#3928);
#3364=PLANE('',#3931);
#3365=PLANE('',#3932);
#3366=PLANE('',#3933);
#3367=PLANE('',#3934);
#3368=PLANE('',#3935);
#3369=PLANE('',#3936);
#3370=PLANE('',#3937);
#3371=PLANE('',#3964);
#3372=PLANE('',#3967);
#3373=PLANE('',#3977);
#3374=PLANE('',#3988);
#3375=PLANE('',#3998);
#3376=PLANE('',#3999);
#3377=PLANE('',#4000);
#3378=PLANE('',#4001);
#3379=PLANE('',#4002);
#3380=PLANE('',#4003);
#3381=PLANE('',#4004);
#3382=ADVANCED_FACE('',(#362),#3268,.F.);
#3383=ADVANCED_FACE('',(#363),#3269,.F.);
#3384=ADVANCED_FACE('',(#364),#3270,.F.);
#3385=ADVANCED_FACE('',(#365),#3271,.F.);
#3386=ADVANCED_FACE('',(#366),#3272,.F.);
#3387=ADVANCED_FACE('',(#367),#3273,.F.);
#3388=ADVANCED_FACE('',(#368),#3274,.F.);
#3389=ADVANCED_FACE('',(#369),#3275,.F.);
#3390=ADVANCED_FACE('',(#370),#3276,.F.);
#3391=ADVANCED_FACE('',(#371),#3277,.F.);
#3392=ADVANCED_FACE('',(#372),#3278,.F.);
#3393=ADVANCED_FACE('',(#373),#3279,.F.);
#3394=ADVANCED_FACE('',(#374),#3280,.T.);
#3395=ADVANCED_FACE('',(#375),#3281,.T.);
#3396=ADVANCED_FACE('',(#376),#3282,.T.);
#3397=ADVANCED_FACE('',(#377),#3283,.T.);
#3398=ADVANCED_FACE('',(#378),#3284,.T.);
#3399=ADVANCED_FACE('',(#379,#317,#318,#319,#320,#321,#322,#323),#3285,
 .F.);
#3400=ADVANCED_FACE('',(#380),#115,.T.);
#3401=ADVANCED_FACE('',(#381),#116,.T.);
#3402=ADVANCED_FACE('',(#382),#90,.T.);
#3403=ADVANCED_FACE('',(#383),#117,.T.);
#3404=ADVANCED_FACE('',(#384),#91,.T.);
#3405=ADVANCED_FACE('',(#385),#118,.T.);
#3406=ADVANCED_FACE('',(#386),#92,.T.);
#3407=ADVANCED_FACE('',(#387),#93,.T.);
#3408=ADVANCED_FACE('',(#388),#119,.T.);
#3409=ADVANCED_FACE('',(#389),#3286,.T.);
#3410=ADVANCED_FACE('',(#390),#120,.T.);
#3411=ADVANCED_FACE('',(#391),#3287,.T.);
#3412=ADVANCED_FACE('',(#392),#121,.T.);
#3413=ADVANCED_FACE('',(#393),#94,.T.);
#3414=ADVANCED_FACE('',(#394),#95,.T.);
#3415=ADVANCED_FACE('',(#395),#122,.T.);
#3416=ADVANCED_FACE('',(#396,#324,#325,#326,#327,#328,#329,#330,#331),#3288,
 .T.);
#3417=ADVANCED_FACE('',(#397),#123,.T.);
#3418=ADVANCED_FACE('',(#398),#124,.T.);
#3419=ADVANCED_FACE('',(#399),#96,.T.);
#3420=ADVANCED_FACE('',(#400),#3289,.T.);
#3421=ADVANCED_FACE('',(#401),#125,.T.);
#3422=ADVANCED_FACE('',(#402),#126,.T.);
#3423=ADVANCED_FACE('',(#403),#97,.T.);
#3424=ADVANCED_FACE('',(#404),#127,.F.);
#3425=ADVANCED_FACE('',(#405),#128,.F.);
#3426=ADVANCED_FACE('',(#406),#129,.F.);
#3427=ADVANCED_FACE('',(#407),#130,.F.);
#3428=ADVANCED_FACE('',(#408),#3290,.T.);
#3429=ADVANCED_FACE('',(#409),#71,.F.);
#3430=ADVANCED_FACE('',(#410,#332),#3291,.T.);
#3431=ADVANCED_FACE('',(#411),#131,.T.);
#3432=ADVANCED_FACE('',(#412),#70,.T.);
#3433=ADVANCED_FACE('',(#413),#3292,.F.);
#3434=ADVANCED_FACE('',(#414),#3293,.F.);
#3435=ADVANCED_FACE('',(#415),#3294,.F.);
#3436=ADVANCED_FACE('',(#416),#3295,.F.);
#3437=ADVANCED_FACE('',(#417),#3296,.F.);
#3438=ADVANCED_FACE('',(#418),#3297,.F.);
#3439=ADVANCED_FACE('',(#419),#3298,.F.);
#3440=ADVANCED_FACE('',(#420),#3299,.F.);
#3441=ADVANCED_FACE('',(#421),#3300,.F.);
#3442=ADVANCED_FACE('',(#422),#3301,.F.);
#3443=ADVANCED_FACE('',(#423),#3302,.F.);
#3444=ADVANCED_FACE('',(#424),#3303,.F.);
#3445=ADVANCED_FACE('',(#425,#333),#3304,.T.);
#3446=ADVANCED_FACE('',(#426),#132,.T.);
#3447=ADVANCED_FACE('',(#427),#3305,.T.);
#3448=ADVANCED_FACE('',(#428,#334),#3306,.T.);
#3449=ADVANCED_FACE('',(#429),#98,.T.);
#3450=ADVANCED_FACE('',(#430),#3307,.F.);
#3451=ADVANCED_FACE('',(#431),#3308,.F.);
#3452=ADVANCED_FACE('',(#432),#3309,.F.);
#3453=ADVANCED_FACE('',(#433),#3310,.F.);
#3454=ADVANCED_FACE('',(#434),#3311,.F.);
#3455=ADVANCED_FACE('',(#435),#3312,.F.);
#3456=ADVANCED_FACE('',(#436),#3313,.F.);
#3457=ADVANCED_FACE('',(#437),#3314,.F.);
#3458=ADVANCED_FACE('',(#438),#3315,.F.);
#3459=ADVANCED_FACE('',(#439),#3316,.F.);
#3460=ADVANCED_FACE('',(#440),#3317,.F.);
#3461=ADVANCED_FACE('',(#441),#3318,.F.);
#3462=ADVANCED_FACE('',(#442,#335,#336,#337),#3319,.F.);
#3463=ADVANCED_FACE('',(#443),#3320,.T.);
#3464=ADVANCED_FACE('',(#444),#3321,.T.);
#3465=ADVANCED_FACE('',(#445),#3322,.T.);
#3466=ADVANCED_FACE('',(#446),#3323,.T.);
#3467=ADVANCED_FACE('',(#447),#3324,.T.);
#3468=ADVANCED_FACE('',(#448),#133,.F.);
#3469=ADVANCED_FACE('',(#449,#338,#339,#340,#341),#3325,.T.);
#3470=ADVANCED_FACE('',(#450),#3326,.T.);
#3471=ADVANCED_FACE('',(#451),#3327,.T.);
#3472=ADVANCED_FACE('',(#452),#3328,.T.);
#3473=ADVANCED_FACE('',(#453),#3329,.T.);
#3474=ADVANCED_FACE('',(#454),#3330,.F.);
#3475=ADVANCED_FACE('',(#455),#3331,.F.);
#3476=ADVANCED_FACE('',(#456),#3332,.F.);
#3477=ADVANCED_FACE('',(#457),#3333,.F.);
#3478=ADVANCED_FACE('',(#458),#3334,.F.);
#3479=ADVANCED_FACE('',(#459),#134,.T.);
#3480=ADVANCED_FACE('',(#460),#135,.T.);
#3481=ADVANCED_FACE('',(#461),#3335,.T.);
#3482=ADVANCED_FACE('',(#462),#3336,.T.);
#3483=ADVANCED_FACE('',(#463),#3337,.T.);
#3484=ADVANCED_FACE('',(#464),#47,.F.);
#3485=ADVANCED_FACE('',(#465),#48,.F.);
#3486=ADVANCED_FACE('',(#466),#3338,.T.);
#3487=ADVANCED_FACE('',(#467),#3339,.T.);
#3488=ADVANCED_FACE('',(#468),#136,.T.);
#3489=ADVANCED_FACE('',(#469),#137,.T.);
#3490=ADVANCED_FACE('',(#470),#138,.T.);
#3491=ADVANCED_FACE('',(#471),#3340,.T.);
#3492=ADVANCED_FACE('',(#472),#3341,.T.);
#3493=ADVANCED_FACE('',(#473),#3342,.T.);
#3494=ADVANCED_FACE('',(#474),#49,.F.);
#3495=ADVANCED_FACE('',(#475),#50,.F.);
#3496=ADVANCED_FACE('',(#476),#139,.T.);
#3497=ADVANCED_FACE('',(#477),#140,.T.);
#3498=ADVANCED_FACE('',(#478),#3343,.T.);
#3499=ADVANCED_FACE('',(#479),#3344,.T.);
#3500=ADVANCED_FACE('',(#480),#51,.F.);
#3501=ADVANCED_FACE('',(#481),#52,.F.);
#3502=ADVANCED_FACE('',(#482),#141,.T.);
#3503=ADVANCED_FACE('',(#483),#142,.T.);
#3504=ADVANCED_FACE('',(#484),#143,.T.);
#3505=ADVANCED_FACE('',(#485),#53,.F.);
#3506=ADVANCED_FACE('',(#486),#144,.T.);
#3507=ADVANCED_FACE('',(#487),#3345,.T.);
#3508=ADVANCED_FACE('',(#488),#3346,.T.);
#3509=ADVANCED_FACE('',(#489),#3347,.T.);
#3510=ADVANCED_FACE('',(#490),#3348,.T.);
#3511=ADVANCED_FACE('',(#491,#342),#3349,.T.);
#3512=ADVANCED_FACE('',(#492),#3350,.T.);
#3513=ADVANCED_FACE('',(#493),#99,.T.);
#3514=ADVANCED_FACE('',(#494),#100,.T.);
#3515=ADVANCED_FACE('',(#495),#101,.T.);
#3516=ADVANCED_FACE('',(#496),#102,.T.);
#3517=ADVANCED_FACE('',(#497),#103,.T.);
#3518=ADVANCED_FACE('',(#498),#145,.T.);
#3519=ADVANCED_FACE('',(#499),#104,.T.);
#3520=ADVANCED_FACE('',(#500),#105,.T.);
#3521=ADVANCED_FACE('',(#501),#106,.T.);
#3522=ADVANCED_FACE('',(#502),#146,.T.);
#3523=ADVANCED_FACE('',(#503),#147,.T.);
#3524=ADVANCED_FACE('',(#504),#148,.T.);
#3525=ADVANCED_FACE('',(#505),#149,.T.);
#3526=ADVANCED_FACE('',(#506),#150,.T.);
#3527=ADVANCED_FACE('',(#507),#151,.T.);
#3528=ADVANCED_FACE('',(#508),#152,.T.);
#3529=ADVANCED_FACE('',(#509),#153,.T.);
#3530=ADVANCED_FACE('',(#510,#343,#344,#345,#346),#3351,.F.);
#3531=ADVANCED_FACE('',(#511,#347,#348,#349,#350,#351,#352),#3352,.T.);
#3532=ADVANCED_FACE('',(#512),#3353,.T.);
#3533=ADVANCED_FACE('',(#513),#3354,.T.);
#3534=ADVANCED_FACE('',(#514),#3355,.T.);
#3535=ADVANCED_FACE('',(#515),#3356,.T.);
#3536=ADVANCED_FACE('',(#516),#3357,.F.);
#3537=ADVANCED_FACE('',(#517),#3358,.F.);
#3538=ADVANCED_FACE('',(#518),#3359,.F.);
#3539=ADVANCED_FACE('',(#519),#154,.T.);
#3540=ADVANCED_FACE('',(#520),#3360,.F.);
#3541=ADVANCED_FACE('',(#521),#155,.T.);
#3542=ADVANCED_FACE('',(#522),#156,.F.);
#3543=ADVANCED_FACE('',(#523),#157,.F.);
#3544=ADVANCED_FACE('',(#524,#353),#158,.F.);
#3545=ADVANCED_FACE('',(#525),#159,.F.);
#3546=ADVANCED_FACE('',(#526),#160,.T.);
#3547=ADVANCED_FACE('',(#527),#3361,.F.);
#3548=ADVANCED_FACE('',(#528),#3362,.F.);
#3549=ADVANCED_FACE('',(#529),#3363,.F.);
#3550=ADVANCED_FACE('',(#530),#161,.T.);
#3551=ADVANCED_FACE('',(#531),#162,.T.);
#3552=ADVANCED_FACE('',(#532),#3364,.F.);
#3553=ADVANCED_FACE('',(#533),#3365,.T.);
#3554=ADVANCED_FACE('',(#534),#3366,.F.);
#3555=ADVANCED_FACE('',(#535),#3367,.F.);
#3556=ADVANCED_FACE('',(#536),#3368,.F.);
#3557=ADVANCED_FACE('',(#537),#3369,.F.);
#3558=ADVANCED_FACE('',(#538,#354,#355,#356,#357),#3370,.F.);
#3559=ADVANCED_FACE('',(#539),#163,.T.);
#3560=ADVANCED_FACE('',(#540),#164,.T.);
#3561=ADVANCED_FACE('',(#541),#107,.T.);
#3562=ADVANCED_FACE('',(#542),#165,.T.);
#3563=ADVANCED_FACE('',(#543),#108,.T.);
#3564=ADVANCED_FACE('',(#544),#166,.T.);
#3565=ADVANCED_FACE('',(#545),#109,.T.);
#3566=ADVANCED_FACE('',(#546),#110,.T.);
#3567=ADVANCED_FACE('',(#547),#167,.T.);
#3568=ADVANCED_FACE('',(#548),#3371,.T.);
#3569=ADVANCED_FACE('',(#549),#168,.T.);
#3570=ADVANCED_FACE('',(#550),#3372,.T.);
#3571=ADVANCED_FACE('',(#551),#169,.T.);
#3572=ADVANCED_FACE('',(#552),#111,.T.);
#3573=ADVANCED_FACE('',(#553),#112,.T.);
#3574=ADVANCED_FACE('',(#554),#170,.T.);
#3575=ADVANCED_FACE('',(#555,#358,#359,#360,#361),#3373,.T.);
#3576=ADVANCED_FACE('',(#556),#171,.T.);
#3577=ADVANCED_FACE('',(#557),#172,.T.);
#3578=ADVANCED_FACE('',(#558),#113,.T.);
#3579=ADVANCED_FACE('',(#559),#3374,.T.);
#3580=ADVANCED_FACE('',(#560),#173,.T.);
#3581=ADVANCED_FACE('',(#561),#174,.T.);
#3582=ADVANCED_FACE('',(#562),#114,.T.);
#3583=ADVANCED_FACE('',(#563),#175,.F.);
#3584=ADVANCED_FACE('',(#564),#176,.F.);
#3585=ADVANCED_FACE('',(#565),#177,.F.);
#3586=ADVANCED_FACE('',(#566),#178,.F.);
#3587=ADVANCED_FACE('',(#567),#3375,.T.);
#3588=ADVANCED_FACE('',(#568),#3376,.T.);
#3589=ADVANCED_FACE('',(#569),#3377,.T.);
#3590=ADVANCED_FACE('',(#570),#3378,.T.);
#3591=ADVANCED_FACE('',(#571),#3379,.T.);
#3592=ADVANCED_FACE('',(#572),#3380,.T.);
#3593=ADVANCED_FACE('',(#573),#3381,.F.);
#3594=CLOSED_SHELL('',(#3382,#3383,#3384,#3385,#3386,#3387,#3388,#3389,
#3390,#3391,#3392,#3393,#3394,#3395,#3396,#3397,#3398,#3399,#3400,#3401,
#3402,#3403,#3404,#3405,#3406,#3407,#3408,#3409,#3410,#3411,#3412,#3413,
#3414,#3415,#3416,#3417,#3418,#3419,#3420,#3421,#3422,#3423,#3424,#3425,
#3426,#3427,#3428));
#3595=CLOSED_SHELL('',(#3429,#3430,#3431,#3432,#3433,#3434,#3435,#3436,
#3437,#3438,#3439,#3440,#3441,#3442,#3443,#3444,#3445,#3446,#3447,#3448,
#3449));
#3596=CLOSED_SHELL('',(#3450,#3451,#3452,#3453,#3454,#3455,#3456,#3457,
#3458,#3459,#3460,#3461,#3462,#3463,#3464,#3465,#3466,#3467,#3468,#3469,
#3470,#3471,#3472,#3473));
#3597=CLOSED_SHELL('',(#3474,#3475,#3476,#3477,#3478,#3479,#3480,#3481,
#3482,#3483,#3484,#3485,#3486,#3487,#3488,#3489,#3490,#3491,#3492,#3493,
#3494,#3495,#3496,#3497,#3498,#3499,#3500,#3501,#3502,#3503,#3504,#3505,
#3506,#3507,#3508,#3509,#3510,#3511,#3512,#3513,#3514,#3515,#3516,#3517,
#3518,#3519,#3520,#3521,#3522,#3523,#3524,#3525,#3526,#3527,#3528,#3529,
#3530,#3531,#3532,#3533,#3534,#3535,#3536,#3537,#3538,#3539,#3540,#3541,
#3542,#3543,#3544,#3545,#3546,#3547,#3548,#3549,#3550,#3551,#3552,#3553));
#3598=CLOSED_SHELL('',(#3554,#3555,#3556,#3557,#3558,#3559,#3560,#3561,
#3562,#3563,#3564,#3565,#3566,#3567,#3568,#3569,#3570,#3571,#3572,#3573,
#3574,#3575,#3576,#3577,#3578,#3579,#3580,#3581,#3582,#3583,#3584,#3585,
#3586,#3587));
#3599=CLOSED_SHELL('',(#3588,#3589,#3590,#3591,#3592,#3593));
#3600=DERIVED_UNIT_ELEMENT(#3610,1.);
#3601=DERIVED_UNIT_ELEMENT(#6362,-3.);
#3602=DERIVED_UNIT_ELEMENT(#3610,1.);
#3603=DERIVED_UNIT_ELEMENT(#6362,-3.);
#3604=DERIVED_UNIT_ELEMENT(#3610,1.);
#3605=DERIVED_UNIT_ELEMENT(#6362,-3.);
#3606=DERIVED_UNIT_ELEMENT(#3610,1.);
#3607=DERIVED_UNIT_ELEMENT(#6362,-3.);
#3608=DERIVED_UNIT_ELEMENT(#3610,1.);
#3609=DERIVED_UNIT_ELEMENT(#6362,-3.);
#3610=(
MASS_UNIT()
NAMED_UNIT(*)
SI_UNIT(.KILO.,.GRAM.)
);
#3611=DERIVED_UNIT((#3600,#3601));
#3612=DERIVED_UNIT((#3602,#3603));
#3613=DERIVED_UNIT((#3604,#3605));
#3614=DERIVED_UNIT((#3606,#3607));
#3615=DERIVED_UNIT((#3608,#3609));
#3616=MEASURE_REPRESENTATION_ITEM('density measure',
POSITIVE_RATIO_MEASURE(7850.),#3611);
#3617=MEASURE_REPRESENTATION_ITEM('density measure',
POSITIVE_RATIO_MEASURE(7850.),#3612);
#3618=MEASURE_REPRESENTATION_ITEM('density measure',
POSITIVE_RATIO_MEASURE(7850.),#3613);
#3619=MEASURE_REPRESENTATION_ITEM('density measure',
POSITIVE_RATIO_MEASURE(7850.),#3614);
#3620=MEASURE_REPRESENTATION_ITEM('density measure',
POSITIVE_RATIO_MEASURE(7750.),#3615);
#3621=PROPERTY_DEFINITION_REPRESENTATION(#3646,#3631);
#3622=PROPERTY_DEFINITION_REPRESENTATION(#3647,#3632);
#3623=PROPERTY_DEFINITION_REPRESENTATION(#3648,#3633);
#3624=PROPERTY_DEFINITION_REPRESENTATION(#3649,#3634);
#3625=PROPERTY_DEFINITION_REPRESENTATION(#3650,#3635);
#3626=PROPERTY_DEFINITION_REPRESENTATION(#3651,#3636);
#3627=PROPERTY_DEFINITION_REPRESENTATION(#3652,#3637);
#3628=PROPERTY_DEFINITION_REPRESENTATION(#3653,#3638);
#3629=PROPERTY_DEFINITION_REPRESENTATION(#3654,#3639);
#3630=PROPERTY_DEFINITION_REPRESENTATION(#3655,#3640);
#3631=REPRESENTATION('material name',(#3641),#6355);
#3632=REPRESENTATION('density',(#3616),#6355);
#3633=REPRESENTATION('material name',(#3642),#6356);
#3634=REPRESENTATION('density',(#3617),#6356);
#3635=REPRESENTATION('material name',(#3643),#6357);
#3636=REPRESENTATION('density',(#3618),#6357);
#3637=REPRESENTATION('material name',(#3644),#6358);
#3638=REPRESENTATION('density',(#3619),#6358);
#3639=REPRESENTATION('material name',(#3645),#6359);
#3640=REPRESENTATION('density',(#3620),#6359);
#3641=DESCRIPTIVE_REPRESENTATION_ITEM('Steel','Steel');
#3642=DESCRIPTIVE_REPRESENTATION_ITEM('Steel','Steel');
#3643=DESCRIPTIVE_REPRESENTATION_ITEM('Steel','Steel');
#3644=DESCRIPTIVE_REPRESENTATION_ITEM('Steel','Steel');
#3645=DESCRIPTIVE_REPRESENTATION_ITEM('Steel 4.6, Plain',
'Steel 4.6, Plain');
#3646=PROPERTY_DEFINITION('material property','material name',#6394);
#3647=PROPERTY_DEFINITION('material property','density of part',#6394);
#3648=PROPERTY_DEFINITION('material property','material name',#6395);
#3649=PROPERTY_DEFINITION('material property','density of part',#6395);
#3650=PROPERTY_DEFINITION('material property','material name',#6396);
#3651=PROPERTY_DEFINITION('material property','density of part',#6396);
#3652=PROPERTY_DEFINITION('material property','material name',#6397);
#3653=PROPERTY_DEFINITION('material property','density of part',#6397);
#3654=PROPERTY_DEFINITION('material property','material name',#6398);
#3655=PROPERTY_DEFINITION('material property','density of part',#6398);
#3656=AXIS2_PLACEMENT_3D('',#5066,#4014,#4015);
#3657=AXIS2_PLACEMENT_3D('',#5067,#4016,#4017);
#3658=AXIS2_PLACEMENT_3D('',#5068,#4018,#4019);
#3659=AXIS2_PLACEMENT_3D('',#5069,#4020,#4021);
#3660=AXIS2_PLACEMENT_3D('',#5070,#4022,#4023);
#3661=AXIS2_PLACEMENT_3D('',#5071,#4024,#4025);
#3662=AXIS2_PLACEMENT_3D('',#5080,#4030,#4031);
#3663=AXIS2_PLACEMENT_3D('',#5086,#4035,#4036);
#3664=AXIS2_PLACEMENT_3D('',#5092,#4040,#4041);
#3665=AXIS2_PLACEMENT_3D('',#5095,#4044,#4045);
#3666=AXIS2_PLACEMENT_3D('',#5104,#4050,#4051);
#3667=AXIS2_PLACEMENT_3D('',#5110,#4055,#4056);
#3668=AXIS2_PLACEMENT_3D('',#5116,#4060,#4061);
#3669=AXIS2_PLACEMENT_3D('',#5119,#4064,#4065);
#3670=AXIS2_PLACEMENT_3D('',#5128,#4070,#4071);
#3671=AXIS2_PLACEMENT_3D('',#5134,#4075,#4076);
#3672=AXIS2_PLACEMENT_3D('',#5140,#4080,#4081);
#3673=AXIS2_PLACEMENT_3D('',#5143,#4084,#4085);
#3674=AXIS2_PLACEMENT_3D('',#5152,#4090,#4091);
#3675=AXIS2_PLACEMENT_3D('',#5158,#4095,#4096);
#3676=AXIS2_PLACEMENT_3D('',#5162,#4099,#4100);
#3677=AXIS2_PLACEMENT_3D('',#5166,#4103,#4104);
#3678=AXIS2_PLACEMENT_3D('',#5168,#4106,#4107);
#3679=AXIS2_PLACEMENT_3D('',#5178,#4112,#4113);
#3680=AXIS2_PLACEMENT_3D('',#5180,#4114,#4115);
#3681=AXIS2_PLACEMENT_3D('',#5182,#4116,#4117);
#3682=AXIS2_PLACEMENT_3D('',#5184,#4118,#4119);
#3683=AXIS2_PLACEMENT_3D('',#5185,#4120,#4121);
#3684=AXIS2_PLACEMENT_3D('',#5187,#4122,#4123);
#3685=AXIS2_PLACEMENT_3D('',#5190,#4125,#4126);
#3686=AXIS2_PLACEMENT_3D('',#5191,#4127,#4128);
#3687=AXIS2_PLACEMENT_3D('',#5193,#4129,#4130);
#3688=AXIS2_PLACEMENT_3D('',#5196,#4132,#4133);
#3689=AXIS2_PLACEMENT_3D('',#5197,#4134,#4135);
#3690=AXIS2_PLACEMENT_3D('',#5198,#4136,#4137);
#3691=AXIS2_PLACEMENT_3D('',#5199,#4138,#4139);
#3692=AXIS2_PLACEMENT_3D('',#5201,#4140,#4141);
#3693=AXIS2_PLACEMENT_3D('',#5204,#4143,#4144);
#3694=AXIS2_PLACEMENT_3D('',#5205,#4145,#4146);
#3695=AXIS2_PLACEMENT_3D('',#5206,#4147,#4148);
#3696=AXIS2_PLACEMENT_3D('',#5207,#4149,#4150);
#3697=AXIS2_PLACEMENT_3D('',#5209,#4151,#4152);
#3698=AXIS2_PLACEMENT_3D('',#5212,#4154,#4155);
#3699=AXIS2_PLACEMENT_3D('',#5213,#4156,#4157);
#3700=AXIS2_PLACEMENT_3D('',#5214,#4158,#4159);
#3701=AXIS2_PLACEMENT_3D('',#5215,#4160,#4161);
#3702=AXIS2_PLACEMENT_3D('',#5216,#4162,#4163);
#3703=AXIS2_PLACEMENT_3D('',#5217,#4164,#4165);
#3704=AXIS2_PLACEMENT_3D('',#5221,#4167,#4168);
#3705=AXIS2_PLACEMENT_3D('',#5223,#4170,#4171);
#3706=AXIS2_PLACEMENT_3D('',#5227,#4174,#4175);
#3707=AXIS2_PLACEMENT_3D('',#5230,#4177,#4178);
#3708=AXIS2_PLACEMENT_3D('',#5231,#4179,#4180);
#3709=AXIS2_PLACEMENT_3D('',#5235,#4183,#4184);
#3710=AXIS2_PLACEMENT_3D('',#5237,#4185,#4186);
#3711=AXIS2_PLACEMENT_3D('',#5239,#4187,#4188);
#3712=AXIS2_PLACEMENT_3D('',#5241,#4190,#4191);
#3713=AXIS2_PLACEMENT_3D('',#5242,#4192,#4193);
#3714=AXIS2_PLACEMENT_3D('',#5243,#4194,#4195);
#3715=AXIS2_PLACEMENT_3D('',#5244,#4196,#4197);
#3716=AXIS2_PLACEMENT_3D('',#5245,#4198,#4199);
#3717=AXIS2_PLACEMENT_3D('',#5249,#4201,#4202);
#3718=AXIS2_PLACEMENT_3D('',#5251,#4204,#4205);
#3719=AXIS2_PLACEMENT_3D('',#5256,#4208,#4209);
#3720=AXIS2_PLACEMENT_3D('',#5258,#4210,#4211);
#3721=AXIS2_PLACEMENT_3D('',#5260,#4212,#4213);
#3722=AXIS2_PLACEMENT_3D('',#5262,#4214,#4215);
#3723=AXIS2_PLACEMENT_3D('',#5263,#4216,#4217);
#3724=AXIS2_PLACEMENT_3D('',#5264,#4218,#4219);
#3725=AXIS2_PLACEMENT_3D('',#5265,#4220,#4221);
#3726=AXIS2_PLACEMENT_3D('',#5268,#4223,#4224);
#3727=AXIS2_PLACEMENT_3D('',#5270,#4226,#4227);
#3728=AXIS2_PLACEMENT_3D('',#5271,#4228,#4229);
#3729=AXIS2_PLACEMENT_3D('',#5272,#4230,#4231);
#3730=AXIS2_PLACEMENT_3D('',#5276,#4234,#4235);
#3731=AXIS2_PLACEMENT_3D('',#5277,#4236,#4237);
#3732=AXIS2_PLACEMENT_3D('',#5278,#4238,#4239);
#3733=AXIS2_PLACEMENT_3D('',#5279,#4240,#4241);
#3734=AXIS2_PLACEMENT_3D('',#5280,#4242,#4243);
#3735=AXIS2_PLACEMENT_3D('',#5281,#4244,#4245);
#3736=AXIS2_PLACEMENT_3D('',#5283,#4247,#4248);
#3737=AXIS2_PLACEMENT_3D('',#5285,#4250,#4251);
#3738=AXIS2_PLACEMENT_3D('',#5287,#4253,#4254);
#3739=AXIS2_PLACEMENT_3D('',#5289,#4256,#4257);
#3740=AXIS2_PLACEMENT_3D('',#5290,#4258,#4259);
#3741=AXIS2_PLACEMENT_3D('',#5291,#4260,#4261);
#3742=AXIS2_PLACEMENT_3D('',#5293,#4262,#4263);
#3743=AXIS2_PLACEMENT_3D('',#5295,#4264,#4265);
#3744=AXIS2_PLACEMENT_3D('',#5296,#4266,#4267);
#3745=AXIS2_PLACEMENT_3D('',#5297,#4268,#4269);
#3746=AXIS2_PLACEMENT_3D('',#5299,#4270,#4271);
#3747=AXIS2_PLACEMENT_3D('',#5300,#4272,#4273);
#3748=AXIS2_PLACEMENT_3D('',#5302,#4274,#4275);
#3749=AXIS2_PLACEMENT_3D('',#5304,#4277,#4278);
#3750=AXIS2_PLACEMENT_3D('',#5307,#4280,#4281);
#3751=AXIS2_PLACEMENT_3D('',#5308,#4282,#4283);
#3752=AXIS2_PLACEMENT_3D('',#5315,#4287,#4288);
#3753=AXIS2_PLACEMENT_3D('',#5319,#4291,#4292);
#3754=AXIS2_PLACEMENT_3D('',#5323,#4295,#4296);
#3755=AXIS2_PLACEMENT_3D('',#5327,#4299,#4300);
#3756=AXIS2_PLACEMENT_3D('',#5331,#4303,#4304);
#3757=AXIS2_PLACEMENT_3D('',#5333,#4306,#4307);
#3758=AXIS2_PLACEMENT_3D('',#5339,#4311,#4312);
#3759=AXIS2_PLACEMENT_3D('',#5343,#4315,#4316);
#3760=AXIS2_PLACEMENT_3D('',#5347,#4319,#4320);
#3761=AXIS2_PLACEMENT_3D('',#5351,#4323,#4324);
#3762=AXIS2_PLACEMENT_3D('',#5355,#4327,#4328);
#3763=AXIS2_PLACEMENT_3D('',#5357,#4330,#4331);
#3764=AXIS2_PLACEMENT_3D('',#5359,#4332,#4333);
#3765=AXIS2_PLACEMENT_3D('',#5361,#4334,#4335);
#3766=AXIS2_PLACEMENT_3D('',#5362,#4336,#4337);
#3767=AXIS2_PLACEMENT_3D('',#5364,#4339,#4340);
#3768=AXIS2_PLACEMENT_3D('',#5365,#4341,#4342);
#3769=AXIS2_PLACEMENT_3D('',#5367,#4343,#4344);
#3770=AXIS2_PLACEMENT_3D('',#5368,#4345,#4346);
#3771=AXIS2_PLACEMENT_3D('',#5369,#4347,#4348);
#3772=AXIS2_PLACEMENT_3D('',#5370,#4349,#4350);
#3773=AXIS2_PLACEMENT_3D('',#5379,#4355,#4356);
#3774=AXIS2_PLACEMENT_3D('',#5385,#4360,#4361);
#3775=AXIS2_PLACEMENT_3D('',#5391,#4365,#4366);
#3776=AXIS2_PLACEMENT_3D('',#5394,#4369,#4370);
#3777=AXIS2_PLACEMENT_3D('',#5403,#4375,#4376);
#3778=AXIS2_PLACEMENT_3D('',#5409,#4380,#4381);
#3779=AXIS2_PLACEMENT_3D('',#5415,#4385,#4386);
#3780=AXIS2_PLACEMENT_3D('',#5418,#4389,#4390);
#3781=AXIS2_PLACEMENT_3D('',#5427,#4395,#4396);
#3782=AXIS2_PLACEMENT_3D('',#5433,#4400,#4401);
#3783=AXIS2_PLACEMENT_3D('',#5439,#4405,#4406);
#3784=AXIS2_PLACEMENT_3D('',#5442,#4409,#4410);
#3785=AXIS2_PLACEMENT_3D('',#5447,#4412,#4413);
#3786=AXIS2_PLACEMENT_3D('',#5453,#4417,#4418);
#3787=AXIS2_PLACEMENT_3D('',#5462,#4423,#4424);
#3788=AXIS2_PLACEMENT_3D('',#5468,#4428,#4429);
#3789=AXIS2_PLACEMENT_3D('',#5472,#4432,#4433);
#3790=AXIS2_PLACEMENT_3D('',#5476,#4436,#4437);
#3791=AXIS2_PLACEMENT_3D('',#5478,#4439,#4440);
#3792=AXIS2_PLACEMENT_3D('',#5482,#4442,#4443);
#3793=AXIS2_PLACEMENT_3D('',#5484,#4445,#4446);
#3794=AXIS2_PLACEMENT_3D('',#5492,#4451,#4452);
#3795=AXIS2_PLACEMENT_3D('',#5494,#4454,#4455);
#3796=AXIS2_PLACEMENT_3D('',#5497,#4458,#4459);
#3797=AXIS2_PLACEMENT_3D('',#5498,#4460,#4461);
#3798=AXIS2_PLACEMENT_3D('',#5499,#4462,#4463);
#3799=AXIS2_PLACEMENT_3D('',#5502,#4464,#4465);
#3800=AXIS2_PLACEMENT_3D('',#5506,#4467,#4468);
#3801=AXIS2_PLACEMENT_3D('',#5514,#4473,#4474);
#3802=AXIS2_PLACEMENT_3D('',#5520,#4478,#4479);
#3803=AXIS2_PLACEMENT_3D('',#5526,#4483,#4484);
#3804=AXIS2_PLACEMENT_3D('',#5532,#4488,#4489);
#3805=AXIS2_PLACEMENT_3D('',#5534,#4490,#4491);
#3806=AXIS2_PLACEMENT_3D('',#5537,#4494,#4495);
#3807=AXIS2_PLACEMENT_3D('',#5538,#4496,#4497);
#3808=AXIS2_PLACEMENT_3D('',#5542,#4499,#4500);
#3809=AXIS2_PLACEMENT_3D('',#5546,#4502,#4503);
#3810=AXIS2_PLACEMENT_3D('',#5548,#4505,#4506);
#3811=AXIS2_PLACEMENT_3D('',#5551,#4507,#4508);
#3812=AXIS2_PLACEMENT_3D('',#5555,#4510,#4511);
#3813=AXIS2_PLACEMENT_3D('',#5568,#4512,#4513);
#3814=AXIS2_PLACEMENT_3D('',#5572,#4515,#4516);
#3815=AXIS2_PLACEMENT_3D('',#5583,#4517,#4518);
#3816=AXIS2_PLACEMENT_3D('',#5587,#4520,#4521);
#3817=AXIS2_PLACEMENT_3D('',#5593,#4525,#4526);
#3818=AXIS2_PLACEMENT_3D('',#5597,#4529,#4530);
#3819=AXIS2_PLACEMENT_3D('',#5603,#4533,#4534);
#3820=AXIS2_PLACEMENT_3D('',#5609,#4537,#4538);
#3821=AXIS2_PLACEMENT_3D('',#5612,#4540,#4541);
#3822=AXIS2_PLACEMENT_3D('',#5691,#4544,#4545);
#3823=AXIS2_PLACEMENT_3D('',#5697,#4549,#4550);
#3824=AXIS2_PLACEMENT_3D('',#5703,#4554,#4555);
#3825=AXIS2_PLACEMENT_3D('',#5705,#4556,#4557);
#3826=AXIS2_PLACEMENT_3D('',#5707,#4559,#4560);
#3827=AXIS2_PLACEMENT_3D('',#5710,#4562,#4563);
#3828=AXIS2_PLACEMENT_3D('',#5711,#4564,#4565);
#3829=AXIS2_PLACEMENT_3D('',#5714,#4566,#4567);
#3830=AXIS2_PLACEMENT_3D('',#5718,#4569,#4570);
#3831=AXIS2_PLACEMENT_3D('',#5731,#4571,#4572);
#3832=AXIS2_PLACEMENT_3D('',#5735,#4574,#4575);
#3833=AXIS2_PLACEMENT_3D('',#5746,#4576,#4577);
#3834=AXIS2_PLACEMENT_3D('',#5751,#4581,#4582);
#3835=AXIS2_PLACEMENT_3D('',#5753,#4584,#4585);
#3836=AXIS2_PLACEMENT_3D('',#5821,#4590,#4591);
#3837=AXIS2_PLACEMENT_3D('',#5825,#4593,#4594);
#3838=AXIS2_PLACEMENT_3D('',#5827,#4596,#4597);
#3839=AXIS2_PLACEMENT_3D('',#5830,#4598,#4599);
#3840=AXIS2_PLACEMENT_3D('',#5834,#4601,#4602);
#3841=AXIS2_PLACEMENT_3D('',#5847,#4603,#4604);
#3842=AXIS2_PLACEMENT_3D('',#5859,#4606,#4607);
#3843=AXIS2_PLACEMENT_3D('',#5863,#4610,#4611);
#3844=AXIS2_PLACEMENT_3D('',#5870,#4615,#4616);
#3845=AXIS2_PLACEMENT_3D('',#5935,#4619,#4620);
#3846=AXIS2_PLACEMENT_3D('',#5939,#4622,#4623);
#3847=AXIS2_PLACEMENT_3D('',#5941,#4625,#4626);
#3848=AXIS2_PLACEMENT_3D('',#5945,#4628,#4629);
#3849=AXIS2_PLACEMENT_3D('',#5947,#4631,#4632);
#3850=AXIS2_PLACEMENT_3D('',#5988,#4633,#4634);
#3851=AXIS2_PLACEMENT_3D('',#5990,#4635,#4636);
#3852=AXIS2_PLACEMENT_3D('',#5992,#4638,#4639);
#3853=AXIS2_PLACEMENT_3D('',#5996,#4642,#4643);
#3854=AXIS2_PLACEMENT_3D('',#5998,#4645,#4646);
#3855=AXIS2_PLACEMENT_3D('',#6002,#4649,#4650);
#3856=AXIS2_PLACEMENT_3D('',#6005,#4653,#4654);
#3857=AXIS2_PLACEMENT_3D('',#6007,#4656,#4657);
#3858=AXIS2_PLACEMENT_3D('',#6012,#4661,#4662);
#3859=AXIS2_PLACEMENT_3D('',#6014,#4663,#4664);
#3860=AXIS2_PLACEMENT_3D('',#6015,#4665,#4666);
#3861=AXIS2_PLACEMENT_3D('',#6016,#4667,#4668);
#3862=AXIS2_PLACEMENT_3D('',#6018,#4669,#4670);
#3863=AXIS2_PLACEMENT_3D('',#6019,#4671,#4672);
#3864=AXIS2_PLACEMENT_3D('',#6020,#4673,#4674);
#3865=AXIS2_PLACEMENT_3D('',#6021,#4675,#4676);
#3866=AXIS2_PLACEMENT_3D('',#6023,#4677,#4678);
#3867=AXIS2_PLACEMENT_3D('',#6024,#4679,#4680);
#3868=AXIS2_PLACEMENT_3D('',#6025,#4681,#4682);
#3869=AXIS2_PLACEMENT_3D('',#6027,#4683,#4684);
#3870=AXIS2_PLACEMENT_3D('',#6028,#4685,#4686);
#3871=AXIS2_PLACEMENT_3D('',#6029,#4687,#4688);
#3872=AXIS2_PLACEMENT_3D('',#6030,#4689,#4690);
#3873=AXIS2_PLACEMENT_3D('',#6032,#4691,#4692);
#3874=AXIS2_PLACEMENT_3D('',#6033,#4693,#4694);
#3875=AXIS2_PLACEMENT_3D('',#6034,#4695,#4696);
#3876=AXIS2_PLACEMENT_3D('',#6036,#4698,#4699);
#3877=AXIS2_PLACEMENT_3D('',#6038,#4700,#4701);
#3878=AXIS2_PLACEMENT_3D('',#6039,#4702,#4703);
#3879=AXIS2_PLACEMENT_3D('',#6040,#4704,#4705);
#3880=AXIS2_PLACEMENT_3D('',#6042,#4706,#4707);
#3881=AXIS2_PLACEMENT_3D('',#6043,#4708,#4709);
#3882=AXIS2_PLACEMENT_3D('',#6044,#4710,#4711);
#3883=AXIS2_PLACEMENT_3D('',#6046,#4712,#4713);
#3884=AXIS2_PLACEMENT_3D('',#6047,#4714,#4715);
#3885=AXIS2_PLACEMENT_3D('',#6048,#4716,#4717);
#3886=AXIS2_PLACEMENT_3D('',#6050,#4719,#4720);
#3887=AXIS2_PLACEMENT_3D('',#6052,#4722,#4723);
#3888=AXIS2_PLACEMENT_3D('',#6055,#4726,#4727);
#3889=AXIS2_PLACEMENT_3D('',#6057,#4729,#4730);
#3890=AXIS2_PLACEMENT_3D('',#6059,#4732,#4733);
#3891=AXIS2_PLACEMENT_3D('',#6060,#4734,#4735);
#3892=AXIS2_PLACEMENT_3D('',#6062,#4737,#4738);
#3893=AXIS2_PLACEMENT_3D('',#6064,#4740,#4741);
#3894=AXIS2_PLACEMENT_3D('',#6066,#4742,#4743);
#3895=AXIS2_PLACEMENT_3D('',#6068,#4744,#4745);
#3896=AXIS2_PLACEMENT_3D('',#6070,#4746,#4747);
#3897=AXIS2_PLACEMENT_3D('',#6072,#4748,#4749);
#3898=AXIS2_PLACEMENT_3D('',#6073,#4750,#4751);
#3899=AXIS2_PLACEMENT_3D('',#6075,#4752,#4753);
#3900=AXIS2_PLACEMENT_3D('',#6077,#4754,#4755);
#3901=AXIS2_PLACEMENT_3D('',#6079,#4756,#4757);
#3902=AXIS2_PLACEMENT_3D('',#6081,#4758,#4759);
#3903=AXIS2_PLACEMENT_3D('',#6090,#4763,#4764);
#3904=AXIS2_PLACEMENT_3D('',#6094,#4766,#4767);
#3905=AXIS2_PLACEMENT_3D('',#6098,#4770,#4771);
#3906=AXIS2_PLACEMENT_3D('',#6103,#4773,#4774);
#3907=AXIS2_PLACEMENT_3D('',#6105,#4776,#4777);
#3908=AXIS2_PLACEMENT_3D('',#6111,#4780,#4781);
#3909=AXIS2_PLACEMENT_3D('',#6112,#4782,#4783);
#3910=AXIS2_PLACEMENT_3D('',#6115,#4784,#4785);
#3911=AXIS2_PLACEMENT_3D('',#6119,#4787,#4788);
#3912=AXIS2_PLACEMENT_3D('',#6127,#4792,#4793);
#3913=AXIS2_PLACEMENT_3D('',#6130,#4796,#4797);
#3914=AXIS2_PLACEMENT_3D('',#6132,#4799,#4800);
#3915=AXIS2_PLACEMENT_3D('',#6133,#4801,#4802);
#3916=AXIS2_PLACEMENT_3D('',#6136,#4805,#4806);
#3917=AXIS2_PLACEMENT_3D('',#6138,#4808,#4809);
#3918=AXIS2_PLACEMENT_3D('',#6141,#4812,#4813);
#3919=AXIS2_PLACEMENT_3D('',#6143,#4815,#4816);
#3920=AXIS2_PLACEMENT_3D('',#6144,#4817,#4818);
#3921=AXIS2_PLACEMENT_3D('',#6145,#4819,#4820);
#3922=AXIS2_PLACEMENT_3D('',#6147,#4822,#4823);
#3923=AXIS2_PLACEMENT_3D('',#6149,#4825,#4826);
#3924=AXIS2_PLACEMENT_3D('',#6151,#4828,#4829);
#3925=AXIS2_PLACEMENT_3D('',#6153,#4831,#4832);
#3926=AXIS2_PLACEMENT_3D('',#6155,#4834,#4835);
#3927=AXIS2_PLACEMENT_3D('',#6157,#4837,#4838);
#3928=AXIS2_PLACEMENT_3D('',#6159,#4840,#4841);
#3929=AXIS2_PLACEMENT_3D('',#6161,#4843,#4844);
#3930=AXIS2_PLACEMENT_3D('',#6162,#4845,#4846);
#3931=AXIS2_PLACEMENT_3D('',#6164,#4848,#4849);
#3932=AXIS2_PLACEMENT_3D('',#6165,#4850,#4851);
#3933=AXIS2_PLACEMENT_3D('',#6166,#4852,#4853);
#3934=AXIS2_PLACEMENT_3D('',#6175,#4858,#4859);
#3935=AXIS2_PLACEMENT_3D('',#6184,#4864,#4865);
#3936=AXIS2_PLACEMENT_3D('',#6190,#4869,#4870);
#3937=AXIS2_PLACEMENT_3D('',#6193,#4873,#4874);
#3938=AXIS2_PLACEMENT_3D('',#6203,#4879,#4880);
#3939=AXIS2_PLACEMENT_3D('',#6204,#4881,#4882);
#3940=AXIS2_PLACEMENT_3D('',#6206,#4883,#4884);
#3941=AXIS2_PLACEMENT_3D('',#6208,#4885,#4886);
#3942=AXIS2_PLACEMENT_3D('',#6209,#4887,#4888);
#3943=AXIS2_PLACEMENT_3D('',#6211,#4889,#4890);
#3944=AXIS2_PLACEMENT_3D('',#6214,#4892,#4893);
#3945=AXIS2_PLACEMENT_3D('',#6215,#4894,#4895);
#3946=AXIS2_PLACEMENT_3D('',#6217,#4896,#4897);
#3947=AXIS2_PLACEMENT_3D('',#6220,#4899,#4900);
#3948=AXIS2_PLACEMENT_3D('',#6221,#4901,#4902);
#3949=AXIS2_PLACEMENT_3D('',#6222,#4903,#4904);
#3950=AXIS2_PLACEMENT_3D('',#6223,#4905,#4906);
#3951=AXIS2_PLACEMENT_3D('',#6225,#4907,#4908);
#3952=AXIS2_PLACEMENT_3D('',#6228,#4910,#4911);
#3953=AXIS2_PLACEMENT_3D('',#6229,#4912,#4913);
#3954=AXIS2_PLACEMENT_3D('',#6230,#4914,#4915);
#3955=AXIS2_PLACEMENT_3D('',#6231,#4916,#4917);
#3956=AXIS2_PLACEMENT_3D('',#6233,#4918,#4919);
#3957=AXIS2_PLACEMENT_3D('',#6236,#4921,#4922);
#3958=AXIS2_PLACEMENT_3D('',#6237,#4923,#4924);
#3959=AXIS2_PLACEMENT_3D('',#6238,#4925,#4926);
#3960=AXIS2_PLACEMENT_3D('',#6239,#4927,#4928);
#3961=AXIS2_PLACEMENT_3D('',#6240,#4929,#4930);
#3962=AXIS2_PLACEMENT_3D('',#6241,#4931,#4932);
#3963=AXIS2_PLACEMENT_3D('',#6245,#4934,#4935);
#3964=AXIS2_PLACEMENT_3D('',#6247,#4937,#4938);
#3965=AXIS2_PLACEMENT_3D('',#6251,#4941,#4942);
#3966=AXIS2_PLACEMENT_3D('',#6254,#4944,#4945);
#3967=AXIS2_PLACEMENT_3D('',#6255,#4946,#4947);
#3968=AXIS2_PLACEMENT_3D('',#6259,#4950,#4951);
#3969=AXIS2_PLACEMENT_3D('',#6261,#4952,#4953);
#3970=AXIS2_PLACEMENT_3D('',#6263,#4954,#4955);
#3971=AXIS2_PLACEMENT_3D('',#6265,#4957,#4958);
#3972=AXIS2_PLACEMENT_3D('',#6266,#4959,#4960);
#3973=AXIS2_PLACEMENT_3D('',#6267,#4961,#4962);
#3974=AXIS2_PLACEMENT_3D('',#6268,#4963,#4964);
#3975=AXIS2_PLACEMENT_3D('',#6269,#4965,#4966);
#3976=AXIS2_PLACEMENT_3D('',#6273,#4968,#4969);
#3977=AXIS2_PLACEMENT_3D('',#6275,#4971,#4972);
#3978=AXIS2_PLACEMENT_3D('',#6279,#4975,#4976);
#3979=AXIS2_PLACEMENT_3D('',#6281,#4977,#4978);
#3980=AXIS2_PLACEMENT_3D('',#6283,#4979,#4980);
#3981=AXIS2_PLACEMENT_3D('',#6285,#4981,#4982);
#3982=AXIS2_PLACEMENT_3D('',#6286,#4983,#4984);
#3983=AXIS2_PLACEMENT_3D('',#6287,#4985,#4986);
#3984=AXIS2_PLACEMENT_3D('',#6288,#4987,#4988);
#3985=AXIS2_PLACEMENT_3D('',#6291,#4990,#4991);
#3986=AXIS2_PLACEMENT_3D('',#6293,#4993,#4994);
#3987=AXIS2_PLACEMENT_3D('',#6294,#4995,#4996);
#3988=AXIS2_PLACEMENT_3D('',#6295,#4997,#4998);
#3989=AXIS2_PLACEMENT_3D('',#6299,#5001,#5002);
#3990=AXIS2_PLACEMENT_3D('',#6300,#5003,#5004);
#3991=AXIS2_PLACEMENT_3D('',#6301,#5005,#5006);
#3992=AXIS2_PLACEMENT_3D('',#6302,#5007,#5008);
#3993=AXIS2_PLACEMENT_3D('',#6303,#5009,#5010);
#3994=AXIS2_PLACEMENT_3D('',#6304,#5011,#5012);
#3995=AXIS2_PLACEMENT_3D('',#6306,#5014,#5015);
#3996=AXIS2_PLACEMENT_3D('',#6307,#5016,#5017);
#3997=AXIS2_PLACEMENT_3D('',#6309,#5019,#5020);
#3998=AXIS2_PLACEMENT_3D('',#6311,#5022,#5023);
#3999=AXIS2_PLACEMENT_3D('',#6312,#5024,#5025);
#4000=AXIS2_PLACEMENT_3D('',#6321,#5030,#5031);
#4001=AXIS2_PLACEMENT_3D('',#6327,#5035,#5036);
#4002=AXIS2_PLACEMENT_3D('',#6333,#5040,#5041);
#4003=AXIS2_PLACEMENT_3D('',#6336,#5044,#5045);
#4004=AXIS2_PLACEMENT_3D('',#6337,#5046,#5047);
#4005=AXIS2_PLACEMENT_3D('',#6338,#5048,#5049);
#4006=AXIS2_PLACEMENT_3D('',#6339,#5050,#5051);
#4007=AXIS2_PLACEMENT_3D('',#6340,#5052,#5053);
#4008=AXIS2_PLACEMENT_3D('',#6341,#5054,#5055);
#4009=AXIS2_PLACEMENT_3D('',#6342,#5056,#5057);
#4010=AXIS2_PLACEMENT_3D('',#6343,#5058,#5059);
#4011=AXIS2_PLACEMENT_3D('',#6344,#5060,#5061);
#4012=AXIS2_PLACEMENT_3D('',#6345,#5062,#5063);
#4013=AXIS2_PLACEMENT_3D('',#6346,#5064,#5065);
#4014=DIRECTION('axis',(0.,0.,1.));
#4015=DIRECTION('refdir',(1.,0.,0.));
#4016=DIRECTION('axis',(0.,0.,1.));
#4017=DIRECTION('refdir',(1.,0.,0.));
#4018=DIRECTION('axis',(0.,0.,1.));
#4019=DIRECTION('refdir',(1.,0.,0.));
#4020=DIRECTION('axis',(0.,0.,1.));
#4021=DIRECTION('refdir',(1.,0.,0.));
#4022=DIRECTION('axis',(0.,0.,1.));
#4023=DIRECTION('refdir',(1.,0.,0.));
#4024=DIRECTION('center_axis',(0.,1.,0.));
#4025=DIRECTION('ref_axis',(-1.,0.,0.));
#4026=DIRECTION('',(1.,0.,0.));
#4027=DIRECTION('',(0.,0.,1.));
#4028=DIRECTION('',(-1.,0.,0.));
#4029=DIRECTION('',(0.,0.,1.));
#4030=DIRECTION('center_axis',(-1.,0.,0.));
#4031=DIRECTION('ref_axis',(0.,-1.,0.));
#4032=DIRECTION('',(0.,1.,0.));
#4033=DIRECTION('',(0.,0.,1.));
#4034=DIRECTION('',(0.,-1.,0.));
#4035=DIRECTION('center_axis',(0.,-1.,0.));
#4036=DIRECTION('ref_axis',(1.,0.,0.));
#4037=DIRECTION('',(-1.,0.,0.));
#4038=DIRECTION('',(0.,0.,1.));
#4039=DIRECTION('',(1.,0.,0.));
#4040=DIRECTION('center_axis',(1.,0.,0.));
#4041=DIRECTION('ref_axis',(0.,1.,0.));
#4042=DIRECTION('',(0.,-1.,0.));
#4043=DIRECTION('',(0.,1.,0.));
#4044=DIRECTION('center_axis',(0.,-1.,0.));
#4045=DIRECTION('ref_axis',(1.,0.,0.));
#4046=DIRECTION('',(-1.,0.,0.));
#4047=DIRECTION('',(0.,0.,1.));
#4048=DIRECTION('',(1.,0.,0.));
#4049=DIRECTION('',(0.,0.,1.));
#4050=DIRECTION('center_axis',(1.,0.,0.));
#4051=DIRECTION('ref_axis',(0.,1.,0.));
#4052=DIRECTION('',(0.,-1.,0.));
#4053=DIRECTION('',(0.,0.,1.));
#4054=DIRECTION('',(0.,1.,0.));
#4055=DIRECTION('center_axis',(0.,1.,0.));
#4056=DIRECTION('ref_axis',(-1.,0.,0.));
#4057=DIRECTION('',(1.,0.,0.));
#4058=DIRECTION('',(0.,0.,1.));
#4059=DIRECTION('',(-1.,0.,0.));
#4060=DIRECTION('center_axis',(-1.,0.,0.));
#4061=DIRECTION('ref_axis',(0.,-1.,0.));
#4062=DIRECTION('',(0.,1.,0.));
#4063=DIRECTION('',(0.,-1.,0.));
#4064=DIRECTION('center_axis',(0.,-1.,0.));
#4065=DIRECTION('ref_axis',(1.,0.,0.));
#4066=DIRECTION('',(-1.,0.,0.));
#4067=DIRECTION('',(0.,0.,1.));
#4068=DIRECTION('',(1.,0.,0.));
#4069=DIRECTION('',(0.,0.,1.));
#4070=DIRECTION('center_axis',(1.,0.,0.));
#4071=DIRECTION('ref_axis',(0.,1.,0.));
#4072=DIRECTION('',(0.,-1.,0.));
#4073=DIRECTION('',(0.,0.,1.));
#4074=DIRECTION('',(0.,1.,0.));
#4075=DIRECTION('center_axis',(0.,1.,0.));
#4076=DIRECTION('ref_axis',(-1.,0.,0.));
#4077=DIRECTION('',(1.,0.,0.));
#4078=DIRECTION('',(0.,0.,1.));
#4079=DIRECTION('',(-1.,0.,0.));
#4080=DIRECTION('center_axis',(-1.,0.,0.));
#4081=DIRECTION('ref_axis',(0.,-1.,0.));
#4082=DIRECTION('',(0.,1.,0.));
#4083=DIRECTION('',(0.,-1.,0.));
#4084=DIRECTION('center_axis',(0.,0.,1.));
#4085=DIRECTION('ref_axis',(1.,0.,0.));
#4086=DIRECTION('',(1.,0.,0.));
#4087=DIRECTION('',(0.,1.,0.));
#4088=DIRECTION('',(-1.,0.,0.));
#4089=DIRECTION('',(0.,-1.,0.));
#4090=DIRECTION('center_axis',(0.,-1.,0.));
#4091=DIRECTION('ref_axis',(1.,0.,0.));
#4092=DIRECTION('',(-1.,0.,0.));
#4093=DIRECTION('',(0.,0.,1.));
#4094=DIRECTION('',(0.,0.,1.));
#4095=DIRECTION('center_axis',(1.,0.,0.));
#4096=DIRECTION('ref_axis',(0.,1.,0.));
#4097=DIRECTION('',(0.,-1.,0.));
#4098=DIRECTION('',(0.,0.,1.));
#4099=DIRECTION('center_axis',(0.,1.,0.));
#4100=DIRECTION('ref_axis',(-1.,0.,0.));
#4101=DIRECTION('',(1.,0.,0.));
#4102=DIRECTION('',(0.,0.,1.));
#4103=DIRECTION('center_axis',(-1.,0.,0.));
#4104=DIRECTION('ref_axis',(0.,-1.,0.));
#4105=DIRECTION('',(0.,1.,0.));
#4106=DIRECTION('center_axis',(0.,0.,1.));
#4107=DIRECTION('ref_axis',(1.,0.,0.));
#4108=DIRECTION('',(0.,-1.,0.));
#4109=DIRECTION('',(-1.,0.,0.));
#4110=DIRECTION('',(0.,1.,0.));
#4111=DIRECTION('',(1.,0.,0.));
#4112=DIRECTION('center_axis',(0.,0.,-1.));
#4113=DIRECTION('ref_axis',(1.,0.,0.));
#4114=DIRECTION('center_axis',(0.,0.,-1.));
#4115=DIRECTION('ref_axis',(1.,0.,0.));
#4116=DIRECTION('center_axis',(0.,0.,-1.));
#4117=DIRECTION('ref_axis',(1.,0.,0.));
#4118=DIRECTION('center_axis',(0.,0.,-1.));
#4119=DIRECTION('ref_axis',(1.,0.,0.));
#4120=DIRECTION('center_axis',(0.,1.,0.));
#4121=DIRECTION('ref_axis',(-0.707106781186561,0.,-0.707106781186534));
#4122=DIRECTION('center_axis',(0.,1.,0.));
#4123=DIRECTION('ref_axis',(0.,0.,-1.));
#4124=DIRECTION('',(0.,1.,0.));
#4125=DIRECTION('center_axis',(0.,-1.,0.));
#4126=DIRECTION('ref_axis',(-1.,0.,0.));
#4127=DIRECTION('center_axis',(-1.,0.,0.));
#4128=DIRECTION('ref_axis',(0.,-0.707106781186561,-0.707106781186534));
#4129=DIRECTION('center_axis',(-1.,0.,0.));
#4130=DIRECTION('ref_axis',(0.,0.,-1.));
#4131=DIRECTION('',(-1.,0.,0.));
#4132=DIRECTION('center_axis',(1.,0.,0.));
#4133=DIRECTION('ref_axis',(0.,-1.,0.));
#4134=DIRECTION('center_axis',(-0.816496580927725,0.408248290463863,0.408248290463866));
#4135=DIRECTION('ref_axis',(-0.577350269189626,-0.577350269189626,-0.577350269189626));
#4136=DIRECTION('center_axis',(0.,0.,-1.));
#4137=DIRECTION('ref_axis',(-0.707106781186548,-0.707106781186548,0.));
#4138=DIRECTION('center_axis',(0.,-1.,0.));
#4139=DIRECTION('ref_axis',(0.707106781186545,0.,-0.70710678118655));
#4140=DIRECTION('center_axis',(0.,-1.,0.));
#4141=DIRECTION('ref_axis',(0.,0.,-1.));
#4142=DIRECTION('',(0.,-1.,0.));
#4143=DIRECTION('center_axis',(0.,1.,0.));
#4144=DIRECTION('ref_axis',(1.,0.,0.));
#4145=DIRECTION('center_axis',(-0.816496580927726,-0.408248290463863,-0.408248290463863));
#4146=DIRECTION('ref_axis',(0.577350269189626,-0.577350269189626,-0.577350269189626));
#4147=DIRECTION('center_axis',(0.,0.,-1.));
#4148=DIRECTION('ref_axis',(0.707106781186533,-0.707106781186562,0.));
#4149=DIRECTION('center_axis',(1.,0.,0.));
#4150=DIRECTION('ref_axis',(0.,0.70710678118655,-0.707106781186545));
#4151=DIRECTION('center_axis',(1.,0.,0.));
#4152=DIRECTION('ref_axis',(0.,0.,-1.));
#4153=DIRECTION('',(1.,0.,0.));
#4154=DIRECTION('center_axis',(-1.,0.,0.));
#4155=DIRECTION('ref_axis',(0.,1.,0.));
#4156=DIRECTION('center_axis',(-0.40824829046386,-0.40824829046386,-0.816496580927729));
#4157=DIRECTION('ref_axis',(0.577350269189626,0.577350269189626,-0.577350269189626));
#4158=DIRECTION('center_axis',(0.,0.,-1.));
#4159=DIRECTION('ref_axis',(0.707106781186551,0.707106781186544,0.));
#4160=DIRECTION('center_axis',(0.408248290463882,-0.408248290463858,-0.816496580927719));
#4161=DIRECTION('ref_axis',(-0.577350269189643,0.577350269189607,-0.577350269189628));
#4162=DIRECTION('center_axis',(0.,0.,-1.));
#4163=DIRECTION('ref_axis',(-0.707106781186562,0.707106781186533,0.));
#4164=DIRECTION('center_axis',(0.,0.,1.));
#4165=DIRECTION('ref_axis',(0.707106781186532,-0.707106781186563,0.));
#4166=DIRECTION('',(0.,0.,1.));
#4167=DIRECTION('center_axis',(0.,0.,-1.));
#4168=DIRECTION('ref_axis',(1.,0.,0.));
#4169=DIRECTION('',(0.,0.,-1.));
#4170=DIRECTION('center_axis',(1.,0.,0.));
#4171=DIRECTION('ref_axis',(0.,1.,0.));
#4172=DIRECTION('',(0.,0.,-1.));
#4173=DIRECTION('',(0.,1.,0.));
#4174=DIRECTION('center_axis',(0.,0.,1.));
#4175=DIRECTION('ref_axis',(0.707106781186547,0.707106781186547,0.));
#4176=DIRECTION('',(0.,0.,1.));
#4177=DIRECTION('center_axis',(0.,0.,-1.));
#4178=DIRECTION('ref_axis',(0.,1.,0.));
#4179=DIRECTION('center_axis',(0.,1.,0.));
#4180=DIRECTION('ref_axis',(-1.,0.,0.));
#4181=DIRECTION('',(0.,0.,-1.));
#4182=DIRECTION('',(-1.,0.,0.));
#4183=DIRECTION('center_axis',(0.,1.,0.));
#4184=DIRECTION('ref_axis',(0.707106781186545,0.,0.70710678118655));
#4185=DIRECTION('center_axis',(0.,1.,0.));
#4186=DIRECTION('ref_axis',(0.,0.,1.));
#4187=DIRECTION('center_axis',(0.,-1.,0.));
#4188=DIRECTION('ref_axis',(1.,0.,0.));
#4189=DIRECTION('',(0.,-1.,0.));
#4190=DIRECTION('center_axis',(-0.816496580927726,-0.408248290463863,0.408248290463863));
#4191=DIRECTION('ref_axis',(0.577350269189626,-0.577350269189626,0.577350269189626));
#4192=DIRECTION('center_axis',(1.,0.,0.));
#4193=DIRECTION('ref_axis',(0.,-0.70710678118656,0.707106781186535));
#4194=DIRECTION('center_axis',(0.408248290463859,-0.816496580927729,0.408248290463862));
#4195=DIRECTION('ref_axis',(0.577350269189624,0.577350269189624,0.57735026918963));
#4196=DIRECTION('center_axis',(1.,0.,0.));
#4197=DIRECTION('ref_axis',(0.,0.707106781186547,0.707106781186548));
#4198=DIRECTION('center_axis',(1.,0.,0.));
#4199=DIRECTION('ref_axis',(0.,-0.707106781186561,0.707106781186534));
#4200=DIRECTION('',(-1.,0.,0.));
#4201=DIRECTION('center_axis',(1.,0.,0.));
#4202=DIRECTION('ref_axis',(0.,0.,1.));
#4203=DIRECTION('',(1.,0.,0.));
#4204=DIRECTION('center_axis',(0.,0.,1.));
#4205=DIRECTION('ref_axis',(1.,0.,0.));
#4206=DIRECTION('',(1.,0.,0.));
#4207=DIRECTION('',(0.,1.,0.));
#4208=DIRECTION('center_axis',(0.,0.,-1.));
#4209=DIRECTION('ref_axis',(1.,0.,0.));
#4210=DIRECTION('center_axis',(0.,0.,-1.));
#4211=DIRECTION('ref_axis',(1.,0.,0.));
#4212=DIRECTION('center_axis',(0.,0.,-1.));
#4213=DIRECTION('ref_axis',(1.,0.,0.));
#4214=DIRECTION('center_axis',(0.,0.,-1.));
#4215=DIRECTION('ref_axis',(1.,0.,0.));
#4216=DIRECTION('center_axis',(-1.,0.,0.));
#4217=DIRECTION('ref_axis',(0.,0.70710678118655,0.707106781186545));
#4218=DIRECTION('center_axis',(-1.,0.,0.));
#4219=DIRECTION('ref_axis',(0.,0.707106781186547,0.707106781186548));
#4220=DIRECTION('center_axis',(0.,0.,1.));
#4221=DIRECTION('ref_axis',(-0.707106781186547,-0.707106781186547,0.));
#4222=DIRECTION('',(0.,0.,1.));
#4223=DIRECTION('center_axis',(0.,0.,-1.));
#4224=DIRECTION('ref_axis',(0.,-1.,0.));
#4225=DIRECTION('',(0.,0.,-1.));
#4226=DIRECTION('center_axis',(-0.816496580927725,0.408248290463863,-0.408248290463866));
#4227=DIRECTION('ref_axis',(-0.577350269189626,-0.577350269189626,0.577350269189626));
#4228=DIRECTION('center_axis',(0.,-1.,0.));
#4229=DIRECTION('ref_axis',(-0.70710678118656,0.,0.707106781186535));
#4230=DIRECTION('center_axis',(-1.,0.,0.));
#4231=DIRECTION('ref_axis',(0.,-1.,0.));
#4232=DIRECTION('',(0.,-1.,0.));
#4233=DIRECTION('',(0.,0.,1.));
#4234=DIRECTION('center_axis',(0.,-1.,0.));
#4235=DIRECTION('ref_axis',(-0.707106781186561,0.,0.707106781186534));
#4236=DIRECTION('center_axis',(0.,-1.,0.));
#4237=DIRECTION('ref_axis',(0.,0.,1.));
#4238=DIRECTION('center_axis',(0.,0.,1.));
#4239=DIRECTION('ref_axis',(-0.707106781186568,0.707106781186527,0.));
#4240=DIRECTION('center_axis',(0.,0.,-1.));
#4241=DIRECTION('ref_axis',(-1.,0.,0.));
#4242=DIRECTION('center_axis',(-0.816496580927721,-0.408248290463872,-0.408248290463864));
#4243=DIRECTION('ref_axis',(-0.577350269189626,0.577350269189626,0.577350269189626));
#4244=DIRECTION('center_axis',(0.,0.,1.));
#4245=DIRECTION('ref_axis',(1.,0.,0.));
#4246=DIRECTION('',(0.,0.,1.));
#4247=DIRECTION('center_axis',(0.,0.,1.));
#4248=DIRECTION('ref_axis',(1.,0.,0.));
#4249=DIRECTION('',(0.,0.,1.));
#4250=DIRECTION('center_axis',(0.,0.,1.));
#4251=DIRECTION('ref_axis',(1.,0.,0.));
#4252=DIRECTION('',(0.,0.,1.));
#4253=DIRECTION('center_axis',(0.,0.,1.));
#4254=DIRECTION('ref_axis',(1.,0.,0.));
#4255=DIRECTION('',(0.,0.,1.));
#4256=DIRECTION('center_axis',(0.,-1.,0.));
#4257=DIRECTION('ref_axis',(1.,0.,0.));
#4258=DIRECTION('axis',(0.,0.,1.));
#4259=DIRECTION('refdir',(1.,0.,0.));
#4260=DIRECTION('center_axis',(2.98951193896782E-15,0.,-1.));
#4261=DIRECTION('ref_axis',(-1.,0.,-2.99694023360154E-15));
#4262=DIRECTION('center_axis',(2.98951193896782E-15,0.,-1.));
#4263=DIRECTION('ref_axis',(-1.,0.,-2.98951193896782E-15));
#4264=DIRECTION('center_axis',(-1.22464679914735E-16,-1.,-3.66109622706973E-31));
#4265=DIRECTION('ref_axis',(1.,-1.22464679914735E-16,2.99694023360154E-15));
#4266=DIRECTION('center_axis',(-2.98951193896782E-15,0.,1.));
#4267=DIRECTION('ref_axis',(-1.,0.,-2.98701958282306E-15));
#4268=DIRECTION('center_axis',(2.98951193896782E-15,0.,-1.));
#4269=DIRECTION('ref_axis',(-1.,0.,-2.98951193896782E-15));
#4270=DIRECTION('center_axis',(2.98951193896782E-15,0.,-1.));
#4271=DIRECTION('ref_axis',(1.,0.,2.98951193896782E-15));
#4272=DIRECTION('center_axis',(2.98951193896782E-15,0.,-1.));
#4273=DIRECTION('ref_axis',(-1.,0.,-3.18390889036492E-15));
#4274=DIRECTION('center_axis',(-2.98951193896782E-15,0.,1.));
#4275=DIRECTION('ref_axis',(-1.,0.,-3.18390889036492E-15));
#4276=DIRECTION('',(-2.98951193896782E-15,0.,1.));
#4277=DIRECTION('center_axis',(-2.98951193896782E-15,0.,1.));
#4278=DIRECTION('ref_axis',(-1.,0.,-3.20932640038604E-15));
#4279=DIRECTION('',(-0.739271628119036,9.05346633076432E-17,-0.673407350611968));
#4280=DIRECTION('center_axis',(2.98951193896782E-15,0.,-1.));
#4281=DIRECTION('ref_axis',(-1.,0.,-3.20932640038604E-15));
#4282=DIRECTION('center_axis',(0.0435778713738291,-0.0754790873051733,-0.996194698091746));
#4283=DIRECTION('ref_axis',(-0.866025403784439,-0.5,0.));
#4284=DIRECTION('',(-3.1876232916583E-16,0.997141949694316,-0.0755508581011305));
#4285=DIRECTION('',(-0.866025403784439,-0.5,0.));
#4286=DIRECTION('',(-0.863550259614423,0.498570974847158,-0.0755508581011305));
#4287=DIRECTION('center_axis',(0.0871557427476581,1.0474827575487E-17,-0.996194698091746));
#4288=DIRECTION('ref_axis',(1.20185167898973E-16,-1.,0.));
#4289=DIRECTION('',(1.20185167898973E-16,-1.,0.));
#4290=DIRECTION('',(-0.863550259614423,-0.498570974847158,-0.0755508581011305));
#4291=DIRECTION('center_axis',(0.0435778713738291,0.0754790873051733,-0.996194698091746));
#4292=DIRECTION('ref_axis',(0.866025403784439,-0.5,0.));
#4293=DIRECTION('',(0.866025403784439,-0.5,0.));
#4294=DIRECTION('',(-1.59381164582915E-16,-0.997141949694316,-0.0755508581011305));
#4295=DIRECTION('center_axis',(-0.0435778713738291,0.0754790873051733,-0.996194698091746));
#4296=DIRECTION('ref_axis',(0.866025403784439,0.5,0.));
#4297=DIRECTION('',(0.866025403784439,0.5,0.));
#4298=DIRECTION('',(0.863550259614423,-0.498570974847158,-0.0755508581011305));
#4299=DIRECTION('center_axis',(-0.0871557427476581,3.14244827264609E-17,
-0.996194698091746));
#4300=DIRECTION('ref_axis',(3.60555503696918E-16,1.,0.));
#4301=DIRECTION('',(3.60555503696918E-16,1.,0.));
#4302=DIRECTION('',(0.863550259614423,0.498570974847158,-0.0755508581011305));
#4303=DIRECTION('center_axis',(-0.043577871373829,-0.0754790873051733,-0.996194698091746));
#4304=DIRECTION('ref_axis',(-0.866025403784439,0.5,0.));
#4305=DIRECTION('',(-0.866025403784439,0.5,0.));
#4306=DIRECTION('center_axis',(0.5,-0.866025403784439,0.));
#4307=DIRECTION('ref_axis',(-0.866025403784439,-0.5,0.));
#4308=DIRECTION('',(-0.866025403784439,-0.5,-2.588993284063E-15));
#4309=DIRECTION('',(0.,0.,-1.));
#4310=DIRECTION('',(0.,0.,-1.));
#4311=DIRECTION('center_axis',(1.,1.20185167898973E-16,0.));
#4312=DIRECTION('ref_axis',(1.20185167898973E-16,-1.,0.));
#4313=DIRECTION('',(1.20185167898973E-16,-1.,3.59294994320831E-31));
#4314=DIRECTION('',(0.,0.,-1.));
#4315=DIRECTION('center_axis',(0.5,0.866025403784439,0.));
#4316=DIRECTION('ref_axis',(0.866025403784439,-0.5,0.));
#4317=DIRECTION('',(0.866025403784439,-0.5,2.588993284063E-15));
#4318=DIRECTION('',(0.,0.,-1.));
#4319=DIRECTION('center_axis',(-0.5,0.866025403784439,0.));
#4320=DIRECTION('ref_axis',(0.866025403784439,0.5,0.));
#4321=DIRECTION('',(0.866025403784439,0.5,2.588993284063E-15));
#4322=DIRECTION('',(0.,0.,-1.));
#4323=DIRECTION('center_axis',(-1.,3.60555503696918E-16,0.));
#4324=DIRECTION('ref_axis',(3.60555503696918E-16,1.,0.));
#4325=DIRECTION('',(3.60555503696918E-16,1.,1.07788498296249E-30));
#4326=DIRECTION('',(0.,0.,-1.));
#4327=DIRECTION('center_axis',(-0.5,-0.866025403784439,0.));
#4328=DIRECTION('ref_axis',(-0.866025403784439,0.5,0.));
#4329=DIRECTION('',(-0.866025403784439,0.5,-2.588993284063E-15));
#4330=DIRECTION('center_axis',(-2.98951193896782E-15,0.,1.));
#4331=DIRECTION('ref_axis',(1.,0.,2.98951193896782E-15));
#4332=DIRECTION('center_axis',(2.98951193896782E-15,0.,-1.));
#4333=DIRECTION('ref_axis',(1.,0.,2.98951193896782E-15));
#4334=DIRECTION('center_axis',(2.98951193896782E-15,0.,-1.));
#4335=DIRECTION('ref_axis',(1.,0.,2.98951193896782E-15));
#4336=DIRECTION('center_axis',(2.98951193896782E-15,0.,-1.));
#4337=DIRECTION('ref_axis',(-1.,0.,-3.18390889036492E-15));
#4338=DIRECTION('',(-2.98951193896782E-15,0.,1.));
#4339=DIRECTION('center_axis',(2.98951193896782E-15,0.,-1.));
#4340=DIRECTION('ref_axis',(-1.,0.,-2.98951193896782E-15));
#4341=DIRECTION('center_axis',(-2.98951193896782E-15,0.,1.));
#4342=DIRECTION('ref_axis',(1.,0.,2.98951193896782E-15));
#4343=DIRECTION('center_axis',(2.98951193896782E-15,0.,-1.));
#4344=DIRECTION('ref_axis',(1.,0.,2.98951193896782E-15));
#4345=DIRECTION('center_axis',(6.12323399573677E-17,0.,1.));
#4346=DIRECTION('ref_axis',(1.,0.,0.));
#4347=DIRECTION('center_axis',(1.22464679914735E-16,-1.,0.));
#4348=DIRECTION('ref_axis',(-1.,-1.22464679914735E-16,0.));
#4349=DIRECTION('center_axis',(0.,1.,0.));
#4350=DIRECTION('ref_axis',(-1.,0.,0.));
#4351=DIRECTION('',(1.,0.,0.));
#4352=DIRECTION('',(0.,0.,1.));
#4353=DIRECTION('',(-1.,0.,0.));
#4354=DIRECTION('',(0.,0.,1.));
#4355=DIRECTION('center_axis',(-1.,0.,0.));
#4356=DIRECTION('ref_axis',(0.,-1.,0.));
#4357=DIRECTION('',(0.,1.,0.));
#4358=DIRECTION('',(0.,0.,1.));
#4359=DIRECTION('',(0.,-1.,0.));
#4360=DIRECTION('center_axis',(0.,-1.,0.));
#4361=DIRECTION('ref_axis',(1.,0.,0.));
#4362=DIRECTION('',(-1.,0.,0.));
#4363=DIRECTION('',(0.,0.,1.));
#4364=DIRECTION('',(1.,0.,0.));
#4365=DIRECTION('center_axis',(1.,0.,0.));
#4366=DIRECTION('ref_axis',(0.,1.,0.));
#4367=DIRECTION('',(0.,-1.,0.));
#4368=DIRECTION('',(0.,1.,0.));
#4369=DIRECTION('center_axis',(0.,-1.,0.));
#4370=DIRECTION('ref_axis',(1.,0.,0.));
#4371=DIRECTION('',(-1.,0.,0.));
#4372=DIRECTION('',(0.,0.,1.));
#4373=DIRECTION('',(1.,0.,0.));
#4374=DIRECTION('',(0.,0.,1.));
#4375=DIRECTION('center_axis',(1.,0.,0.));
#4376=DIRECTION('ref_axis',(0.,1.,0.));
#4377=DIRECTION('',(0.,-1.,0.));
#4378=DIRECTION('',(0.,0.,1.));
#4379=DIRECTION('',(0.,1.,0.));
#4380=DIRECTION('center_axis',(0.,1.,0.));
#4381=DIRECTION('ref_axis',(-1.,0.,0.));
#4382=DIRECTION('',(1.,0.,0.));
#4383=DIRECTION('',(0.,0.,1.));
#4384=DIRECTION('',(-1.,0.,0.));
#4385=DIRECTION('center_axis',(-1.,0.,0.));
#4386=DIRECTION('ref_axis',(0.,-1.,0.));
#4387=DIRECTION('',(0.,1.,0.));
#4388=DIRECTION('',(0.,-1.,0.));
#4389=DIRECTION('center_axis',(0.,-1.,0.));
#4390=DIRECTION('ref_axis',(1.,0.,0.));
#4391=DIRECTION('',(-1.,0.,0.));
#4392=DIRECTION('',(0.,0.,1.));
#4393=DIRECTION('',(1.,0.,0.));
#4394=DIRECTION('',(0.,0.,1.));
#4395=DIRECTION('center_axis',(1.,0.,0.));
#4396=DIRECTION('ref_axis',(0.,1.,0.));
#4397=DIRECTION('',(0.,-1.,0.));
#4398=DIRECTION('',(0.,0.,1.));
#4399=DIRECTION('',(0.,1.,0.));
#4400=DIRECTION('center_axis',(0.,1.,0.));
#4401=DIRECTION('ref_axis',(-1.,0.,0.));
#4402=DIRECTION('',(1.,0.,0.));
#4403=DIRECTION('',(0.,0.,1.));
#4404=DIRECTION('',(-1.,0.,0.));
#4405=DIRECTION('center_axis',(-1.,0.,0.));
#4406=DIRECTION('ref_axis',(0.,-1.,0.));
#4407=DIRECTION('',(0.,1.,0.));
#4408=DIRECTION('',(0.,-1.,0.));
#4409=DIRECTION('center_axis',(0.,0.,1.));
#4410=DIRECTION('ref_axis',(1.,0.,0.));
#4411=DIRECTION('',(0.,1.,0.));
#4412=DIRECTION('center_axis',(0.,0.,-1.));
#4413=DIRECTION('ref_axis',(1.,0.,0.));
#4414=DIRECTION('',(1.,0.,0.));
#4415=DIRECTION('',(0.,-1.,0.));
#4416=DIRECTION('',(-1.,0.,0.));
#4417=DIRECTION('center_axis',(0.,0.,1.));
#4418=DIRECTION('ref_axis',(1.,0.,0.));
#4419=DIRECTION('',(1.,0.,0.));
#4420=DIRECTION('',(0.,1.,0.));
#4421=DIRECTION('',(-1.,0.,0.));
#4422=DIRECTION('',(0.,-1.,0.));
#4423=DIRECTION('center_axis',(0.,-1.,0.));
#4424=DIRECTION('ref_axis',(1.,0.,0.));
#4425=DIRECTION('',(-1.,0.,0.));
#4426=DIRECTION('',(0.,0.,1.));
#4427=DIRECTION('',(0.,0.,1.));
#4428=DIRECTION('center_axis',(1.,0.,0.));
#4429=DIRECTION('ref_axis',(0.,1.,0.));
#4430=DIRECTION('',(0.,-1.,0.));
#4431=DIRECTION('',(0.,0.,1.));
#4432=DIRECTION('center_axis',(0.,1.,0.));
#4433=DIRECTION('ref_axis',(-1.,0.,0.));
#4434=DIRECTION('',(1.,0.,0.));
#4435=DIRECTION('',(0.,0.,1.));
#4436=DIRECTION('center_axis',(-1.,0.,0.));
#4437=DIRECTION('ref_axis',(0.,-1.,0.));
#4438=DIRECTION('',(0.,1.,0.));
#4439=DIRECTION('center_axis',(0.,0.,1.));
#4440=DIRECTION('ref_axis',(1.,0.,0.));
#4441=DIRECTION('',(0.,0.,-1.));
#4442=DIRECTION('center_axis',(0.,0.,-1.));
#4443=DIRECTION('ref_axis',(1.,0.,0.));
#4444=DIRECTION('',(0.,0.,1.));
#4445=DIRECTION('center_axis',(0.,0.,1.));
#4446=DIRECTION('ref_axis',(1.,0.,0.));
#4447=DIRECTION('',(0.,-1.,0.));
#4448=DIRECTION('',(1.,0.,0.));
#4449=DIRECTION('',(0.,1.,0.));
#4450=DIRECTION('',(-1.,0.,0.));
#4451=DIRECTION('center_axis',(1.,0.,0.));
#4452=DIRECTION('ref_axis',(0.,1.,0.));
#4453=DIRECTION('',(0.,0.,1.));
#4454=DIRECTION('center_axis',(-1.,0.,0.));
#4455=DIRECTION('ref_axis',(0.,-1.,0.));
#4456=DIRECTION('',(0.,0.,-1.));
#4457=DIRECTION('',(0.,0.,1.));
#4458=DIRECTION('center_axis',(0.,-1.,0.));
#4459=DIRECTION('ref_axis',(1.,0.,0.));
#4460=DIRECTION('center_axis',(0.,1.,0.));
#4461=DIRECTION('ref_axis',(-1.,0.,0.));
#4462=DIRECTION('center_axis',(0.,0.,-1.));
#4463=DIRECTION('ref_axis',(1.,0.,0.));
#4464=DIRECTION('center_axis',(0.,0.,-1.));
#4465=DIRECTION('ref_axis',(-1.,0.,0.));
#4466=DIRECTION('',(0.,-1.,0.));
#4467=DIRECTION('center_axis',(0.,0.,1.));
#4468=DIRECTION('ref_axis',(-1.,0.,0.));
#4469=DIRECTION('',(0.,-1.,0.));
#4470=DIRECTION('',(1.,0.,0.));
#4471=DIRECTION('',(0.,-1.,0.));
#4472=DIRECTION('',(-1.,0.,0.));
#4473=DIRECTION('center_axis',(1.,0.,0.));
#4474=DIRECTION('ref_axis',(0.,0.,1.));
#4475=DIRECTION('',(0.,0.,-1.));
#4476=DIRECTION('',(0.,-1.,0.));
#4477=DIRECTION('',(0.,0.,1.));
#4478=DIRECTION('center_axis',(1.,0.,0.));
#4479=DIRECTION('ref_axis',(0.,0.,1.));
#4480=DIRECTION('',(0.,0.,-1.));
#4481=DIRECTION('',(0.,-1.,0.));
#4482=DIRECTION('',(0.,0.,1.));
#4483=DIRECTION('center_axis',(-1.,0.,0.));
#4484=DIRECTION('ref_axis',(0.,0.,-1.));
#4485=DIRECTION('',(0.,0.,1.));
#4486=DIRECTION('',(0.,0.,-1.));
#4487=DIRECTION('',(0.,-1.,0.));
#4488=DIRECTION('center_axis',(0.,0.,1.));
#4489=DIRECTION('ref_axis',(-1.,0.,0.));
#4490=DIRECTION('center_axis',(0.,0.,1.));
#4491=DIRECTION('ref_axis',(-1.,0.,0.));
#4492=DIRECTION('',(1.,0.,0.));
#4493=DIRECTION('',(-1.,0.,0.));
#4494=DIRECTION('center_axis',(0.,0.,-1.));
#4495=DIRECTION('ref_axis',(-1.,0.,0.));
#4496=DIRECTION('center_axis',(0.,0.,1.));
#4497=DIRECTION('ref_axis',(-1.,0.,0.));
#4498=DIRECTION('',(0.,0.,1.));
#4499=DIRECTION('center_axis',(0.,0.,1.));
#4500=DIRECTION('ref_axis',(-1.,0.,0.));
#4501=DIRECTION('',(0.,0.,-1.));
#4502=DIRECTION('center_axis',(0.,0.,1.));
#4503=DIRECTION('ref_axis',(-1.,0.,0.));
#4504=DIRECTION('',(0.,0.,1.));
#4505=DIRECTION('center_axis',(0.,0.,1.));
#4506=DIRECTION('ref_axis',(-0.70710678118655,-0.707106781186545,0.));
#4507=DIRECTION('center_axis',(0.,0.,-1.));
#4508=DIRECTION('ref_axis',(-0.70710678118655,-0.707106781186545,0.));
#4509=DIRECTION('',(0.,0.,-1.));
#4510=DIRECTION('center_axis',(0.,0.,1.));
#4511=DIRECTION('ref_axis',(-0.70710678118655,-0.707106781186545,0.));
#4512=DIRECTION('center_axis',(0.,0.,1.));
#4513=DIRECTION('ref_axis',(-0.70710678118655,-0.707106781186545,0.));
#4514=DIRECTION('',(0.,0.,1.));
#4515=DIRECTION('center_axis',(0.,0.,-1.));
#4516=DIRECTION('ref_axis',(-0.70710678118655,-0.707106781186545,0.));
#4517=DIRECTION('center_axis',(0.,0.,1.));
#4518=DIRECTION('ref_axis',(-1.,0.,0.));
#4519=DIRECTION('',(-1.,0.,0.));
#4520=DIRECTION('center_axis',(0.,0.,-1.));
#4521=DIRECTION('ref_axis',(0.70710678118655,-0.707106781186545,0.));
#4522=DIRECTION('',(0.,-1.,0.));
#4523=DIRECTION('',(1.,0.,0.));
#4524=DIRECTION('',(0.,-1.,0.));
#4525=DIRECTION('center_axis',(0.,-1.,0.));
#4526=DIRECTION('ref_axis',(0.,0.,-1.));
#4527=DIRECTION('',(1.,0.,0.));
#4528=DIRECTION('',(0.,0.,-1.));
#4529=DIRECTION('center_axis',(0.,0.,-1.));
#4530=DIRECTION('ref_axis',(0.,1.,0.));
#4531=DIRECTION('',(0.,-1.,0.));
#4532=DIRECTION('',(-1.,0.,0.));
#4533=DIRECTION('center_axis',(0.,0.,-1.));
#4534=DIRECTION('ref_axis',(0.707106781186541,-0.707106781186554,0.));
#4535=DIRECTION('',(0.,-1.,0.));
#4536=DIRECTION('',(1.,0.,0.));
#4537=DIRECTION('center_axis',(0.,0.,1.));
#4538=DIRECTION('ref_axis',(0.707106781186541,0.707106781186554,0.));
#4539=DIRECTION('',(0.,1.,0.));
#4540=DIRECTION('center_axis',(0.,0.,1.));
#4541=DIRECTION('ref_axis',(0.70710678118655,-0.707106781186545,0.));
#4542=DIRECTION('',(-1.,0.,0.));
#4543=DIRECTION('',(-1.,0.,0.));
#4544=DIRECTION('center_axis',(0.,-1.,0.));
#4545=DIRECTION('ref_axis',(1.,0.,0.));
#4546=DIRECTION('',(0.,0.,-1.));
#4547=DIRECTION('',(1.,0.,0.));
#4548=DIRECTION('',(0.,0.,1.));
#4549=DIRECTION('center_axis',(0.,-1.,0.));
#4550=DIRECTION('ref_axis',(1.,0.,0.));
#4551=DIRECTION('',(0.,0.,1.));
#4552=DIRECTION('',(-1.,0.,0.));
#4553=DIRECTION('',(0.,0.,-1.));
#4554=DIRECTION('center_axis',(0.,0.,1.));
#4555=DIRECTION('ref_axis',(-0.707106781186541,-0.707106781186554,0.));
#4556=DIRECTION('center_axis',(0.,0.,1.));
#4557=DIRECTION('ref_axis',(0.,-1.,0.));
#4558=DIRECTION('',(0.,0.,-1.));
#4559=DIRECTION('center_axis',(0.,0.,1.));
#4560=DIRECTION('ref_axis',(-0.707106781186541,-0.707106781186554,0.));
#4561=DIRECTION('',(0.,0.,-1.));
#4562=DIRECTION('center_axis',(0.,0.,-1.));
#4563=DIRECTION('ref_axis',(-1.,0.,0.));
#4564=DIRECTION('center_axis',(0.,0.,1.));
#4565=DIRECTION('ref_axis',(-0.707106781186541,0.707106781186554,0.));
#4566=DIRECTION('center_axis',(0.,0.,-1.));
#4567=DIRECTION('ref_axis',(-0.707106781186541,0.707106781186554,0.));
#4568=DIRECTION('',(0.,0.,-1.));
#4569=DIRECTION('center_axis',(0.,0.,1.));
#4570=DIRECTION('ref_axis',(-0.707106781186541,0.707106781186554,0.));
#4571=DIRECTION('center_axis',(0.,0.,1.));
#4572=DIRECTION('ref_axis',(-0.707106781186541,0.707106781186554,0.));
#4573=DIRECTION('',(0.,0.,1.));
#4574=DIRECTION('center_axis',(0.,0.,-1.));
#4575=DIRECTION('ref_axis',(-0.707106781186541,0.707106781186554,0.));
#4576=DIRECTION('center_axis',(0.,0.,1.));
#4577=DIRECTION('ref_axis',(0.,1.,0.));
#4578=DIRECTION('',(0.,-1.,0.));
#4579=DIRECTION('',(-1.,0.,0.));
#4580=DIRECTION('',(0.,1.,0.));
#4581=DIRECTION('center_axis',(-1.,0.,0.));
#4582=DIRECTION('ref_axis',(0.,0.,1.));
#4583=DIRECTION('',(0.,-1.,0.));
#4584=DIRECTION('center_axis',(0.,0.,-1.));
#4585=DIRECTION('ref_axis',(0.,-1.,0.));
#4586=DIRECTION('',(-1.,0.,0.));
#4587=DIRECTION('',(0.,1.,0.));
#4588=DIRECTION('',(0.,1.,0.));
#4589=DIRECTION('',(0.,1.,0.));
#4590=DIRECTION('center_axis',(0.,0.,1.));
#4591=DIRECTION('ref_axis',(-0.707106781186541,0.707106781186554,0.));
#4592=DIRECTION('',(0.,0.,-1.));
#4593=DIRECTION('center_axis',(0.,0.,-1.));
#4594=DIRECTION('ref_axis',(0.,1.,0.));
#4595=DIRECTION('',(0.,0.,1.));
#4596=DIRECTION('center_axis',(0.,0.,-1.));
#4597=DIRECTION('ref_axis',(0.707106781186541,0.707106781186554,0.));
#4598=DIRECTION('center_axis',(0.,0.,1.));
#4599=DIRECTION('ref_axis',(0.707106781186541,0.707106781186554,0.));
#4600=DIRECTION('',(0.,0.,1.));
#4601=DIRECTION('center_axis',(0.,0.,-1.));
#4602=DIRECTION('ref_axis',(0.707106781186541,0.707106781186554,0.));
#4603=DIRECTION('center_axis',(0.,0.,-1.));
#4604=DIRECTION('ref_axis',(0.707106781186541,0.707106781186554,0.));
#4605=DIRECTION('',(0.,0.,-1.));
#4606=DIRECTION('center_axis',(1.,0.,0.));
#4607=DIRECTION('ref_axis',(0.,0.,-1.));
#4608=DIRECTION('',(0.,-1.,0.));
#4609=DIRECTION('',(0.,0.,1.));
#4610=DIRECTION('center_axis',(0.,0.,1.));
#4611=DIRECTION('ref_axis',(0.,-1.,0.));
#4612=DIRECTION('',(1.,0.,0.));
#4613=DIRECTION('',(0.,-1.,0.));
#4614=DIRECTION('',(1.,0.,0.));
#4615=DIRECTION('center_axis',(0.,0.,-1.));
#4616=DIRECTION('ref_axis',(0.70710678118655,-0.707106781186545,0.));
#4617=DIRECTION('',(0.,1.,0.));
#4618=DIRECTION('',(0.,1.,0.));
#4619=DIRECTION('center_axis',(0.,0.,1.));
#4620=DIRECTION('ref_axis',(0.707106781186554,0.707106781186541,0.));
#4621=DIRECTION('',(0.,0.,-1.));
#4622=DIRECTION('center_axis',(0.,0.,-1.));
#4623=DIRECTION('ref_axis',(1.,0.,0.));
#4624=DIRECTION('',(0.,0.,1.));
#4625=DIRECTION('center_axis',(0.,0.,1.));
#4626=DIRECTION('ref_axis',(0.707106781186554,0.707106781186541,0.));
#4627=DIRECTION('',(0.,0.,1.));
#4628=DIRECTION('center_axis',(0.,0.,1.));
#4629=DIRECTION('ref_axis',(0.,1.,0.));
#4630=DIRECTION('',(0.,0.,-1.));
#4631=DIRECTION('center_axis',(0.,0.,1.));
#4632=DIRECTION('ref_axis',(0.70710678118655,-0.707106781186545,0.));
#4633=DIRECTION('center_axis',(0.,0.,1.));
#4634=DIRECTION('ref_axis',(0.707106781186541,-0.707106781186554,0.));
#4635=DIRECTION('center_axis',(0.,0.,-1.));
#4636=DIRECTION('ref_axis',(0.,-1.,0.));
#4637=DIRECTION('',(0.,0.,1.));
#4638=DIRECTION('center_axis',(-1.,0.,0.));
#4639=DIRECTION('ref_axis',(0.,-1.,0.));
#4640=DIRECTION('',(0.,-1.,0.));
#4641=DIRECTION('',(0.,0.,1.));
#4642=DIRECTION('center_axis',(-1.,0.,0.));
#4643=DIRECTION('ref_axis',(0.,-1.,0.));
#4644=DIRECTION('',(0.,1.,0.));
#4645=DIRECTION('center_axis',(1.,0.,0.));
#4646=DIRECTION('ref_axis',(0.,1.,0.));
#4647=DIRECTION('',(0.,1.,0.));
#4648=DIRECTION('',(0.,0.,1.));
#4649=DIRECTION('center_axis',(0.,0.,-1.));
#4650=DIRECTION('ref_axis',(-1.,0.,0.));
#4651=DIRECTION('',(-1.,0.,0.));
#4652=DIRECTION('',(1.,0.,0.));
#4653=DIRECTION('center_axis',(0.,1.,0.));
#4654=DIRECTION('ref_axis',(-1.,0.,0.));
#4655=DIRECTION('',(1.,0.,0.));
#4656=DIRECTION('center_axis',(0.,1.,0.));
#4657=DIRECTION('ref_axis',(-1.,0.,0.));
#4658=DIRECTION('',(1.,0.,0.));
#4659=DIRECTION('',(0.,0.,-1.));
#4660=DIRECTION('',(-1.,0.,0.));
#4661=DIRECTION('center_axis',(0.408248290463862,-0.816496580927725,0.408248290463866));
#4662=DIRECTION('ref_axis',(0.577350269189625,0.577350269189625,0.577350269189628));
#4663=DIRECTION('center_axis',(0.,1.,0.));
#4664=DIRECTION('ref_axis',(1.,0.,0.));
#4665=DIRECTION('center_axis',(1.,0.,0.));
#4666=DIRECTION('ref_axis',(0.,0.,1.));
#4667=DIRECTION('center_axis',(-0.816496580927732,-0.408248290463862,-0.408248290463852));
#4668=DIRECTION('ref_axis',(-0.577350269189618,0.577350269189639,0.577350269189621));
#4669=DIRECTION('center_axis',(-1.,0.,0.));
#4670=DIRECTION('ref_axis',(0.,1.,0.));
#4671=DIRECTION('center_axis',(0.,0.,1.));
#4672=DIRECTION('ref_axis',(-1.,0.,0.));
#4673=DIRECTION('center_axis',(-1.77635683940026E-14,1.,0.));
#4674=DIRECTION('ref_axis',(0.,0.,1.));
#4675=DIRECTION('center_axis',(0.408248290463853,-0.816496580927735,-0.408248290463854));
#4676=DIRECTION('ref_axis',(0.577350269189632,0.57735026918961,-0.577350269189636));
#4677=DIRECTION('center_axis',(1.77635683940026E-14,1.,0.));
#4678=DIRECTION('ref_axis',(0.,0.,-1.));
#4679=DIRECTION('center_axis',(1.,0.,0.));
#4680=DIRECTION('ref_axis',(0.,1.,0.));
#4681=DIRECTION('center_axis',(-0.81649658092773,-0.408248290463861,0.408248290463858));
#4682=DIRECTION('ref_axis',(0.577350269189626,-0.577350269189626,0.577350269189626));
#4683=DIRECTION('center_axis',(1.,0.,0.));
#4684=DIRECTION('ref_axis',(0.,-1.,0.));
#4685=DIRECTION('center_axis',(0.,0.,1.));
#4686=DIRECTION('ref_axis',(1.,0.,0.));
#4687=DIRECTION('center_axis',(0.,-1.,0.));
#4688=DIRECTION('ref_axis',(0.,0.,1.));
#4689=DIRECTION('center_axis',(-0.408248290463843,-0.816496580927744,-0.408248290463847));
#4690=DIRECTION('ref_axis',(-0.577350269189635,0.577350269189607,-0.577350269189636));
#4691=DIRECTION('center_axis',(-1.,0.,0.));
#4692=DIRECTION('ref_axis',(0.,0.,-1.));
#4693=DIRECTION('center_axis',(0.,1.,3.5527136788005E-14));
#4694=DIRECTION('ref_axis',(-1.,0.,0.));
#4695=DIRECTION('center_axis',(-1.,0.,0.));
#4696=DIRECTION('ref_axis',(0.,0.70710678118654,-0.707106781186555));
#4697=DIRECTION('',(-1.,0.,0.));
#4698=DIRECTION('center_axis',(-0.816496580927732,0.408248290463855,-0.408248290463859));
#4699=DIRECTION('ref_axis',(-0.577350269189618,-0.577350269189639,0.577350269189621));
#4700=DIRECTION('center_axis',(0.,-1.,0.));
#4701=DIRECTION('ref_axis',(-1.,0.,0.));
#4702=DIRECTION('center_axis',(-1.,0.,0.));
#4703=DIRECTION('ref_axis',(0.,0.,1.));
#4704=DIRECTION('center_axis',(-0.816496580927729,-0.408248290463861,-0.408248290463858));
#4705=DIRECTION('ref_axis',(0.577350269189626,-0.577350269189626,-0.577350269189626));
#4706=DIRECTION('center_axis',(1.,0.,0.));
#4707=DIRECTION('ref_axis',(0.,0.,-1.));
#4708=DIRECTION('center_axis',(0.,-1.,0.));
#4709=DIRECTION('ref_axis',(1.,0.,0.));
#4710=DIRECTION('center_axis',(-0.816496580927732,0.408248290463855,0.408248290463859));
#4711=DIRECTION('ref_axis',(-0.577350269189618,-0.577350269189639,-0.57735026918962));
#4712=DIRECTION('center_axis',(0.,-1.,0.));
#4713=DIRECTION('ref_axis',(0.,0.,-1.));
#4714=DIRECTION('center_axis',(-1.,0.,0.));
#4715=DIRECTION('ref_axis',(0.,-1.,0.));
#4716=DIRECTION('center_axis',(1.,0.,0.));
#4717=DIRECTION('ref_axis',(0.,-0.707106781186553,-0.707106781186542));
#4718=DIRECTION('',(1.,0.,0.));
#4719=DIRECTION('center_axis',(0.,-1.,0.));
#4720=DIRECTION('ref_axis',(-0.707106781186546,0.,-0.707106781186549));
#4721=DIRECTION('',(0.,-1.,0.));
#4722=DIRECTION('center_axis',(0.,1.,0.));
#4723=DIRECTION('ref_axis',(0.707106781186546,0.,-0.707106781186549));
#4724=DIRECTION('',(0.,-1.,0.));
#4725=DIRECTION('',(0.,1.,0.));
#4726=DIRECTION('center_axis',(1.,0.,0.));
#4727=DIRECTION('ref_axis',(0.,-0.707106781186551,0.707106781186544));
#4728=DIRECTION('',(-1.,0.,0.));
#4729=DIRECTION('center_axis',(0.,-1.,0.));
#4730=DIRECTION('ref_axis',(-0.707106781186544,0.,0.707106781186551));
#4731=DIRECTION('',(0.,1.,0.));
#4732=DIRECTION('center_axis',(0.,0.,1.));
#4733=DIRECTION('ref_axis',(-0.707106781186541,0.707106781186554,0.));
#4734=DIRECTION('center_axis',(0.,1.,0.));
#4735=DIRECTION('ref_axis',(0.707106781186544,0.,0.707106781186551));
#4736=DIRECTION('',(0.,-1.,0.));
#4737=DIRECTION('center_axis',(-1.,0.,0.));
#4738=DIRECTION('ref_axis',(0.,0.707106781186538,0.707106781186557));
#4739=DIRECTION('',(1.,0.,0.));
#4740=DIRECTION('center_axis',(0.,0.,1.));
#4741=DIRECTION('ref_axis',(-1.,0.,0.));
#4742=DIRECTION('center_axis',(0.,0.,1.));
#4743=DIRECTION('ref_axis',(-1.,0.,0.));
#4744=DIRECTION('center_axis',(0.,0.,1.));
#4745=DIRECTION('ref_axis',(-1.,0.,0.));
#4746=DIRECTION('center_axis',(0.,0.,1.));
#4747=DIRECTION('ref_axis',(-1.,0.,0.));
#4748=DIRECTION('center_axis',(0.,0.,1.));
#4749=DIRECTION('ref_axis',(-1.,0.,0.));
#4750=DIRECTION('center_axis',(0.,0.,1.));
#4751=DIRECTION('ref_axis',(-1.,0.,0.));
#4752=DIRECTION('center_axis',(0.,0.,1.));
#4753=DIRECTION('ref_axis',(-1.,0.,0.));
#4754=DIRECTION('center_axis',(0.,0.,1.));
#4755=DIRECTION('ref_axis',(-1.,0.,0.));
#4756=DIRECTION('center_axis',(0.,0.,1.));
#4757=DIRECTION('ref_axis',(-1.,0.,0.));
#4758=DIRECTION('center_axis',(0.,0.,1.));
#4759=DIRECTION('ref_axis',(-1.,0.,0.));
#4760=DIRECTION('',(0.,-1.,0.));
#4761=DIRECTION('',(-1.,0.,0.));
#4762=DIRECTION('',(0.,1.,0.));
#4763=DIRECTION('center_axis',(0.,0.,1.));
#4764=DIRECTION('ref_axis',(-1.,0.,0.));
#4765=DIRECTION('',(0.,1.,0.));
#4766=DIRECTION('center_axis',(0.,0.,1.));
#4767=DIRECTION('ref_axis',(-1.,0.,0.));
#4768=DIRECTION('',(1.,0.,0.));
#4769=DIRECTION('',(0.,-1.,0.));
#4770=DIRECTION('center_axis',(0.,0.,1.));
#4771=DIRECTION('ref_axis',(-1.,0.,0.));
#4772=DIRECTION('',(0.,-1.,0.));
#4773=DIRECTION('center_axis',(0.,0.,1.));
#4774=DIRECTION('ref_axis',(-1.,0.,0.));
#4775=DIRECTION('',(1.,0.,0.));
#4776=DIRECTION('center_axis',(0.,0.,1.));
#4777=DIRECTION('ref_axis',(-1.,0.,0.));
#4778=DIRECTION('',(0.,-1.,0.));
#4779=DIRECTION('',(1.,0.,0.));
#4780=DIRECTION('center_axis',(0.,0.,1.));
#4781=DIRECTION('ref_axis',(-1.,0.,0.));
#4782=DIRECTION('center_axis',(0.,0.,1.));
#4783=DIRECTION('ref_axis',(-1.,0.,0.));
#4784=DIRECTION('center_axis',(0.,0.,1.));
#4785=DIRECTION('ref_axis',(-1.,0.,0.));
#4786=DIRECTION('',(0.,1.,0.));
#4787=DIRECTION('center_axis',(0.,0.,1.));
#4788=DIRECTION('ref_axis',(-1.,0.,0.));
#4789=DIRECTION('',(0.,1.,0.));
#4790=DIRECTION('',(-1.,0.,0.));
#4791=DIRECTION('',(0.,-1.,0.));
#4792=DIRECTION('center_axis',(0.,0.,1.));
#4793=DIRECTION('ref_axis',(-1.,0.,0.));
#4794=DIRECTION('',(0.,-1.,0.));
#4795=DIRECTION('',(1.,0.,0.));
#4796=DIRECTION('center_axis',(0.,0.,1.));
#4797=DIRECTION('ref_axis',(1.,0.,0.));
#4798=DIRECTION('',(1.,0.,0.));
#4799=DIRECTION('center_axis',(0.,1.,0.));
#4800=DIRECTION('ref_axis',(0.,0.,1.));
#4801=DIRECTION('center_axis',(0.,1.,0.));
#4802=DIRECTION('ref_axis',(-1.,0.,0.));
#4803=DIRECTION('',(0.,0.,-1.));
#4804=DIRECTION('',(0.,0.,-1.));
#4805=DIRECTION('center_axis',(1.,0.,0.));
#4806=DIRECTION('ref_axis',(0.,1.,0.));
#4807=DIRECTION('',(0.,0.,1.));
#4808=DIRECTION('center_axis',(-1.,0.,0.));
#4809=DIRECTION('ref_axis',(0.,-1.,0.));
#4810=DIRECTION('',(0.,0.,1.));
#4811=DIRECTION('',(0.,0.,-1.));
#4812=DIRECTION('center_axis',(0.,0.,1.));
#4813=DIRECTION('ref_axis',(0.882638657147281,-0.470052125736332,0.));
#4814=DIRECTION('',(0.,0.,-1.));
#4815=DIRECTION('center_axis',(0.,1.,0.));
#4816=DIRECTION('ref_axis',(-1.,0.,0.));
#4817=DIRECTION('center_axis',(0.,0.,1.));
#4818=DIRECTION('ref_axis',(0.707106781186541,-0.707106781186554,0.));
#4819=DIRECTION('center_axis',(0.,0.,1.));
#4820=DIRECTION('ref_axis',(-1.,0.,0.));
#4821=DIRECTION('',(0.,0.,-1.));
#4822=DIRECTION('center_axis',(0.,0.,1.));
#4823=DIRECTION('ref_axis',(-1.,0.,0.));
#4824=DIRECTION('',(0.,0.,-1.));
#4825=DIRECTION('center_axis',(0.,0.,1.));
#4826=DIRECTION('ref_axis',(-1.,0.,0.));
#4827=DIRECTION('',(0.,0.,-1.));
#4828=DIRECTION('center_axis',(0.,0.,1.));
#4829=DIRECTION('ref_axis',(-1.,0.,0.));
#4830=DIRECTION('',(0.,0.,-1.));
#4831=DIRECTION('center_axis',(0.,0.,1.));
#4832=DIRECTION('ref_axis',(1.,1.22464679914735E-16,0.));
#4833=DIRECTION('',(0.,0.,1.));
#4834=DIRECTION('center_axis',(-1.,0.,0.));
#4835=DIRECTION('ref_axis',(0.,-1.,0.));
#4836=DIRECTION('',(0.,0.,1.));
#4837=DIRECTION('center_axis',(0.,-1.,0.));
#4838=DIRECTION('ref_axis',(1.,0.,0.));
#4839=DIRECTION('',(0.,0.,-1.));
#4840=DIRECTION('center_axis',(1.,0.,0.));
#4841=DIRECTION('ref_axis',(0.,1.,0.));
#4842=DIRECTION('',(0.,0.,-1.));
#4843=DIRECTION('center_axis',(0.,0.,1.));
#4844=DIRECTION('ref_axis',(-1.,0.,0.));
#4845=DIRECTION('center_axis',(0.,0.,1.));
#4846=DIRECTION('ref_axis',(-1.,0.,0.));
#4847=DIRECTION('',(0.,0.,1.));
#4848=DIRECTION('center_axis',(1.,0.,0.));
#4849=DIRECTION('ref_axis',(0.,1.,0.));
#4850=DIRECTION('center_axis',(1.,0.,0.));
#4851=DIRECTION('ref_axis',(0.,1.,0.));
#4852=DIRECTION('center_axis',(1.,0.,0.));
#4853=DIRECTION('ref_axis',(0.,1.,0.));
#4854=DIRECTION('',(0.,1.,0.));
#4855=DIRECTION('',(0.,0.,-1.));
#4856=DIRECTION('',(0.,-1.,0.));
#4857=DIRECTION('',(0.,0.,1.));
#4858=DIRECTION('center_axis',(-1.,0.,0.));
#4859=DIRECTION('ref_axis',(0.,-1.,0.));
#4860=DIRECTION('',(0.,-1.,0.));
#4861=DIRECTION('',(0.,0.,1.));
#4862=DIRECTION('',(0.,1.,0.));
#4863=DIRECTION('',(0.,0.,-1.));
#4864=DIRECTION('center_axis',(0.,-1.,0.));
#4865=DIRECTION('ref_axis',(1.,0.,0.));
#4866=DIRECTION('',(1.,0.,0.));
#4867=DIRECTION('',(-1.,0.,0.));
#4868=DIRECTION('',(0.,0.,1.));
#4869=DIRECTION('center_axis',(0.,1.,0.));
#4870=DIRECTION('ref_axis',(-1.,0.,0.));
#4871=DIRECTION('',(-1.,0.,0.));
#4872=DIRECTION('',(1.,0.,0.));
#4873=DIRECTION('center_axis',(0.,0.,1.));
#4874=DIRECTION('ref_axis',(1.,0.,0.));
#4875=DIRECTION('',(0.,-1.,0.));
#4876=DIRECTION('',(-1.,0.,0.));
#4877=DIRECTION('',(0.,1.,0.));
#4878=DIRECTION('',(1.,0.,0.));
#4879=DIRECTION('center_axis',(0.,0.,-1.));
#4880=DIRECTION('ref_axis',(1.,0.,0.));
#4881=DIRECTION('center_axis',(0.,0.,-1.));
#4882=DIRECTION('ref_axis',(1.,0.,0.));
#4883=DIRECTION('center_axis',(0.,0.,-1.));
#4884=DIRECTION('ref_axis',(1.,0.,0.));
#4885=DIRECTION('center_axis',(0.,0.,-1.));
#4886=DIRECTION('ref_axis',(1.,0.,0.));
#4887=DIRECTION('center_axis',(0.,1.,0.));
#4888=DIRECTION('ref_axis',(-0.707106781186561,0.,-0.707106781186534));
#4889=DIRECTION('center_axis',(0.,1.,0.));
#4890=DIRECTION('ref_axis',(0.,0.,-1.));
#4891=DIRECTION('',(0.,1.,0.));
#4892=DIRECTION('center_axis',(0.,-1.,0.));
#4893=DIRECTION('ref_axis',(-1.,0.,0.));
#4894=DIRECTION('center_axis',(-1.,0.,0.));
#4895=DIRECTION('ref_axis',(0.,-0.707106781186561,-0.707106781186534));
#4896=DIRECTION('center_axis',(-1.,0.,0.));
#4897=DIRECTION('ref_axis',(0.,0.,-1.));
#4898=DIRECTION('',(-1.,0.,0.));
#4899=DIRECTION('center_axis',(1.,0.,0.));
#4900=DIRECTION('ref_axis',(0.,-1.,0.));
#4901=DIRECTION('center_axis',(-0.816496580927725,0.408248290463863,0.408248290463866));
#4902=DIRECTION('ref_axis',(-0.577350269189626,-0.577350269189626,-0.577350269189626));
#4903=DIRECTION('center_axis',(0.,0.,-1.));
#4904=DIRECTION('ref_axis',(-0.707106781186548,-0.707106781186548,0.));
#4905=DIRECTION('center_axis',(0.,-1.,0.));
#4906=DIRECTION('ref_axis',(0.707106781186545,0.,-0.70710678118655));
#4907=DIRECTION('center_axis',(0.,-1.,0.));
#4908=DIRECTION('ref_axis',(0.,0.,-1.));
#4909=DIRECTION('',(0.,-1.,0.));
#4910=DIRECTION('center_axis',(0.,1.,0.));
#4911=DIRECTION('ref_axis',(1.,0.,0.));
#4912=DIRECTION('center_axis',(-0.816496580927726,-0.408248290463863,-0.408248290463863));
#4913=DIRECTION('ref_axis',(0.577350269189626,-0.577350269189626,-0.577350269189626));
#4914=DIRECTION('center_axis',(0.,0.,-1.));
#4915=DIRECTION('ref_axis',(0.707106781186533,-0.707106781186562,0.));
#4916=DIRECTION('center_axis',(1.,0.,0.));
#4917=DIRECTION('ref_axis',(0.,0.70710678118655,-0.707106781186545));
#4918=DIRECTION('center_axis',(1.,0.,0.));
#4919=DIRECTION('ref_axis',(0.,0.,-1.));
#4920=DIRECTION('',(1.,0.,0.));
#4921=DIRECTION('center_axis',(-1.,0.,0.));
#4922=DIRECTION('ref_axis',(0.,1.,0.));
#4923=DIRECTION('center_axis',(-0.40824829046386,-0.40824829046386,-0.816496580927729));
#4924=DIRECTION('ref_axis',(0.577350269189626,0.577350269189626,-0.577350269189626));
#4925=DIRECTION('center_axis',(0.,0.,-1.));
#4926=DIRECTION('ref_axis',(0.707106781186551,0.707106781186544,0.));
#4927=DIRECTION('center_axis',(0.408248290463882,-0.408248290463858,-0.816496580927719));
#4928=DIRECTION('ref_axis',(-0.577350269189643,0.577350269189607,-0.577350269189628));
#4929=DIRECTION('center_axis',(0.,0.,-1.));
#4930=DIRECTION('ref_axis',(-0.707106781186562,0.707106781186533,0.));
#4931=DIRECTION('center_axis',(0.,0.,1.));
#4932=DIRECTION('ref_axis',(0.707106781186532,-0.707106781186563,0.));
#4933=DIRECTION('',(0.,0.,1.));
#4934=DIRECTION('center_axis',(0.,0.,-1.));
#4935=DIRECTION('ref_axis',(1.,0.,0.));
#4936=DIRECTION('',(0.,0.,-1.));
#4937=DIRECTION('center_axis',(1.,0.,0.));
#4938=DIRECTION('ref_axis',(0.,1.,0.));
#4939=DIRECTION('',(0.,0.,-1.));
#4940=DIRECTION('',(0.,1.,0.));
#4941=DIRECTION('center_axis',(0.,0.,1.));
#4942=DIRECTION('ref_axis',(0.707106781186547,0.707106781186547,0.));
#4943=DIRECTION('',(0.,0.,1.));
#4944=DIRECTION('center_axis',(0.,0.,-1.));
#4945=DIRECTION('ref_axis',(0.,1.,0.));
#4946=DIRECTION('center_axis',(0.,1.,0.));
#4947=DIRECTION('ref_axis',(-1.,0.,0.));
#4948=DIRECTION('',(0.,0.,-1.));
#4949=DIRECTION('',(-1.,0.,0.));
#4950=DIRECTION('center_axis',(0.,1.,0.));
#4951=DIRECTION('ref_axis',(0.707106781186545,0.,0.70710678118655));
#4952=DIRECTION('center_axis',(0.,1.,0.));
#4953=DIRECTION('ref_axis',(0.,0.,1.));
#4954=DIRECTION('center_axis',(0.,-1.,0.));
#4955=DIRECTION('ref_axis',(1.,0.,0.));
#4956=DIRECTION('',(0.,-1.,0.));
#4957=DIRECTION('center_axis',(-0.816496580927726,-0.408248290463863,0.408248290463863));
#4958=DIRECTION('ref_axis',(0.577350269189626,-0.577350269189626,0.577350269189626));
#4959=DIRECTION('center_axis',(1.,0.,0.));
#4960=DIRECTION('ref_axis',(0.,-0.70710678118656,0.707106781186535));
#4961=DIRECTION('center_axis',(0.408248290463859,-0.816496580927729,0.408248290463862));
#4962=DIRECTION('ref_axis',(0.577350269189624,0.577350269189624,0.57735026918963));
#4963=DIRECTION('center_axis',(1.,0.,0.));
#4964=DIRECTION('ref_axis',(0.,0.707106781186547,0.707106781186548));
#4965=DIRECTION('center_axis',(1.,0.,0.));
#4966=DIRECTION('ref_axis',(0.,-0.707106781186561,0.707106781186534));
#4967=DIRECTION('',(-1.,0.,0.));
#4968=DIRECTION('center_axis',(1.,0.,0.));
#4969=DIRECTION('ref_axis',(0.,0.,1.));
#4970=DIRECTION('',(1.,0.,0.));
#4971=DIRECTION('center_axis',(0.,0.,1.));
#4972=DIRECTION('ref_axis',(1.,0.,0.));
#4973=DIRECTION('',(1.,0.,0.));
#4974=DIRECTION('',(0.,1.,0.));
#4975=DIRECTION('center_axis',(0.,0.,-1.));
#4976=DIRECTION('ref_axis',(1.,0.,0.));
#4977=DIRECTION('center_axis',(0.,0.,-1.));
#4978=DIRECTION('ref_axis',(1.,0.,0.));
#4979=DIRECTION('center_axis',(0.,0.,-1.));
#4980=DIRECTION('ref_axis',(1.,0.,0.));
#4981=DIRECTION('center_axis',(0.,0.,-1.));
#4982=DIRECTION('ref_axis',(1.,0.,0.));
#4983=DIRECTION('center_axis',(-1.,0.,0.));
#4984=DIRECTION('ref_axis',(0.,0.70710678118655,0.707106781186545));
#4985=DIRECTION('center_axis',(-1.,0.,0.));
#4986=DIRECTION('ref_axis',(0.,0.707106781186547,0.707106781186548));
#4987=DIRECTION('center_axis',(0.,0.,1.));
#4988=DIRECTION('ref_axis',(-0.707106781186547,-0.707106781186547,0.));
#4989=DIRECTION('',(0.,0.,1.));
#4990=DIRECTION('center_axis',(0.,0.,-1.));
#4991=DIRECTION('ref_axis',(0.,-1.,0.));
#4992=DIRECTION('',(0.,0.,-1.));
#4993=DIRECTION('center_axis',(-0.816496580927725,0.408248290463863,-0.408248290463866));
#4994=DIRECTION('ref_axis',(-0.577350269189626,-0.577350269189626,0.577350269189626));
#4995=DIRECTION('center_axis',(0.,-1.,0.));
#4996=DIRECTION('ref_axis',(-0.70710678118656,0.,0.707106781186535));
#4997=DIRECTION('center_axis',(-1.,0.,0.));
#4998=DIRECTION('ref_axis',(0.,-1.,0.));
#4999=DIRECTION('',(0.,-1.,0.));
#5000=DIRECTION('',(0.,0.,1.));
#5001=DIRECTION('center_axis',(0.,-1.,0.));
#5002=DIRECTION('ref_axis',(-0.707106781186561,0.,0.707106781186534));
#5003=DIRECTION('center_axis',(0.,-1.,0.));
#5004=DIRECTION('ref_axis',(0.,0.,1.));
#5005=DIRECTION('center_axis',(0.,0.,1.));
#5006=DIRECTION('ref_axis',(-0.707106781186568,0.707106781186527,0.));
#5007=DIRECTION('center_axis',(0.,0.,-1.));
#5008=DIRECTION('ref_axis',(-1.,0.,0.));
#5009=DIRECTION('center_axis',(-0.816496580927721,-0.408248290463872,-0.408248290463864));
#5010=DIRECTION('ref_axis',(-0.577350269189626,0.577350269189626,0.577350269189626));
#5011=DIRECTION('center_axis',(0.,0.,1.));
#5012=DIRECTION('ref_axis',(1.,0.,0.));
#5013=DIRECTION('',(0.,0.,1.));
#5014=DIRECTION('center_axis',(0.,0.,1.));
#5015=DIRECTION('ref_axis',(0.821171952476432,-0.570680842911381,0.));
#5016=DIRECTION('center_axis',(0.,0.,1.));
#5017=DIRECTION('ref_axis',(1.,0.,0.));
#5018=DIRECTION('',(0.,0.,1.));
#5019=DIRECTION('center_axis',(0.,0.,1.));
#5020=DIRECTION('ref_axis',(1.,0.,0.));
#5021=DIRECTION('',(0.,0.,1.));
#5022=DIRECTION('center_axis',(0.,-1.,0.));
#5023=DIRECTION('ref_axis',(1.,0.,0.));
#5024=DIRECTION('center_axis',(1.,0.,0.));
#5025=DIRECTION('ref_axis',(0.,1.,0.));
#5026=DIRECTION('',(0.,-1.,0.));
#5027=DIRECTION('',(0.,0.,1.));
#5028=DIRECTION('',(0.,1.,0.));
#5029=DIRECTION('',(0.,0.,1.));
#5030=DIRECTION('center_axis',(0.,-1.,0.));
#5031=DIRECTION('ref_axis',(1.,0.,0.));
#5032=DIRECTION('',(-1.,0.,0.));
#5033=DIRECTION('',(1.,0.,0.));
#5034=DIRECTION('',(0.,0.,1.));
#5035=DIRECTION('center_axis',(-1.,0.,0.));
#5036=DIRECTION('ref_axis',(0.,-1.,0.));
#5037=DIRECTION('',(0.,1.,0.));
#5038=DIRECTION('',(0.,-1.,0.));
#5039=DIRECTION('',(0.,0.,1.));
#5040=DIRECTION('center_axis',(0.,1.,0.));
#5041=DIRECTION('ref_axis',(-1.,0.,0.));
#5042=DIRECTION('',(1.,0.,0.));
#5043=DIRECTION('',(-1.,0.,0.));
#5044=DIRECTION('center_axis',(0.,0.,1.));
#5045=DIRECTION('ref_axis',(1.,0.,0.));
#5046=DIRECTION('center_axis',(0.,0.,1.));
#5047=DIRECTION('ref_axis',(-1.,0.,0.));
#5048=DIRECTION('',(0.,0.,1.));
#5049=DIRECTION('',(-1.,1.224646799147E-16,0.));
#5050=DIRECTION('',(0.,0.,1.));
#5051=DIRECTION('',(1.,0.,0.));
#5052=DIRECTION('',(0.,0.,1.));
#5053=DIRECTION('',(1.,0.,0.));
#5054=DIRECTION('',(0.,0.,1.));
#5055=DIRECTION('',(1.,0.,0.));
#5056=DIRECTION('',(0.,0.,1.));
#5057=DIRECTION('',(1.,0.,0.));
#5058=DIRECTION('',(0.,0.,1.));
#5059=DIRECTION('',(1.,0.,0.));
#5060=DIRECTION('',(0.,0.,1.));
#5061=DIRECTION('',(1.,0.,0.));
#5062=DIRECTION('',(0.,0.,1.));
#5063=DIRECTION('',(1.,0.,0.));
#5064=DIRECTION('',(0.,0.,1.));
#5065=DIRECTION('',(1.,0.,0.));
#5066=CARTESIAN_POINT('',(0.,0.,0.));
#5067=CARTESIAN_POINT('',(0.,0.,0.));
#5068=CARTESIAN_POINT('',(0.,0.,0.));
#5069=CARTESIAN_POINT('',(0.,0.,0.));
#5070=CARTESIAN_POINT('',(0.,0.,0.));
#5071=CARTESIAN_POINT('Origin',(-172.999997437,-93.0000007897615,20.));
#5072=CARTESIAN_POINT('',(-190.999997705221,-93.0000007897615,23.));
#5073=CARTESIAN_POINT('',(-172.999997437,-93.0000007897615,23.));
#5074=CARTESIAN_POINT('',(-181.129995019874,-93.0000007897615,23.));
#5075=CARTESIAN_POINT('',(-190.999997705221,-93.0000007897615,20.));
#5076=CARTESIAN_POINT('',(-190.999997705221,-93.0000007897615,20.));
#5077=CARTESIAN_POINT('',(-172.999997437,-93.0000007897615,20.));
#5078=CARTESIAN_POINT('',(-181.129995019874,-93.0000007897615,20.));
#5079=CARTESIAN_POINT('',(-172.999997437,-93.0000007897615,20.));
#5080=CARTESIAN_POINT('Origin',(-190.999997705221,-93.0000007897615,20.));
#5081=CARTESIAN_POINT('',(-190.999997705221,-108.000001013279,23.));
#5082=CARTESIAN_POINT('',(-190.999997705221,-111.385002526804,23.));
#5083=CARTESIAN_POINT('',(-190.999997705221,-108.000001013279,20.));
#5084=CARTESIAN_POINT('',(-190.999997705221,-108.000001013279,20.));
#5085=CARTESIAN_POINT('',(-190.999997705221,-111.385002526804,20.));
#5086=CARTESIAN_POINT('Origin',(-190.999997705221,-108.000001013279,20.));
#5087=CARTESIAN_POINT('',(-172.999997437,-108.000001013279,23.));
#5088=CARTESIAN_POINT('',(-190.129995153984,-108.000001013279,23.));
#5089=CARTESIAN_POINT('',(-172.999997437,-108.000001013279,20.));
#5090=CARTESIAN_POINT('',(-172.999997437,-108.000001013279,20.));
#5091=CARTESIAN_POINT('',(-190.129995153984,-108.000001013279,20.));
#5092=CARTESIAN_POINT('Origin',(-172.999997437,-108.000001013279,20.));
#5093=CARTESIAN_POINT('',(-172.999997437,-118.885002638563,23.));
#5094=CARTESIAN_POINT('',(-172.999997437,-118.885002638563,20.));
#5095=CARTESIAN_POINT('Origin',(-231.999998316169,-105.000000968575,20.));
#5096=CARTESIAN_POINT('',(-192.999997735023,-105.000000968575,23.));
#5097=CARTESIAN_POINT('',(-231.999998316169,-105.000000968575,23.));
#5098=CARTESIAN_POINT('',(-210.629995459458,-105.000000968575,23.));
#5099=CARTESIAN_POINT('',(-192.999997735023,-105.000000968575,20.));
#5100=CARTESIAN_POINT('',(-192.999997735023,-105.000000968575,20.));
#5101=CARTESIAN_POINT('',(-231.999998316169,-105.000000968575,20.));
#5102=CARTESIAN_POINT('',(-210.629995459458,-105.000000968575,20.));
#5103=CARTESIAN_POINT('',(-231.999998316169,-105.000000968575,20.));
#5104=CARTESIAN_POINT('Origin',(-192.999997735023,-105.000000968575,20.));
#5105=CARTESIAN_POINT('',(-192.999997735023,-95.0000008195639,23.));
#5106=CARTESIAN_POINT('',(-192.999997735023,-117.385002616211,23.));
#5107=CARTESIAN_POINT('',(-192.999997735023,-95.0000008195639,20.));
#5108=CARTESIAN_POINT('',(-192.999997735023,-95.0000008195639,20.));
#5109=CARTESIAN_POINT('',(-192.999997735023,-117.385002616211,20.));
#5110=CARTESIAN_POINT('Origin',(-192.999997735023,-95.0000008195639,20.));
#5111=CARTESIAN_POINT('',(-231.999998316169,-95.0000008195639,23.));
#5112=CARTESIAN_POINT('',(-191.129995168885,-95.0000008195639,23.));
#5113=CARTESIAN_POINT('',(-231.999998316169,-95.0000008195639,20.));
#5114=CARTESIAN_POINT('',(-231.999998316169,-95.0000008195639,20.));
#5115=CARTESIAN_POINT('',(-191.129995168885,-95.0000008195639,20.));
#5116=CARTESIAN_POINT('Origin',(-231.999998316169,-95.0000008195639,20.));
#5117=CARTESIAN_POINT('',(-231.999998316169,-112.385002541705,23.));
#5118=CARTESIAN_POINT('',(-231.999998316169,-112.385002541705,20.));
#5119=CARTESIAN_POINT('Origin',(-229.592005151646,-160.800057756497,20.));
#5120=CARTESIAN_POINT('',(-173.489285538905,-160.800057756497,23.));
#5121=CARTESIAN_POINT('',(-229.592005151646,-160.800057756497,23.));
#5122=CARTESIAN_POINT('',(-209.425998877196,-160.800057756497,23.));
#5123=CARTESIAN_POINT('',(-173.489285538905,-160.800057756497,20.));
#5124=CARTESIAN_POINT('',(-173.489285538905,-160.800057756497,20.));
#5125=CARTESIAN_POINT('',(-229.592005151646,-160.800057756497,20.));
#5126=CARTESIAN_POINT('',(-209.425998877196,-160.800057756497,20.));
#5127=CARTESIAN_POINT('',(-229.592005151646,-160.800057756497,20.));
#5128=CARTESIAN_POINT('Origin',(-173.489285538905,-160.800057756497,20.));
#5129=CARTESIAN_POINT('',(-173.489285538905,-111.285219569273,23.));
#5130=CARTESIAN_POINT('',(-173.489285538905,-145.285031010171,23.));
#5131=CARTESIAN_POINT('',(-173.489285538905,-111.285219569273,20.));
#5132=CARTESIAN_POINT('',(-173.489285538905,-111.285219569273,20.));
#5133=CARTESIAN_POINT('',(-173.489285538905,-145.285031010171,20.));
#5134=CARTESIAN_POINT('Origin',(-173.489285538905,-111.285219569273,20.));
#5135=CARTESIAN_POINT('',(-229.592005151646,-111.285219569273,23.));
#5136=CARTESIAN_POINT('',(-181.374639070826,-111.285219569273,23.));
#5137=CARTESIAN_POINT('',(-229.592005151646,-111.285219569273,20.));
#5138=CARTESIAN_POINT('',(-229.592005151646,-111.285219569273,20.));
#5139=CARTESIAN_POINT('',(-181.374639070826,-111.285219569273,20.));
#5140=CARTESIAN_POINT('Origin',(-229.592005151646,-111.285219569273,20.));
#5141=CARTESIAN_POINT('',(-229.592005151646,-120.52761191656,23.));
#5142=CARTESIAN_POINT('',(-229.592005151646,-120.52761191656,20.));
#5143=CARTESIAN_POINT('Origin',(-213.500003181398,-92.0000013709068,24.));
#5144=CARTESIAN_POINT('',(-227.000003382564,-94.0000014007092,24.));
#5145=CARTESIAN_POINT('',(-200.000002980232,-94.0000014007092,24.));
#5146=CARTESIAN_POINT('',(-200.000002980232,-94.0000014007092,24.));
#5147=CARTESIAN_POINT('',(-200.000002980232,-90.0000013411045,24.));
#5148=CARTESIAN_POINT('',(-200.000002980232,-90.0000013411045,24.));
#5149=CARTESIAN_POINT('',(-227.000003382564,-90.0000013411045,24.));
#5150=CARTESIAN_POINT('',(-227.000003382564,-90.0000013411045,24.));
#5151=CARTESIAN_POINT('',(-227.000003382564,-94.0000014007092,24.));
#5152=CARTESIAN_POINT('Origin',(-227.000003382564,-94.0000014007092,23.));
#5153=CARTESIAN_POINT('',(-200.000002980232,-94.0000014007092,23.));
#5154=CARTESIAN_POINT('',(-227.000003382564,-94.0000014007092,23.));
#5155=CARTESIAN_POINT('',(-208.129997992655,-94.0000014007092,23.));
#5156=CARTESIAN_POINT('',(-200.000002980232,-94.0000014007092,23.));
#5157=CARTESIAN_POINT('',(-227.000003382564,-94.0000014007092,23.));
#5158=CARTESIAN_POINT('Origin',(-200.000002980232,-94.0000014007092,23.));
#5159=CARTESIAN_POINT('',(-200.000002980232,-90.0000013411045,23.));
#5160=CARTESIAN_POINT('',(-200.000002980232,-111.885002832278,23.));
#5161=CARTESIAN_POINT('',(-200.000002980232,-90.0000013411045,23.));
#5162=CARTESIAN_POINT('Origin',(-200.000002980232,-90.0000013411045,23.));
#5163=CARTESIAN_POINT('',(-227.000003382564,-90.0000013411045,23.));
#5164=CARTESIAN_POINT('',(-194.62999779149,-90.0000013411045,23.));
#5165=CARTESIAN_POINT('',(-227.000003382564,-90.0000013411045,23.));
#5166=CARTESIAN_POINT('Origin',(-227.000003382564,-90.0000013411045,23.));
#5167=CARTESIAN_POINT('',(-227.000003382564,-109.885002802475,23.));
#5168=CARTESIAN_POINT('Origin',(-189.259992602747,-129.770004263846,20.));
#5169=CARTESIAN_POINT('',(-240.828905028145,-85.8810922032285,20.));
#5170=CARTESIAN_POINT('',(-240.828905028145,-173.658916324464,20.));
#5171=CARTESIAN_POINT('',(-240.828905028145,-107.225548233537,20.));
#5172=CARTESIAN_POINT('',(-137.691080177349,-85.8810922032285,20.));
#5173=CARTESIAN_POINT('',(-162.875536390048,-85.8810922032285,20.));
#5174=CARTESIAN_POINT('',(-137.691080177349,-173.658916324464,20.));
#5175=CARTESIAN_POINT('',(-137.691080177349,-152.314460294155,20.));
#5176=CARTESIAN_POINT('',(-215.644448815446,-173.658916324464,20.));
#5177=CARTESIAN_POINT('',(-240.684607779534,-170.81107309181,20.));
#5178=CARTESIAN_POINT('Origin',(-239.746907779534,-170.81107309181,20.));
#5179=CARTESIAN_POINT('',(-141.226417735525,-170.81107309181,20.));
#5180=CARTESIAN_POINT('Origin',(-140.288717735525,-170.81107309181,20.));
#5181=CARTESIAN_POINT('',(-141.333309243221,-88.1185545551776,20.));
#5182=CARTESIAN_POINT('Origin',(-140.395609243221,-88.1185545551776,20.));
#5183=CARTESIAN_POINT('',(-240.684607779534,-88.1185545551776,20.));
#5184=CARTESIAN_POINT('Origin',(-239.746907779534,-88.1185545551776,20.));
#5185=CARTESIAN_POINT('Origin',(-240.828905028145,-107.225548233537,21.2));
#5186=CARTESIAN_POINT('',(-242.028905028145,-173.658916324464,21.2));
#5187=CARTESIAN_POINT('Origin',(-240.828905028145,-173.658916324464,21.2));
#5188=CARTESIAN_POINT('',(-242.028905028145,-85.8810922032285,21.2));
#5189=CARTESIAN_POINT('',(-242.028905028145,-107.225548233537,21.2));
#5190=CARTESIAN_POINT('Origin',(-240.828905028145,-85.8810922032285,21.2));
#5191=CARTESIAN_POINT('Origin',(-215.644448815446,-173.658916324464,21.2));
#5192=CARTESIAN_POINT('',(-137.691080177349,-174.858916324464,21.2));
#5193=CARTESIAN_POINT('Origin',(-137.691080177349,-173.658916324464,21.2));
#5194=CARTESIAN_POINT('',(-240.828905028145,-174.858916324464,21.2));
#5195=CARTESIAN_POINT('',(-215.644448815446,-174.858916324464,21.2));
#5196=CARTESIAN_POINT('Origin',(-240.828905028145,-173.658916324464,21.2));
#5197=CARTESIAN_POINT('Origin',(-240.828905028145,-173.658916324464,21.2));
#5198=CARTESIAN_POINT('Origin',(-240.828905028145,-173.658916324464,21.2));
#5199=CARTESIAN_POINT('Origin',(-137.691080177349,-152.314460294155,21.2));
#5200=CARTESIAN_POINT('',(-136.491080177349,-85.8810922032285,21.2));
#5201=CARTESIAN_POINT('Origin',(-137.691080177349,-85.8810922032285,21.2));
#5202=CARTESIAN_POINT('',(-136.491080177349,-173.658916324464,21.2));
#5203=CARTESIAN_POINT('',(-136.491080177349,-152.314460294155,21.2));
#5204=CARTESIAN_POINT('Origin',(-137.691080177349,-173.658916324464,21.2));
#5205=CARTESIAN_POINT('Origin',(-137.691080177349,-173.658916324464,21.2));
#5206=CARTESIAN_POINT('Origin',(-137.691080177349,-173.658916324464,21.2));
#5207=CARTESIAN_POINT('Origin',(-162.875536390048,-85.8810922032285,21.2));
#5208=CARTESIAN_POINT('',(-240.828905028145,-84.6810922032286,21.2));
#5209=CARTESIAN_POINT('Origin',(-240.828905028145,-85.8810922032285,21.2));
#5210=CARTESIAN_POINT('',(-137.691080177349,-84.6810922032286,21.2));
#5211=CARTESIAN_POINT('',(-162.875536390048,-84.6810922032286,21.2));
#5212=CARTESIAN_POINT('Origin',(-137.691080177349,-85.8810922032285,21.2));
#5213=CARTESIAN_POINT('Origin',(-137.691080177349,-85.8810922032285,21.2));
#5214=CARTESIAN_POINT('Origin',(-137.691080177349,-85.8810922032285,21.2));
#5215=CARTESIAN_POINT('Origin',(-240.828905028145,-85.8810922032285,21.2));
#5216=CARTESIAN_POINT('Origin',(-240.828905028145,-85.8810922032285,21.2));
#5217=CARTESIAN_POINT('Origin',(-137.691080177349,-173.658916324464,20.));
#5218=CARTESIAN_POINT('',(-136.491080177349,-173.658916324464,21.8));
#5219=CARTESIAN_POINT('',(-136.491080177349,-173.658916324464,20.));
#5220=CARTESIAN_POINT('',(-137.691080177349,-174.858916324464,21.8));
#5221=CARTESIAN_POINT('Origin',(-137.691080177349,-173.658916324464,21.8));
#5222=CARTESIAN_POINT('',(-137.691080177349,-174.858916324464,20.));
#5223=CARTESIAN_POINT('Origin',(-136.491080177349,-174.858916324464,20.));
#5224=CARTESIAN_POINT('',(-136.491080177349,-85.8810922032285,21.8));
#5225=CARTESIAN_POINT('',(-136.491080177349,-85.8810922032285,20.));
#5226=CARTESIAN_POINT('',(-136.491080177349,-152.314460294155,21.8));
#5227=CARTESIAN_POINT('Origin',(-137.691080177349,-85.8810922032285,20.));
#5228=CARTESIAN_POINT('',(-137.691080177349,-84.6810922032286,21.8));
#5229=CARTESIAN_POINT('',(-137.691080177349,-84.6810922032286,20.));
#5230=CARTESIAN_POINT('Origin',(-137.691080177349,-85.8810922032285,21.8));
#5231=CARTESIAN_POINT('Origin',(-136.491080177349,-84.6810922032286,20.));
#5232=CARTESIAN_POINT('',(-240.828905028145,-84.6810922032286,21.8));
#5233=CARTESIAN_POINT('',(-240.828905028145,-84.6810922032286,20.));
#5234=CARTESIAN_POINT('',(-162.875536390048,-84.6810922032286,21.8));
#5235=CARTESIAN_POINT('Origin',(-137.691080177349,-152.314460294155,21.8));
#5236=CARTESIAN_POINT('',(-137.691080177349,-173.658916324464,23.));
#5237=CARTESIAN_POINT('Origin',(-137.691080177349,-173.658916324464,21.8));
#5238=CARTESIAN_POINT('',(-137.691080177349,-85.8810922032285,23.));
#5239=CARTESIAN_POINT('Origin',(-137.691080177349,-85.8810922032285,21.8));
#5240=CARTESIAN_POINT('',(-137.691080177349,-152.314460294155,23.));
#5241=CARTESIAN_POINT('Origin',(-137.691080177349,-173.658916324464,21.8));
#5242=CARTESIAN_POINT('Origin',(-137.691080177349,-173.658916324464,21.8));
#5243=CARTESIAN_POINT('Origin',(-137.691080177349,-85.8810922032285,21.8));
#5244=CARTESIAN_POINT('Origin',(-137.691080177349,-85.8810922032285,21.8));
#5245=CARTESIAN_POINT('Origin',(-215.644448815446,-173.658916324464,21.8));
#5246=CARTESIAN_POINT('',(-240.828905028145,-173.658916324464,23.));
#5247=CARTESIAN_POINT('',(-215.644448815446,-173.658916324464,23.));
#5248=CARTESIAN_POINT('',(-240.828905028145,-174.858916324464,21.8));
#5249=CARTESIAN_POINT('Origin',(-240.828905028145,-173.658916324464,21.8));
#5250=CARTESIAN_POINT('',(-215.644448815446,-174.858916324464,21.8));
#5251=CARTESIAN_POINT('Origin',(-189.259992602747,-129.770004263846,23.));
#5252=CARTESIAN_POINT('',(-240.828905028145,-85.8810922032285,23.));
#5253=CARTESIAN_POINT('',(-162.875536390048,-85.8810922032285,23.));
#5254=CARTESIAN_POINT('',(-240.828905028145,-107.225548233537,23.));
#5255=CARTESIAN_POINT('',(-141.226417735525,-170.81107309181,23.));
#5256=CARTESIAN_POINT('Origin',(-140.288717735525,-170.81107309181,23.));
#5257=CARTESIAN_POINT('',(-240.684607779534,-88.1185545551776,23.));
#5258=CARTESIAN_POINT('Origin',(-239.746907779534,-88.1185545551776,23.));
#5259=CARTESIAN_POINT('',(-141.333309243221,-88.1185545551776,23.));
#5260=CARTESIAN_POINT('Origin',(-140.395609243221,-88.1185545551776,23.));
#5261=CARTESIAN_POINT('',(-240.684607779534,-170.81107309181,23.));
#5262=CARTESIAN_POINT('Origin',(-239.746907779534,-170.81107309181,23.));
#5263=CARTESIAN_POINT('Origin',(-162.875536390048,-85.8810922032285,21.8));
#5264=CARTESIAN_POINT('Origin',(-240.828905028145,-85.8810922032285,21.8));
#5265=CARTESIAN_POINT('Origin',(-240.828905028145,-173.658916324464,20.));
#5266=CARTESIAN_POINT('',(-240.828905028145,-174.858916324464,20.));
#5267=CARTESIAN_POINT('',(-242.028905028145,-173.658916324464,21.8));
#5268=CARTESIAN_POINT('Origin',(-240.828905028145,-173.658916324464,21.8));
#5269=CARTESIAN_POINT('',(-242.028905028145,-173.658916324464,20.));
#5270=CARTESIAN_POINT('Origin',(-240.828905028145,-173.658916324464,21.8));
#5271=CARTESIAN_POINT('Origin',(-240.828905028145,-173.658916324464,21.8));
#5272=CARTESIAN_POINT('Origin',(-242.028905028145,-84.6810922032286,20.));
#5273=CARTESIAN_POINT('',(-242.028905028145,-85.8810922032285,21.8));
#5274=CARTESIAN_POINT('',(-242.028905028145,-107.225548233537,21.8));
#5275=CARTESIAN_POINT('',(-242.028905028145,-85.8810922032285,20.));
#5276=CARTESIAN_POINT('Origin',(-240.828905028145,-107.225548233537,21.8));
#5277=CARTESIAN_POINT('Origin',(-240.828905028145,-85.8810922032285,21.8));
#5278=CARTESIAN_POINT('Origin',(-240.828905028145,-85.8810922032285,20.));
#5279=CARTESIAN_POINT('Origin',(-240.828905028145,-85.8810922032285,21.8));
#5280=CARTESIAN_POINT('Origin',(-240.828905028145,-85.8810922032285,21.8));
#5281=CARTESIAN_POINT('Origin',(-239.746907779534,-170.81107309181,20.));
#5282=CARTESIAN_POINT('',(-240.684607779534,-170.81107309181,20.));
#5283=CARTESIAN_POINT('Origin',(-140.288717735525,-170.81107309181,20.));
#5284=CARTESIAN_POINT('',(-141.226417735525,-170.81107309181,20.));
#5285=CARTESIAN_POINT('Origin',(-140.395609243221,-88.1185545551776,20.));
#5286=CARTESIAN_POINT('',(-141.333309243221,-88.1185545551776,20.));
#5287=CARTESIAN_POINT('Origin',(-239.746907779534,-88.1185545551776,20.));
#5288=CARTESIAN_POINT('',(-240.684607779534,-88.1185545551776,20.));
#5289=CARTESIAN_POINT('Origin',(-242.028905028145,-174.858916324464,20.));
#5290=CARTESIAN_POINT('',(0.,0.,0.));
#5291=CARTESIAN_POINT('Origin',(9.96342544845256E-16,0.,-0.333300000000246));
#5292=CARTESIAN_POINT('',(1.7968,-2.20044536870796E-16,-2.40334678085418E-13));
#5293=CARTESIAN_POINT('Origin',(-6.17844127191073E-20,0.,-2.45706233137355E-13));
#5294=CARTESIAN_POINT('',(1.4635,1.79227059055215E-16,-0.333300000000242));
#5295=CARTESIAN_POINT('Origin',(1.7968,-2.20044536870796E-16,-0.333300000000241));
#5296=CARTESIAN_POINT('Origin',(9.96342544845256E-16,0.,-0.333300000000246));
#5297=CARTESIAN_POINT('Origin',(-1.50000000000009,0.,-2.50227189396306E-13));
#5298=CARTESIAN_POINT('',(3.44999999999993,-4.22503145705829E-16,-5.54695178678344E-13));
#5299=CARTESIAN_POINT('Origin',(-6.17844117606413E-20,0.,-5.65242297412283E-13));
#5300=CARTESIAN_POINT('Origin',(2.98950576052651E-14,0.,-10.0000000000001));
#5301=CARTESIAN_POINT('',(1.46350000000006,1.79227059055215E-16,-19.7538502839854));
#5302=CARTESIAN_POINT('Origin',(5.90543094801438E-14,0.,-19.7538502839854));
#5303=CARTESIAN_POINT('',(1.46350000000003,-1.79227059055215E-16,-10.0000000000001));
#5304=CARTESIAN_POINT('Origin',(5.93316979702029E-14,0.,-19.8466375));
#5305=CARTESIAN_POINT('',(1.19327500000006,-1.46134040925255E-16,-20.));
#5306=CARTESIAN_POINT('',(1.36163750000006,-1.667525005974E-16,-19.8466375));
#5307=CARTESIAN_POINT('Origin',(5.97901769949429E-14,0.,-20.));
#5308=CARTESIAN_POINT('Origin',(1.38777878078145E-16,-1.15470053837925,
0.61));
#5309=CARTESIAN_POINT('',(1.38777878078145E-16,-1.15470053837925,0.61));
#5310=CARTESIAN_POINT('',(-2.77374261248925E-16,0.,0.522511336474076));
#5311=CARTESIAN_POINT('',(0.,-0.867673141868932,0.588252678957559));
#5312=CARTESIAN_POINT('',(1.,-0.577350269189626,0.61));
#5313=CARTESIAN_POINT('',(1.29579104005476E-16,-1.15470053837925,0.61));
#5314=CARTESIAN_POINT('',(0.751426983039954,-0.433836570934466,0.588252678957559));
#5315=CARTESIAN_POINT('Origin',(1.,-0.577350269189626,0.61));
#5316=CARTESIAN_POINT('',(1.,0.577350269189626,0.61));
#5317=CARTESIAN_POINT('',(1.,-0.577350269189626,0.61));
#5318=CARTESIAN_POINT('',(0.751426983039954,0.433836570934466,0.588252678957559));
#5319=CARTESIAN_POINT('Origin',(1.,0.577350269189626,0.61));
#5320=CARTESIAN_POINT('',(0.,1.15470053837925,0.61));
#5321=CARTESIAN_POINT('',(1.,0.577350269189626,0.61));
#5322=CARTESIAN_POINT('',(1.38777878078145E-16,0.867673141868932,0.588252678957559));
#5323=CARTESIAN_POINT('Origin',(0.,1.15470053837925,0.61));
#5324=CARTESIAN_POINT('',(-1.,0.577350269189626,0.61));
#5325=CARTESIAN_POINT('',(0.,1.15470053837925,0.61));
#5326=CARTESIAN_POINT('',(-0.751426983039954,0.433836570934466,0.588252678957559));
#5327=CARTESIAN_POINT('Origin',(-1.,0.577350269189626,0.61));
#5328=CARTESIAN_POINT('',(-1.,-0.577350269189626,0.61));
#5329=CARTESIAN_POINT('',(-1.,0.577350269189626,0.61));
#5330=CARTESIAN_POINT('',(-0.751426983039954,-0.433836570934466,0.588252678957559));
#5331=CARTESIAN_POINT('Origin',(-1.,-0.577350269189626,0.61));
#5332=CARTESIAN_POINT('',(-1.,-0.577350269189626,0.61));
#5333=CARTESIAN_POINT('Origin',(1.,-0.577350269189626,1.65));
#5334=CARTESIAN_POINT('',(1.,-0.577350269189626,1.65));
#5335=CARTESIAN_POINT('',(1.38777878078145E-16,-1.15470053837925,1.65));
#5336=CARTESIAN_POINT('',(0.262500000000024,-1.00314609271696,1.64999999999967));
#5337=CARTESIAN_POINT('',(1.,-0.577350269189626,1.65));
#5338=CARTESIAN_POINT('',(1.38777878078145E-16,-1.15470053837925,1.65));
#5339=CARTESIAN_POINT('Origin',(1.,0.577350269189626,1.65));
#5340=CARTESIAN_POINT('',(1.,0.577350269189626,1.65));
#5341=CARTESIAN_POINT('',(1.,0.288675134594813,1.64999999999967));
#5342=CARTESIAN_POINT('',(1.,0.577350269189626,1.65));
#5343=CARTESIAN_POINT('Origin',(0.,1.15470053837925,1.65));
#5344=CARTESIAN_POINT('',(0.,1.15470053837925,1.65));
#5345=CARTESIAN_POINT('',(-0.237499999999976,1.29182122731177,1.64999999999967));
#5346=CARTESIAN_POINT('',(0.,1.15470053837925,1.65));
#5347=CARTESIAN_POINT('Origin',(-1.,0.577350269189626,1.65));
#5348=CARTESIAN_POINT('',(-1.,0.577350269189626,1.65));
#5349=CARTESIAN_POINT('',(-1.23749999999998,0.440229580257104,1.64999999999967));
#5350=CARTESIAN_POINT('',(-1.,0.577350269189626,1.65));
#5351=CARTESIAN_POINT('Origin',(-1.,-0.577350269189626,1.65));
#5352=CARTESIAN_POINT('',(-1.,-0.577350269189626,1.65));
#5353=CARTESIAN_POINT('',(-1.,-0.288675134594813,1.64999999999967));
#5354=CARTESIAN_POINT('',(-1.,-0.577350269189626,1.65));
#5355=CARTESIAN_POINT('Origin',(1.38777878078145E-16,-1.15470053837925,
1.65));
#5356=CARTESIAN_POINT('',(-0.737499999999976,-0.728904714851917,1.64999999999967));
#5357=CARTESIAN_POINT('Origin',(-3.44999999999994,0.,0.699999999999667));
#5358=CARTESIAN_POINT('',(3.44999999999993,-4.22503145705829E-16,0.699999999999689));
#5359=CARTESIAN_POINT('Origin',(-2.09272014168996E-15,0.,0.699999999999677));
#5360=CARTESIAN_POINT('',(-2.59999999999994,0.,0.699999999999667));
#5361=CARTESIAN_POINT('Origin',(-2.09272014168995E-15,0.,0.699999999999675));
#5362=CARTESIAN_POINT('Origin',(-1.04639096305086E-15,0.,0.349999999999556));
#5363=CARTESIAN_POINT('',(3.44999999999993,-4.22503145705829E-16,0.349999999999567));
#5364=CARTESIAN_POINT('Origin',(5.96744875736022E-14,0.,-20.));
#5365=CARTESIAN_POINT('Origin',(-1.29999999999994,0.,1.64999999999967));
#5366=CARTESIAN_POINT('',(-1.29999999999994,0.,1.64999999999967));
#5367=CARTESIAN_POINT('Origin',(-4.93275648370937E-15,0.,1.64999999999967));
#5368=CARTESIAN_POINT('Origin',(6.38378239159465E-15,0.,-1.49342105263184));
#5369=CARTESIAN_POINT('Origin',(6.38378239159465E-15,0.,-1.49342105263184));
#5370=CARTESIAN_POINT('Origin',(-172.999997437,-93.0000007897615,20.));
#5371=CARTESIAN_POINT('',(-190.999997705221,-93.0000007897615,23.));
#5372=CARTESIAN_POINT('',(-172.999997437,-93.0000007897615,23.));
#5373=CARTESIAN_POINT('',(-181.129995019874,-93.0000007897615,23.));
#5374=CARTESIAN_POINT('',(-190.999997705221,-93.0000007897615,20.));
#5375=CARTESIAN_POINT('',(-190.999997705221,-93.0000007897615,20.));
#5376=CARTESIAN_POINT('',(-172.999997437,-93.0000007897615,20.));
#5377=CARTESIAN_POINT('',(-181.129995019874,-93.0000007897615,20.));
#5378=CARTESIAN_POINT('',(-172.999997437,-93.0000007897615,20.));
#5379=CARTESIAN_POINT('Origin',(-190.999997705221,-93.0000007897615,20.));
#5380=CARTESIAN_POINT('',(-190.999997705221,-108.000001013279,23.));
#5381=CARTESIAN_POINT('',(-190.999997705221,-111.385002526804,23.));
#5382=CARTESIAN_POINT('',(-190.999997705221,-108.000001013279,20.));
#5383=CARTESIAN_POINT('',(-190.999997705221,-108.000001013279,20.));
#5384=CARTESIAN_POINT('',(-190.999997705221,-111.385002526804,20.));
#5385=CARTESIAN_POINT('Origin',(-190.999997705221,-108.000001013279,20.));
#5386=CARTESIAN_POINT('',(-172.999997437,-108.000001013279,23.));
#5387=CARTESIAN_POINT('',(-190.129995153984,-108.000001013279,23.));
#5388=CARTESIAN_POINT('',(-172.999997437,-108.000001013279,20.));
#5389=CARTESIAN_POINT('',(-172.999997437,-108.000001013279,20.));
#5390=CARTESIAN_POINT('',(-190.129995153984,-108.000001013279,20.));
#5391=CARTESIAN_POINT('Origin',(-172.999997437,-108.000001013279,20.));
#5392=CARTESIAN_POINT('',(-172.999997437,-118.885002638563,23.));
#5393=CARTESIAN_POINT('',(-172.999997437,-118.885002638563,20.));
#5394=CARTESIAN_POINT('Origin',(-231.999998316169,-105.000000968575,20.));
#5395=CARTESIAN_POINT('',(-192.999997735023,-105.000000968575,23.));
#5396=CARTESIAN_POINT('',(-231.999998316169,-105.000000968575,23.));
#5397=CARTESIAN_POINT('',(-210.629995459458,-105.000000968575,23.));
#5398=CARTESIAN_POINT('',(-192.999997735023,-105.000000968575,20.));
#5399=CARTESIAN_POINT('',(-192.999997735023,-105.000000968575,20.));
#5400=CARTESIAN_POINT('',(-231.999998316169,-105.000000968575,20.));
#5401=CARTESIAN_POINT('',(-210.629995459458,-105.000000968575,20.));
#5402=CARTESIAN_POINT('',(-231.999998316169,-105.000000968575,20.));
#5403=CARTESIAN_POINT('Origin',(-192.999997735023,-105.000000968575,20.));
#5404=CARTESIAN_POINT('',(-192.999997735023,-95.0000008195639,23.));
#5405=CARTESIAN_POINT('',(-192.999997735023,-117.385002616211,23.));
#5406=CARTESIAN_POINT('',(-192.999997735023,-95.0000008195639,20.));
#5407=CARTESIAN_POINT('',(-192.999997735023,-95.0000008195639,20.));
#5408=CARTESIAN_POINT('',(-192.999997735023,-117.385002616211,20.));
#5409=CARTESIAN_POINT('Origin',(-192.999997735023,-95.0000008195639,20.));
#5410=CARTESIAN_POINT('',(-231.999998316169,-95.0000008195639,23.));
#5411=CARTESIAN_POINT('',(-191.129995168885,-95.0000008195639,23.));
#5412=CARTESIAN_POINT('',(-231.999998316169,-95.0000008195639,20.));
#5413=CARTESIAN_POINT('',(-231.999998316169,-95.0000008195639,20.));
#5414=CARTESIAN_POINT('',(-191.129995168885,-95.0000008195639,20.));
#5415=CARTESIAN_POINT('Origin',(-231.999998316169,-95.0000008195639,20.));
#5416=CARTESIAN_POINT('',(-231.999998316169,-112.385002541705,23.));
#5417=CARTESIAN_POINT('',(-231.999998316169,-112.385002541705,20.));
#5418=CARTESIAN_POINT('Origin',(-229.592005151646,-160.800057756497,20.));
#5419=CARTESIAN_POINT('',(-173.489285538905,-160.800057756497,23.));
#5420=CARTESIAN_POINT('',(-229.592005151646,-160.800057756497,23.));
#5421=CARTESIAN_POINT('',(-209.425998877196,-160.800057756497,23.));
#5422=CARTESIAN_POINT('',(-173.489285538905,-160.800057756497,20.));
#5423=CARTESIAN_POINT('',(-173.489285538905,-160.800057756497,20.));
#5424=CARTESIAN_POINT('',(-229.592005151646,-160.800057756497,20.));
#5425=CARTESIAN_POINT('',(-209.425998877196,-160.800057756497,20.));
#5426=CARTESIAN_POINT('',(-229.592005151646,-160.800057756497,20.));
#5427=CARTESIAN_POINT('Origin',(-173.489285538905,-160.800057756497,20.));
#5428=CARTESIAN_POINT('',(-173.489285538905,-111.285219569273,23.));
#5429=CARTESIAN_POINT('',(-173.489285538905,-145.285031010171,23.));
#5430=CARTESIAN_POINT('',(-173.489285538905,-111.285219569273,20.));
#5431=CARTESIAN_POINT('',(-173.489285538905,-111.285219569273,20.));
#5432=CARTESIAN_POINT('',(-173.489285538905,-145.285031010171,20.));
#5433=CARTESIAN_POINT('Origin',(-173.489285538905,-111.285219569273,20.));
#5434=CARTESIAN_POINT('',(-229.592005151646,-111.285219569273,23.));
#5435=CARTESIAN_POINT('',(-181.374639070826,-111.285219569273,23.));
#5436=CARTESIAN_POINT('',(-229.592005151646,-111.285219569273,20.));
#5437=CARTESIAN_POINT('',(-229.592005151646,-111.285219569273,20.));
#5438=CARTESIAN_POINT('',(-181.374639070826,-111.285219569273,20.));
#5439=CARTESIAN_POINT('Origin',(-229.592005151646,-111.285219569273,20.));
#5440=CARTESIAN_POINT('',(-229.592005151646,-120.52761191656,23.));
#5441=CARTESIAN_POINT('',(-229.592005151646,-120.52761191656,20.));
#5442=CARTESIAN_POINT('Origin',(-189.259992602747,-129.770004263846,20.));
#5443=CARTESIAN_POINT('',(-141.020850440487,-170.22518659058,20.));
#5444=CARTESIAN_POINT('',(-141.020850440487,-89.2108624663667,20.));
#5445=CARTESIAN_POINT('',(-141.020850440487,-150.049575162586,20.));
#5446=CARTESIAN_POINT('',(-141.093098010823,-170.329146061326,20.));
#5447=CARTESIAN_POINT('Origin',(-140.288717735525,-170.81107309181,20.));
#5448=CARTESIAN_POINT('',(-237.499134765007,-170.329146061326,20.));
#5449=CARTESIAN_POINT('',(-213.379563683877,-170.329146061326,20.));
#5450=CARTESIAN_POINT('',(-237.499134765007,-89.2108624663667,20.));
#5451=CARTESIAN_POINT('',(-237.499134765007,-109.490433365106,20.));
#5452=CARTESIAN_POINT('',(-165.140421521617,-89.2108624663668,20.));
#5453=CARTESIAN_POINT('Origin',(-213.500003181398,-92.0000013709068,24.));
#5454=CARTESIAN_POINT('',(-227.000003382564,-94.0000014007092,24.));
#5455=CARTESIAN_POINT('',(-200.000002980232,-94.0000014007092,24.));
#5456=CARTESIAN_POINT('',(-200.000002980232,-94.0000014007092,24.));
#5457=CARTESIAN_POINT('',(-200.000002980232,-90.0000013411045,24.));
#5458=CARTESIAN_POINT('',(-200.000002980232,-90.0000013411045,24.));
#5459=CARTESIAN_POINT('',(-227.000003382564,-90.0000013411045,24.));
#5460=CARTESIAN_POINT('',(-227.000003382564,-90.0000013411045,24.));
#5461=CARTESIAN_POINT('',(-227.000003382564,-94.0000014007092,24.));
#5462=CARTESIAN_POINT('Origin',(-227.000003382564,-94.0000014007092,23.));
#5463=CARTESIAN_POINT('',(-200.000002980232,-94.0000014007092,23.));
#5464=CARTESIAN_POINT('',(-227.000003382564,-94.0000014007092,23.));
#5465=CARTESIAN_POINT('',(-208.129997992655,-94.0000014007092,23.));
#5466=CARTESIAN_POINT('',(-200.000002980232,-94.0000014007092,23.));
#5467=CARTESIAN_POINT('',(-227.000003382564,-94.0000014007092,23.));
#5468=CARTESIAN_POINT('Origin',(-200.000002980232,-94.0000014007092,23.));
#5469=CARTESIAN_POINT('',(-200.000002980232,-90.0000013411045,23.));
#5470=CARTESIAN_POINT('',(-200.000002980232,-111.885002832278,23.));
#5471=CARTESIAN_POINT('',(-200.000002980232,-90.0000013411045,23.));
#5472=CARTESIAN_POINT('Origin',(-200.000002980232,-90.0000013411045,23.));
#5473=CARTESIAN_POINT('',(-227.000003382564,-90.0000013411045,23.));
#5474=CARTESIAN_POINT('',(-194.62999779149,-90.0000013411045,23.));
#5475=CARTESIAN_POINT('',(-227.000003382564,-90.0000013411045,23.));
#5476=CARTESIAN_POINT('Origin',(-227.000003382564,-90.0000013411045,23.));
#5477=CARTESIAN_POINT('',(-227.000003382564,-109.885002802475,23.));
#5478=CARTESIAN_POINT('Origin',(-140.288717735525,-170.81107309181,20.));
#5479=CARTESIAN_POINT('',(-141.020850440487,-170.22518659058,23.));
#5480=CARTESIAN_POINT('',(-141.020850440487,-170.22518659058,20.));
#5481=CARTESIAN_POINT('',(-141.093098010823,-170.329146061326,23.));
#5482=CARTESIAN_POINT('Origin',(-140.288717735525,-170.81107309181,23.));
#5483=CARTESIAN_POINT('',(-141.093098010823,-170.329146061326,20.));
#5484=CARTESIAN_POINT('Origin',(-189.259992602747,-129.770004263846,23.));
#5485=CARTESIAN_POINT('',(-141.020850440487,-89.2108624663667,23.));
#5486=CARTESIAN_POINT('',(-141.020850440487,-150.049575162586,23.));
#5487=CARTESIAN_POINT('',(-237.499134765007,-89.2108624663667,23.));
#5488=CARTESIAN_POINT('',(-165.140421521617,-89.2108624663668,23.));
#5489=CARTESIAN_POINT('',(-237.499134765007,-170.329146061326,23.));
#5490=CARTESIAN_POINT('',(-237.499134765007,-109.490433365106,23.));
#5491=CARTESIAN_POINT('',(-213.379563683877,-170.329146061326,23.));
#5492=CARTESIAN_POINT('Origin',(-141.020850440487,-170.329146061326,23.));
#5493=CARTESIAN_POINT('',(-141.020850440487,-89.2108624663667,23.));
#5494=CARTESIAN_POINT('Origin',(-237.499134765007,-89.2108624663667,23.));
#5495=CARTESIAN_POINT('',(-237.499134765007,-170.329146061326,23.));
#5496=CARTESIAN_POINT('',(-237.499134765007,-89.2108624663667,23.));
#5497=CARTESIAN_POINT('Origin',(-237.499134765007,-170.329146061326,23.));
#5498=CARTESIAN_POINT('Origin',(-141.020850440487,-89.2108624663667,23.));
#5499=CARTESIAN_POINT('Origin',(33.3604581900067,-84.6810922032286,5.40000014901161));
#5500=CARTESIAN_POINT('',(44.0000006556511,-90.4801417112358,5.40000014901161));
#5501=CARTESIAN_POINT('',(43.124991917797,-86.1810922032286,5.40000014901161));
#5502=CARTESIAN_POINT('Origin',(44.6043907567786,-88.1185545551776,5.40000014901161));
#5503=CARTESIAN_POINT('',(44.0000006556511,-88.5377757475798,5.40000014901161));
#5504=CARTESIAN_POINT('',(44.0000006556511,-84.6810922032286,5.40000014901161));
#5505=CARTESIAN_POINT('',(44.0000006556511,-87.6993333627755,5.40000014901161));
#5506=CARTESIAN_POINT('Origin',(44.6043907567786,-88.1185545551776,5.40000014901161));
#5507=CARTESIAN_POINT('',(44.0000006556511,-84.6810922032286,5.40000014901161));
#5508=CARTESIAN_POINT('',(44.0000006556511,-84.6810922032286,5.40000014901161));
#5509=CARTESIAN_POINT('',(33.3604581900067,-84.6810922032286,5.40000014901161));
#5510=CARTESIAN_POINT('',(40.9346890063289,-84.6810922032286,5.40000014901161));
#5511=CARTESIAN_POINT('',(33.3604581900067,-86.1810922032286,5.40000014901161));
#5512=CARTESIAN_POINT('',(33.3604581900067,-84.6810922032286,5.40000014901161));
#5513=CARTESIAN_POINT('',(40.9346890063289,-86.1810922032286,5.40000014901161));
#5514=CARTESIAN_POINT('Origin',(44.0000006556511,-84.6810922032286,5.40000014901161));
#5515=CARTESIAN_POINT('',(44.0000006556511,-87.6993333627755,10.0000001490116));
#5516=CARTESIAN_POINT('',(44.0000006556511,-87.6993333627755,3.));
#5517=CARTESIAN_POINT('',(44.0000006556511,-84.6810922032286,10.0000001490116));
#5518=CARTESIAN_POINT('',(44.0000006556511,-84.6810922032286,10.0000001490116));
#5519=CARTESIAN_POINT('',(44.0000006556511,-84.6810922032286,4.20000007450581));
#5520=CARTESIAN_POINT('Origin',(44.0000006556511,-84.6810922032286,5.40000014901161));
#5521=CARTESIAN_POINT('',(44.0000006556511,-90.4801417112358,10.0000001490116));
#5522=CARTESIAN_POINT('',(44.0000006556511,-90.4801417112358,3.));
#5523=CARTESIAN_POINT('',(44.0000006556511,-88.5377757475798,10.0000001490116));
#5524=CARTESIAN_POINT('',(44.0000006556511,-84.6810922032286,10.0000001490116));
#5525=CARTESIAN_POINT('',(44.0000006556511,-88.5377757475798,3.));
#5526=CARTESIAN_POINT('Origin',(33.3604581900067,-84.6810922032286,10.0000001490116));
#5527=CARTESIAN_POINT('',(33.3604581900067,-86.1810922032286,10.0000001490116));
#5528=CARTESIAN_POINT('',(33.3604581900067,-86.1810922032286,6.50000007450581));
#5529=CARTESIAN_POINT('',(33.3604581900067,-84.6810922032286,10.0000001490116));
#5530=CARTESIAN_POINT('',(33.3604581900067,-84.6810922032286,6.50000007450581));
#5531=CARTESIAN_POINT('',(33.3604581900067,-84.6810922032286,10.0000001490116));
#5532=CARTESIAN_POINT('Origin',(44.0000006556511,-84.6810922032286,10.0000001490116));
#5533=CARTESIAN_POINT('',(43.124991917797,-86.1810922032286,10.0000001490116));
#5534=CARTESIAN_POINT('Origin',(44.6043907567786,-88.1185545551776,10.0000001490116));
#5535=CARTESIAN_POINT('',(46.2544602391511,-86.1810922032286,10.0000001490116));
#5536=CARTESIAN_POINT('',(46.2544602391511,-84.6810922032286,10.0000001490116));
#5537=CARTESIAN_POINT('Origin',(44.6043907567786,-88.1185545551776,10.0000001490116));
#5538=CARTESIAN_POINT('Origin',(44.6043907567786,-88.1185545551776,3.));
#5539=CARTESIAN_POINT('',(43.124991917797,-86.1810922032286,4.5));
#5540=CARTESIAN_POINT('',(43.124991917797,-86.1810922032286,3.));
#5541=CARTESIAN_POINT('',(47.0089198226511,-88.5193303795162,4.5));
#5542=CARTESIAN_POINT('Origin',(44.6043907567786,-88.1185545551776,4.5));
#5543=CARTESIAN_POINT('',(47.0089198226511,-88.5193303795162,23.));
#5544=CARTESIAN_POINT('',(47.0089198226511,-88.5193303795162,3.));
#5545=CARTESIAN_POINT('',(43.124991917797,-86.1810922032286,23.));
#5546=CARTESIAN_POINT('Origin',(44.6043907567786,-88.1185545551776,23.));
#5547=CARTESIAN_POINT('',(43.124991917797,-86.1810922032286,3.));
#5548=CARTESIAN_POINT('Origin',(-55.028905028145,-172.858916324464,3.));
#5549=CARTESIAN_POINT('',(-57.8573321528912,-173.858916324464,14.8525007054559));
#5550=CARTESIAN_POINT('',(-58.028905028145,-172.858916324464,14.8525007054559));
#5551=CARTESIAN_POINT('Origin',(-55.028905028145,-172.858916324464,14.8525007054559));
#5552=CARTESIAN_POINT('',(-58.028905028145,-172.858916324464,10.9795007054559));
#5553=CARTESIAN_POINT('',(-58.028905028145,-172.858916324464,3.));
#5554=CARTESIAN_POINT('',(-57.8573321528912,-173.858916324464,10.9795007054559));
#5555=CARTESIAN_POINT('Origin',(-55.028905028145,-172.858916324464,10.9795007054559));
#5556=CARTESIAN_POINT('',(-56.000000834465,-175.69739706862,11.0000001639128));
#5557=CARTESIAN_POINT('Ctrl Pts',(-57.8573321528912,-173.858916324464,10.9795007054559));
#5558=CARTESIAN_POINT('Ctrl Pts',(-57.8392109305239,-173.910170881341,10.9800753472588));
#5559=CARTESIAN_POINT('Ctrl Pts',(-57.8196996855983,-173.960923889111,10.9806126311411));
#5560=CARTESIAN_POINT('Ctrl Pts',(-57.653656492517,-174.36009463147,10.9846635223428));
#5561=CARTESIAN_POINT('Ctrl Pts',(-57.4438368218701,-174.678525596339,10.9869962271057));
#5562=CARTESIAN_POINT('Ctrl Pts',(-56.9689227372407,-175.167256352367,10.9913491513352));
#5563=CARTESIAN_POINT('Ctrl Pts',(-56.7256201653947,-175.351556962618,10.9932286806745));
#5564=CARTESIAN_POINT('Ctrl Pts',(-56.3117633774515,-175.575948210313,10.9968465354132));
#5565=CARTESIAN_POINT('Ctrl Pts',(-56.1582833219247,-175.643245755422,10.9982625975383));
#5566=CARTESIAN_POINT('Ctrl Pts',(-56.000000834465,-175.69739706862,11.0000001639128));
#5567=CARTESIAN_POINT('',(-55.028905028145,-175.858916324464,11.0000001639128));
#5568=CARTESIAN_POINT('Origin',(-55.028905028145,-172.858916324464,11.0000001639128));
#5569=CARTESIAN_POINT('',(-55.028905028145,-175.858916324464,14.8524862330282));
#5570=CARTESIAN_POINT('',(-55.028905028145,-175.858916324464,3.));
#5571=CARTESIAN_POINT('',(-56.000000834465,-175.69739706862,14.8524862330282));
#5572=CARTESIAN_POINT('Origin',(-55.028905028145,-172.858916324464,14.8524862330282));
#5573=CARTESIAN_POINT('Ctrl Pts',(-56.000000834465,-175.69739706862,14.8524862330282));
#5574=CARTESIAN_POINT('Ctrl Pts',(-56.0535261946695,-175.679085070932,14.8524866478553));
#5575=CARTESIAN_POINT('Ctrl Pts',(-56.106522914694,-175.659262730106,14.8524870358559));
#5576=CARTESIAN_POINT('Ctrl Pts',(-56.5082686398726,-175.495903414926,14.8524898567502));
#5577=CARTESIAN_POINT('Ctrl Pts',(-56.8277129340251,-175.289247110328,14.8524915019266));
#5578=CARTESIAN_POINT('Ctrl Pts',(-57.321033495773,-174.818283986162,14.8524945764691));
#5579=CARTESIAN_POINT('Ctrl Pts',(-57.5081981580381,-174.575331228233,14.852495910715));
#5580=CARTESIAN_POINT('Ctrl Pts',(-57.7349987967719,-174.164335067589,14.8524984831967));
#5581=CARTESIAN_POINT('Ctrl Pts',(-57.8024975605892,-174.014011972705,14.8524994778376));
#5582=CARTESIAN_POINT('Ctrl Pts',(-57.8573321528912,-173.858916324464,14.8525007054559));
#5583=CARTESIAN_POINT('Origin',(47.5089198226511,-174.858916324464,14.8524862330282));
#5584=CARTESIAN_POINT('',(46.5089198226511,-175.858916324464,14.8524862330282));
#5585=CARTESIAN_POINT('',(-56.514452931305,-175.858916324464,14.8524862330282));
#5586=CARTESIAN_POINT('',(47.5089198226511,-175.68734344921,14.8524862330282));
#5587=CARTESIAN_POINT('Origin',(46.5089198226511,-172.858916324464,14.8524862330282));
#5588=CARTESIAN_POINT('',(47.5089198226511,-174.858916324464,14.8524862330282));
#5589=CARTESIAN_POINT('',(47.5089198226511,-174.858916324464,14.8524862330282));
#5590=CARTESIAN_POINT('',(-56.000000834465,-174.858916324464,14.8524862330282));
#5591=CARTESIAN_POINT('',(-4.75999260274695,-174.858916324464,14.8524862330282));
#5592=CARTESIAN_POINT('',(-56.000000834465,-174.858916324464,14.8524862330282));
#5593=CARTESIAN_POINT('Origin',(-57.028905028145,-175.858916324464,3.));
#5594=CARTESIAN_POINT('',(46.5089198226511,-175.858916324464,11.0000001639128));
#5595=CARTESIAN_POINT('',(-4.75999260274695,-175.858916324464,11.0000001639128));
#5596=CARTESIAN_POINT('',(46.5089198226511,-175.858916324464,3.));
#5597=CARTESIAN_POINT('Origin',(48.5089198226511,-173.858916324464,11.0000001639128));
#5598=CARTESIAN_POINT('',(-56.000000834465,-174.858916324464,11.0000001639128));
#5599=CARTESIAN_POINT('',(-56.000000834465,-174.858916324464,11.0000001639128));
#5600=CARTESIAN_POINT('',(47.5089198226511,-174.858916324464,11.0000001639128));
#5601=CARTESIAN_POINT('',(-56.514452931305,-174.858916324464,11.0000001639128));
#5602=CARTESIAN_POINT('',(48.5089198226511,-173.858916324464,11.0000001639128));
#5603=CARTESIAN_POINT('Origin',(47.5089198226511,-173.858916324464,11.0000001639128));
#5604=CARTESIAN_POINT('',(48.5089198226511,-85.6810922032285,11.0000001639128));
#5605=CARTESIAN_POINT('',(48.5089198226511,-174.358916324464,11.0000001639128));
#5606=CARTESIAN_POINT('',(49.3373469473973,-85.6810922032285,11.0000001639128));
#5607=CARTESIAN_POINT('',(48.5089198226511,-85.6810922032285,11.0000001639128));
#5608=CARTESIAN_POINT('',(49.5089198226511,-86.6810922032286,11.0000001639128));
#5609=CARTESIAN_POINT('Origin',(46.5089198226511,-86.6810922032286,11.0000001639128));
#5610=CARTESIAN_POINT('',(49.5089198226511,-172.858916324464,11.0000001639128));
#5611=CARTESIAN_POINT('',(49.5089198226511,-174.358916324464,11.0000001639128));
#5612=CARTESIAN_POINT('Origin',(46.5089198226511,-172.858916324464,11.0000001639128));
#5613=CARTESIAN_POINT('Ctrl Pts',(-57.028905028145,-173.858916324464,10.9795007054559));
#5614=CARTESIAN_POINT('Ctrl Pts',(-56.685936963585,-174.192249657797,10.9863338582749));
#5615=CARTESIAN_POINT('Ctrl Pts',(-56.342968899025,-174.525582991131,10.9931670110938));
#5616=CARTESIAN_POINT('Ctrl Pts',(-56.000000834465,-174.858916324464,11.0000001639128));
#5617=CARTESIAN_POINT('Ctrl Pts',(-57.4505930351392,-173.858916324464,10.9795007054559));
#5618=CARTESIAN_POINT('Ctrl Pts',(-56.9670623015811,-174.332812326795,10.9863338582749));
#5619=CARTESIAN_POINT('Ctrl Pts',(-56.4835315680231,-174.806708329127,10.9931670110938));
#5620=CARTESIAN_POINT('Ctrl Pts',(-56.000000834465,-175.280604331458,11.0000001639128));
#5621=CARTESIAN_POINT('Ctrl Pts',(-57.8722810421334,-173.858916324464,10.9795007054559));
#5622=CARTESIAN_POINT('Ctrl Pts',(-57.2481876395773,-174.473374995793,10.9863338582749));
#5623=CARTESIAN_POINT('Ctrl Pts',(-56.6240942370212,-175.087833667123,10.9931670110938));
#5624=CARTESIAN_POINT('Ctrl Pts',(-56.000000834465,-175.702292338452,11.0000001639128));
#5625=CARTESIAN_POINT('Ctrl Pts',(-58.2939690491276,-173.858916324464,10.9795007054559));
#5626=CARTESIAN_POINT('Ctrl Pts',(-57.5293129775734,-174.613937664791,10.9863338582749));
#5627=CARTESIAN_POINT('Ctrl Pts',(-56.7646569060192,-175.368959005119,10.9931670110938));
#5628=CARTESIAN_POINT('Ctrl Pts',(-56.000000834465,-176.123980345446,11.0000001639128));
#5629=CARTESIAN_POINT('',(-57.028905028145,-173.858916324464,10.9795007054559));
#5630=CARTESIAN_POINT('',(-57.028905028145,-173.858916324464,10.9795007054559));
#5631=CARTESIAN_POINT('',(-56.028905028145,-174.858916324464,10.9994396055146));
#5632=CARTESIAN_POINT('Ctrl Pts',(-56.028905028145,-174.858916324464,10.9994396055146));
#5633=CARTESIAN_POINT('Ctrl Pts',(-56.1250526809789,-174.858916324464,10.997624581543));
#5634=CARTESIAN_POINT('Ctrl Pts',(-56.2207609411199,-174.845049015893,10.9962598092194));
#5635=CARTESIAN_POINT('Ctrl Pts',(-56.4097142743414,-174.789049622862,10.9937620893351));
#5636=CARTESIAN_POINT('Ctrl Pts',(-56.5014898175418,-174.745949514422,10.9926746986346));
#5637=CARTESIAN_POINT('Ctrl Pts',(-56.6294317190639,-174.660285810069,10.9910786094671));
#5638=CARTESIAN_POINT('Ctrl Pts',(-56.6711716933517,-174.627238462986,10.9905437509748));
#5639=CARTESIAN_POINT('Ctrl Pts',(-56.7453956321923,-174.558178236234,10.9895250175064));
#5640=CARTESIAN_POINT('Ctrl Pts',(-56.778281664784,-174.522814401207,10.9890424830485));
#5641=CARTESIAN_POINT('Ctrl Pts',(-56.8578535535806,-174.423767875253,10.9877471433954));
#5642=CARTESIAN_POINT('Ctrl Pts',(-56.8997816059553,-174.35669814243,10.98692521841));
#5643=CARTESIAN_POINT('Ctrl Pts',(-56.9697044262151,-174.208406569374,10.9850512803511));
#5644=CARTESIAN_POINT('Ctrl Pts',(-56.9960296934662,-174.127087902255,10.9839996350978));
#5645=CARTESIAN_POINT('Ctrl Pts',(-57.0231579532173,-173.982582796643,10.9818036593949));
#5646=CARTESIAN_POINT('Ctrl Pts',(-57.028905028145,-173.920813529014,10.9807695646292));
#5647=CARTESIAN_POINT('Ctrl Pts',(-57.028905028145,-173.858916324464,10.9795007054559));
#5648=CARTESIAN_POINT('Ctrl Pts',(-56.000000834465,-174.858916324464,11.0000001639128));
#5649=CARTESIAN_POINT('Ctrl Pts',(-56.0095705466917,-174.858916324464,10.9998095009536));
#5650=CARTESIAN_POINT('Ctrl Pts',(-56.0192101182328,-174.858911486969,10.9996226182719));
#5651=CARTESIAN_POINT('Ctrl Pts',(-56.0289050281361,-174.858916324473,10.9994396055148));
#5652=CARTESIAN_POINT('Ctrl Pts',(-58.2926419111501,-173.858916324464,14.8525007054559));
#5653=CARTESIAN_POINT('Ctrl Pts',(-57.5284282189217,-174.613495285465,14.8524958813133));
#5654=CARTESIAN_POINT('Ctrl Pts',(-56.7642145266934,-175.368074246467,14.8524910571708));
#5655=CARTESIAN_POINT('Ctrl Pts',(-56.000000834465,-176.122653207469,14.8524862330282));
#5656=CARTESIAN_POINT('Ctrl Pts',(-57.8713962834817,-173.858916324464,14.8525007054559));
#5657=CARTESIAN_POINT('Ctrl Pts',(-57.2475978004762,-174.473080076243,14.8524958813133));
#5658=CARTESIAN_POINT('Ctrl Pts',(-56.6237993174706,-175.087243828022,14.8524910571708));
#5659=CARTESIAN_POINT('Ctrl Pts',(-56.000000834465,-175.701407579801,14.8524862330282));
#5660=CARTESIAN_POINT('Ctrl Pts',(-57.4501506558134,-173.858916324464,14.8525007054559));
#5661=CARTESIAN_POINT('Ctrl Pts',(-56.9667673820306,-174.33266486702,14.8524958813133));
#5662=CARTESIAN_POINT('Ctrl Pts',(-56.4833841082478,-174.806413409576,14.8524910571708));
#5663=CARTESIAN_POINT('Ctrl Pts',(-56.000000834465,-175.280161952132,14.8524862330282));
#5664=CARTESIAN_POINT('Ctrl Pts',(-57.028905028145,-173.858916324464,14.8525007054559));
#5665=CARTESIAN_POINT('Ctrl Pts',(-56.685936963585,-174.192249657797,14.8524958813133));
#5666=CARTESIAN_POINT('Ctrl Pts',(-56.342968899025,-174.52558299113,14.8524910571708));
#5667=CARTESIAN_POINT('Ctrl Pts',(-56.000000834465,-174.858916324464,14.8524862330282));
#5668=CARTESIAN_POINT('',(-56.028905028145,-174.858916324464,14.8524866287772));
#5669=CARTESIAN_POINT('Ctrl Pts',(-56.0289050281361,-174.858916324473,14.8524866287772));
#5670=CARTESIAN_POINT('Ctrl Pts',(-56.0192101317159,-174.858911484497,14.8524864995721));
#5671=CARTESIAN_POINT('Ctrl Pts',(-56.0095705579254,-174.858916324464,14.8524863676346));
#5672=CARTESIAN_POINT('Ctrl Pts',(-56.000000834465,-174.858916324464,14.8524862330282));
#5673=CARTESIAN_POINT('',(-57.028905028145,-173.858916324464,14.8525007054559));
#5674=CARTESIAN_POINT('Ctrl Pts',(-57.028905028145,-173.858916324464,14.8525007054559));
#5675=CARTESIAN_POINT('Ctrl Pts',(-57.028905028145,-173.962606158274,14.8524992048123));
#5676=CARTESIAN_POINT('Ctrl Pts',(-57.0127776556912,-174.065667949375,14.852498148902));
#5677=CARTESIAN_POINT('Ctrl Pts',(-56.9505158851111,-174.259738078902,14.8524963025697));
#5678=CARTESIAN_POINT('Ctrl Pts',(-56.9057843316621,-174.34994314407,14.8524955353671));
#5679=CARTESIAN_POINT('Ctrl Pts',(-56.8179983088173,-174.475477094588,14.8524944098988));
#5680=CARTESIAN_POINT('Ctrl Pts',(-56.784178015051,-174.516470964101,14.8524940321661));
#5681=CARTESIAN_POINT('Ctrl Pts',(-56.7136882731436,-174.589259747895,14.8524933129673));
#5682=CARTESIAN_POINT('Ctrl Pts',(-56.677644766917,-174.621455739916,14.852492972353));
#5683=CARTESIAN_POINT('Ctrl Pts',(-56.5767449539572,-174.699233670014,14.8524920576197));
#5684=CARTESIAN_POINT('Ctrl Pts',(-56.5085586995806,-174.739935155718,14.8524914777614));
#5685=CARTESIAN_POINT('Ctrl Pts',(-56.3575630809477,-174.807291437073,14.8524901545745));
#5686=CARTESIAN_POINT('Ctrl Pts',(-56.2746231860477,-174.832083348548,14.8524894105024));
#5687=CARTESIAN_POINT('Ctrl Pts',(-56.1364141289384,-174.854576175218,14.8524879594779));
#5688=CARTESIAN_POINT('Ctrl Pts',(-56.0826955427291,-174.858916324464,14.8524873456604));
#5689=CARTESIAN_POINT('Ctrl Pts',(-56.028905028145,-174.858916324464,14.8524866287772));
#5690=CARTESIAN_POINT('',(-57.028905028145,-173.858916324464,14.8525007054559));
#5691=CARTESIAN_POINT('Origin',(-57.028905028145,-174.858916324464,3.));
#5692=CARTESIAN_POINT('',(47.5089198226511,-174.858916324464,22.));
#5693=CARTESIAN_POINT('',(47.5089198226511,-174.858916324464,3.));
#5694=CARTESIAN_POINT('',(-56.028905028145,-174.858916324464,22.));
#5695=CARTESIAN_POINT('',(-30.644448815446,-174.858916324464,22.));
#5696=CARTESIAN_POINT('',(-56.028905028145,-174.858916324464,3.));
#5697=CARTESIAN_POINT('Origin',(-57.028905028145,-174.858916324464,3.));
#5698=CARTESIAN_POINT('',(-56.028905028145,-174.858916324464,4.));
#5699=CARTESIAN_POINT('',(-56.028905028145,-174.858916324464,3.));
#5700=CARTESIAN_POINT('',(47.5089198226511,-174.858916324464,4.));
#5701=CARTESIAN_POINT('',(-30.644448815446,-174.858916324464,4.));
#5702=CARTESIAN_POINT('',(47.5089198226511,-174.858916324464,3.));
#5703=CARTESIAN_POINT('Origin',(-56.028905028145,-173.858916324464,3.));
#5704=CARTESIAN_POINT('',(-57.028905028145,-173.858916324464,22.));
#5705=CARTESIAN_POINT('Origin',(-56.028905028145,-173.858916324464,22.));
#5706=CARTESIAN_POINT('',(-57.028905028145,-173.858916324464,3.));
#5707=CARTESIAN_POINT('Origin',(-56.028905028145,-173.858916324464,3.));
#5708=CARTESIAN_POINT('',(-57.028905028145,-173.858916324464,4.));
#5709=CARTESIAN_POINT('',(-57.028905028145,-173.858916324464,3.));
#5710=CARTESIAN_POINT('Origin',(-56.028905028145,-173.858916324464,4.));
#5711=CARTESIAN_POINT('Origin',(-55.028905028145,-86.6810922032286,3.));
#5712=CARTESIAN_POINT('',(-56.028905028145,-83.8526650784824,14.8524862330282));
#5713=CARTESIAN_POINT('',(-55.028905028145,-83.6810922032286,14.8524862330282));
#5714=CARTESIAN_POINT('Origin',(-55.028905028145,-86.6810922032286,14.8524862330282));
#5715=CARTESIAN_POINT('',(-55.028905028145,-83.6810922032286,10.9795653658303));
#5716=CARTESIAN_POINT('',(-55.028905028145,-83.6810922032286,3.));
#5717=CARTESIAN_POINT('',(-56.028905028145,-83.8526650784824,10.9795653658303));
#5718=CARTESIAN_POINT('Origin',(-55.028905028145,-86.6810922032286,10.9795653658303));
#5719=CARTESIAN_POINT('',(-57.8573321528912,-85.6810922032286,10.9795007054559));
#5720=CARTESIAN_POINT('Ctrl Pts',(-56.028905028145,-83.8526650784824,10.9795653658303));
#5721=CARTESIAN_POINT('Ctrl Pts',(-56.0568046238516,-83.8625290751406,10.9795643791909));
#5722=CARTESIAN_POINT('Ctrl Pts',(-56.0845567534889,-83.8728053372332,10.9795634268882));
#5723=CARTESIAN_POINT('Ctrl Pts',(-56.4794645168909,-84.0257158667152,10.979550218857));
#5724=CARTESIAN_POINT('Ctrl Pts',(-56.8151960526908,-84.2388983749736,10.9795425043773));
#5725=CARTESIAN_POINT('Ctrl Pts',(-57.3204334509967,-84.7210848554026,10.9795282475264));
#5726=CARTESIAN_POINT('Ctrl Pts',(-57.5074369929861,-84.963649157448,10.9795222374389));
#5727=CARTESIAN_POINT('Ctrl Pts',(-57.7345421411456,-85.3746570466088,10.9795106835991));
#5728=CARTESIAN_POINT('Ctrl Pts',(-57.8023119930094,-85.5254716906109,10.9795062088093));
#5729=CARTESIAN_POINT('Ctrl Pts',(-57.8573321528912,-85.6810922032286,10.9795007054559));
#5730=CARTESIAN_POINT('',(-58.028905028145,-86.6810922032286,10.9795007054559));
#5731=CARTESIAN_POINT('Origin',(-55.028905028145,-86.6810922032286,10.9795007054559));
#5732=CARTESIAN_POINT('',(-58.028905028145,-86.6810922032286,14.8525007054559));
#5733=CARTESIAN_POINT('',(-58.028905028145,-86.6810922032286,3.));
#5734=CARTESIAN_POINT('',(-57.8573321528912,-85.6810922032286,14.8525007054559));
#5735=CARTESIAN_POINT('Origin',(-55.028905028145,-86.6810922032286,14.8525007054559));
#5736=CARTESIAN_POINT('Ctrl Pts',(-57.8573321528912,-85.6810922032286,14.8525007054559));
#5737=CARTESIAN_POINT('Ctrl Pts',(-57.8474681562228,-85.6531926074933,14.8525004846241));
#5738=CARTESIAN_POINT('Ctrl Pts',(-57.8371918941197,-85.6254404778288,14.8525002714776));
#5739=CARTESIAN_POINT('Ctrl Pts',(-57.6842813645738,-85.2305327142957,14.8524973152269));
#5740=CARTESIAN_POINT('Ctrl Pts',(-57.4710988562811,-84.8948011785562,14.852495588555));
#5741=CARTESIAN_POINT('Ctrl Pts',(-56.9889123759789,-84.3895637803867,14.8524923975552));
#5742=CARTESIAN_POINT('Ctrl Pts',(-56.7463480739361,-84.2025602383918,14.8524910523642));
#5743=CARTESIAN_POINT('Ctrl Pts',(-56.3353401847808,-83.9754550902377,14.8524884663582));
#5744=CARTESIAN_POINT('Ctrl Pts',(-56.1845255407915,-83.9076852383744,14.8524874648009));
#5745=CARTESIAN_POINT('Ctrl Pts',(-56.028905028145,-83.8526650784824,14.8524862330282));
#5746=CARTESIAN_POINT('Origin',(-57.028905028145,-173.858916324464,14.8525007054559));
#5747=CARTESIAN_POINT('',(-57.028905028145,-85.6810922032286,14.8525007054559));
#5748=CARTESIAN_POINT('',(-57.028905028145,-129.270004263846,14.8525007054559));
#5749=CARTESIAN_POINT('',(-57.028905028145,-85.6810922032286,14.8525007054559));
#5750=CARTESIAN_POINT('',(-58.028905028145,-129.270043660266,14.8525007054559));
#5751=CARTESIAN_POINT('Origin',(-58.028905028145,-84.6810922032286,3.));
#5752=CARTESIAN_POINT('',(-58.028905028145,-85.1810922032286,10.9795007054559));
#5753=CARTESIAN_POINT('Origin',(-57.028905028145,-85.6810922032286,10.9795007054559));
#5754=CARTESIAN_POINT('',(-57.028905028145,-85.6810922032286,10.9795007054559));
#5755=CARTESIAN_POINT('',(-57.028905028145,-85.6810922032286,10.9795007054559));
#5756=CARTESIAN_POINT('',(-57.028905028145,-85.1810922032286,10.9795007054559));
#5757=CARTESIAN_POINT('Ctrl Pts',(-56.028905028145,-84.6810922032286,10.9795653658303));
#5758=CARTESIAN_POINT('Ctrl Pts',(-56.3622383614783,-85.0144255365619,10.9795438123722));
#5759=CARTESIAN_POINT('Ctrl Pts',(-56.6955716948117,-85.3477588698952,10.979522258914));
#5760=CARTESIAN_POINT('Ctrl Pts',(-57.028905028145,-85.6810922032286,10.9795007054559));
#5761=CARTESIAN_POINT('Ctrl Pts',(-56.028905028145,-84.2639136130027,10.9795653658303));
#5762=CARTESIAN_POINT('Ctrl Pts',(-56.5012978915536,-84.7363064764113,10.9795438123722));
#5763=CARTESIAN_POINT('Ctrl Pts',(-56.9736907549623,-85.2086993398199,10.979522258914));
#5764=CARTESIAN_POINT('Ctrl Pts',(-57.4460836183709,-85.6810922032286,10.9795007054559));
#5765=CARTESIAN_POINT('Ctrl Pts',(-56.028905028145,-83.8467350227768,10.9795653658303));
#5766=CARTESIAN_POINT('Ctrl Pts',(-56.6403574216289,-84.4581874162607,10.9795438123722));
#5767=CARTESIAN_POINT('Ctrl Pts',(-57.2518098151129,-85.0696398097446,10.979522258914));
#5768=CARTESIAN_POINT('Ctrl Pts',(-57.8632622085968,-85.6810922032286,10.9795007054559));
#5769=CARTESIAN_POINT('Ctrl Pts',(-56.028905028145,-83.4295564325509,10.9795653658303));
#5770=CARTESIAN_POINT('Ctrl Pts',(-56.7794169517042,-84.1800683561101,10.9795438123722));
#5771=CARTESIAN_POINT('Ctrl Pts',(-57.5299288752635,-84.9305802796693,10.979522258914));
#5772=CARTESIAN_POINT('Ctrl Pts',(-58.2804407988227,-85.6810922032286,10.9795007054559));
#5773=CARTESIAN_POINT('',(-56.028905028145,-84.6810922032286,10.9795653658303));
#5774=CARTESIAN_POINT('',(-56.028905028145,-84.6810922032286,10.9795653658303));
#5775=CARTESIAN_POINT('Ctrl Pts',(-57.028905028145,-85.6810922032285,10.9795007054559));
#5776=CARTESIAN_POINT('Ctrl Pts',(-57.028905028145,-85.5777051312275,10.9795073905027));
#5777=CARTESIAN_POINT('Ctrl Pts',(-57.012871698153,-85.4749406109125,10.9795121439642));
#5778=CARTESIAN_POINT('Ctrl Pts',(-56.9513058017846,-85.2824421911804,10.9795204133869));
#5779=CARTESIAN_POINT('Ctrl Pts',(-56.9074764579652,-85.1933860806227,10.9795238470102));
#5780=CARTESIAN_POINT('Ctrl Pts',(-56.8208966472474,-85.0682229878565,10.9795289307198));
#5781=CARTESIAN_POINT('Ctrl Pts',(-56.786997618926,-85.0267566442971,10.9795306625093));
#5782=CARTESIAN_POINT('Ctrl Pts',(-56.7155243102944,-84.9523796780745,10.9795339987595));
#5783=CARTESIAN_POINT('Ctrl Pts',(-56.6784807920382,-84.9191740252736,10.9795355983772));
#5784=CARTESIAN_POINT('Ctrl Pts',(-56.570091531932,-84.8356870570027,10.9795400961309));
#5785=CARTESIAN_POINT('Ctrl Pts',(-56.4944048001003,-84.7917651230984,10.9795430355057));
#5786=CARTESIAN_POINT('Ctrl Pts',(-56.291989500879,-84.7073049078259,10.9795513252875));
#5787=CARTESIAN_POINT('Ctrl Pts',(-56.1610985846823,-84.6810922032286,10.9795568181454));
#5788=CARTESIAN_POINT('Ctrl Pts',(-56.028905028145,-84.6810922032286,10.9795653658303));
#5789=CARTESIAN_POINT('Ctrl Pts',(-56.028905028145,-83.4295564325528,14.8524862330282));
#5790=CARTESIAN_POINT('Ctrl Pts',(-56.7794169517036,-84.1800683561114,14.8524910571708));
#5791=CARTESIAN_POINT('Ctrl Pts',(-57.5299288752622,-84.93058027967,14.8524958813133));
#5792=CARTESIAN_POINT('Ctrl Pts',(-58.2804407988208,-85.6810922032286,14.8525007054559));
#5793=CARTESIAN_POINT('Ctrl Pts',(-56.028905028145,-83.846735022778,14.8524862330282));
#5794=CARTESIAN_POINT('Ctrl Pts',(-56.6403574216285,-84.4581874162615,14.8524910571708));
#5795=CARTESIAN_POINT('Ctrl Pts',(-57.251809815112,-85.0696398097451,14.8524958813133));
#5796=CARTESIAN_POINT('Ctrl Pts',(-57.8632622085955,-85.6810922032286,14.8525007054559));
#5797=CARTESIAN_POINT('Ctrl Pts',(-56.028905028145,-84.2639136130033,14.8524862330282));
#5798=CARTESIAN_POINT('Ctrl Pts',(-56.5012978915534,-84.7363064764117,14.8524910571708));
#5799=CARTESIAN_POINT('Ctrl Pts',(-56.9736907549618,-85.2086993398201,14.8524958813133));
#5800=CARTESIAN_POINT('Ctrl Pts',(-57.4460836183702,-85.6810922032286,14.8525007054559));
#5801=CARTESIAN_POINT('Ctrl Pts',(-56.028905028145,-84.6810922032286,14.8524862330282));
#5802=CARTESIAN_POINT('Ctrl Pts',(-56.3622383614783,-85.0144255365619,14.8524910571708));
#5803=CARTESIAN_POINT('Ctrl Pts',(-56.6955716948117,-85.3477588698952,14.8524958813133));
#5804=CARTESIAN_POINT('Ctrl Pts',(-57.028905028145,-85.6810922032286,14.8525007054559));
#5805=CARTESIAN_POINT('',(-56.028905028145,-84.6810922032286,14.8524862330282));
#5806=CARTESIAN_POINT('Ctrl Pts',(-56.028905028145,-84.6810922032286,14.8524862330282));
#5807=CARTESIAN_POINT('Ctrl Pts',(-56.1322921002568,-84.6810922032286,14.8524877292901));
#5808=CARTESIAN_POINT('Ctrl Pts',(-56.2350566205491,-84.6971255332487,14.8524887932204));
#5809=CARTESIAN_POINT('Ctrl Pts',(-56.4275550402085,-84.7586914295939,14.8524906441008));
#5810=CARTESIAN_POINT('Ctrl Pts',(-56.5166111507631,-84.8025207734169,14.8524914126219));
#5811=CARTESIAN_POINT('Ctrl Pts',(-56.6417742435173,-84.8891005841263,14.852492550469));
#5812=CARTESIAN_POINT('Ctrl Pts',(-56.6832405870767,-84.9229996124478,14.852492938082));
#5813=CARTESIAN_POINT('Ctrl Pts',(-56.7576175532984,-84.9944729210786,14.8524936848089));
#5814=CARTESIAN_POINT('Ctrl Pts',(-56.7908232060993,-85.0315164393346,14.8524940428388));
#5815=CARTESIAN_POINT('Ctrl Pts',(-56.8743101743653,-85.1399056994343,14.852495049536));
#5816=CARTESIAN_POINT('Ctrl Pts',(-56.9182321082712,-85.2155924312643,14.8524957074334));
#5817=CARTESIAN_POINT('Ctrl Pts',(-57.0026923234891,-85.4180077303535,14.8524975628706));
#5818=CARTESIAN_POINT('Ctrl Pts',(-57.028905028145,-85.5488986465139,14.8524987922942));
#5819=CARTESIAN_POINT('Ctrl Pts',(-57.028905028145,-85.6810922032286,14.8525007054559));
#5820=CARTESIAN_POINT('',(-56.028905028145,-84.6810922032286,14.8524862330282));
#5821=CARTESIAN_POINT('Origin',(-56.028905028145,-85.6810922032286,3.));
#5822=CARTESIAN_POINT('',(-56.028905028145,-84.6810922032286,4.));
#5823=CARTESIAN_POINT('',(-56.028905028145,-84.6810922032286,3.));
#5824=CARTESIAN_POINT('',(-57.028905028145,-85.6810922032286,4.));
#5825=CARTESIAN_POINT('Origin',(-56.028905028145,-85.6810922032286,4.));
#5826=CARTESIAN_POINT('',(-57.028905028145,-85.6810922032286,3.));
#5827=CARTESIAN_POINT('Origin',(46.5089198226511,-86.6810922032286,3.));
#5828=CARTESIAN_POINT('',(47.5089198226511,-83.8526650784824,10.9795653658303));
#5829=CARTESIAN_POINT('',(46.5089198226511,-83.6810922032286,10.9795653658303));
#5830=CARTESIAN_POINT('Origin',(46.5089198226511,-86.6810922032286,10.9795653658303));
#5831=CARTESIAN_POINT('',(46.5089198226511,-83.6810922032286,14.8524862330282));
#5832=CARTESIAN_POINT('',(46.5089198226511,-83.6810922032286,3.));
#5833=CARTESIAN_POINT('',(47.5089198226511,-83.8526650784824,14.8524862330282));
#5834=CARTESIAN_POINT('Origin',(46.5089198226511,-86.6810922032286,14.8524862330282));
#5835=CARTESIAN_POINT('',(49.3373469473973,-85.6810922032286,14.8525007054559));
#5836=CARTESIAN_POINT('Ctrl Pts',(47.5089198226511,-83.8526650784824,14.8524862330282));
#5837=CARTESIAN_POINT('Ctrl Pts',(47.536819112162,-83.8625289668841,14.8524864538576));
#5838=CARTESIAN_POINT('Ctrl Pts',(47.5645709389152,-83.8728051116974,14.8524866670018));
#5839=CARTESIAN_POINT('Ctrl Pts',(47.9594784993831,-84.0257154151552,14.8524896232527));
#5840=CARTESIAN_POINT('Ctrl Pts',(48.2952101453036,-84.2388978529585,14.852491349925));
#5841=CARTESIAN_POINT('Ctrl Pts',(48.8004471515751,-84.7210836970762,14.8524945409217));
#5842=CARTESIAN_POINT('Ctrl Pts',(48.9874503707964,-84.9636472506014,14.8524958861094));
#5843=CARTESIAN_POINT('Ctrl Pts',(49.2145560773253,-85.3746551370939,14.8524984721131));
#5844=CARTESIAN_POINT('Ctrl Pts',(49.2823264386823,-85.5254707039618,14.8524994736754));
#5845=CARTESIAN_POINT('Ctrl Pts',(49.3373469473973,-85.6810922032286,14.8525007054559));
#5846=CARTESIAN_POINT('',(49.5089198226511,-86.6810922032286,14.8525007054559));
#5847=CARTESIAN_POINT('Origin',(46.5089198226511,-86.6810922032286,14.8525007054559));
#5848=CARTESIAN_POINT('',(49.5089198226511,-86.6810922032286,3.));
#5849=CARTESIAN_POINT('Ctrl Pts',(49.3373469473973,-85.6810922032285,11.0000001639128));
#5850=CARTESIAN_POINT('Ctrl Pts',(49.3274827754169,-85.6531921116362,10.9996883479643));
#5851=CARTESIAN_POINT('Ctrl Pts',(49.3172062796757,-85.6254393692753,10.9993873826031));
#5852=CARTESIAN_POINT('Ctrl Pts',(49.1643009294014,-85.2305457315644,10.9952133657684));
#5853=CARTESIAN_POINT('Ctrl Pts',(48.9511231860351,-84.8948111630953,10.9927752843654));
#5854=CARTESIAN_POINT('Ctrl Pts',(48.4689266022332,-84.3895631900265,10.9882695577411));
#5855=CARTESIAN_POINT('Ctrl Pts',(48.226363354374,-84.2025610823573,10.9863701794604));
#5856=CARTESIAN_POINT('Ctrl Pts',(47.8153555181357,-83.9754550760547,10.982718792734));
#5857=CARTESIAN_POINT('Ctrl Pts',(47.664538456037,-83.9076845739555,10.9813045849154));
#5858=CARTESIAN_POINT('Ctrl Pts',(47.5089198226511,-83.8526650784824,10.9795653658303));
#5859=CARTESIAN_POINT('Origin',(49.5089198226511,-174.858916324464,3.));
#5860=CARTESIAN_POINT('',(49.5089198226511,-172.858916324464,14.8525007054559));
#5861=CARTESIAN_POINT('',(49.5089198226511,-130.270004263846,14.8525007054559));
#5862=CARTESIAN_POINT('',(49.5089198226511,-172.858916324464,3.));
#5863=CARTESIAN_POINT('Origin',(48.5089198226511,-85.6810922032285,14.8525007054559));
#5864=CARTESIAN_POINT('',(48.5089198226511,-85.6810922032285,14.8525007054559));
#5865=CARTESIAN_POINT('',(-57.028905028145,-85.6810922032286,14.8525007054559));
#5866=CARTESIAN_POINT('',(48.5089198226511,-173.858916324464,14.8525007054559));
#5867=CARTESIAN_POINT('',(48.5089198226511,-130.270004263846,14.8525007054559));
#5868=CARTESIAN_POINT('',(49.3373469473973,-173.858916324464,14.8525007054559));
#5869=CARTESIAN_POINT('',(48.5089198226511,-173.858916324464,14.8525007054559));
#5870=CARTESIAN_POINT('Origin',(46.5089198226511,-172.858916324464,14.8525007054559));
#5871=CARTESIAN_POINT('Ctrl Pts',(47.5089198226511,-84.6810922032286,14.8524862330282));
#5872=CARTESIAN_POINT('Ctrl Pts',(47.8422531559844,-85.0144255365619,14.8524910571708));
#5873=CARTESIAN_POINT('Ctrl Pts',(48.1755864893178,-85.3477588698952,14.8524958813133));
#5874=CARTESIAN_POINT('Ctrl Pts',(48.5089198226511,-85.6810922032286,14.8525007054559));
#5875=CARTESIAN_POINT('Ctrl Pts',(47.5089198226511,-84.2639135915364,14.8524862330282));
#5876=CARTESIAN_POINT('Ctrl Pts',(47.9813126932151,-84.7363064621005,14.8524910571708));
#5877=CARTESIAN_POINT('Ctrl Pts',(48.4537055637792,-85.2086993326645,14.8524958813133));
#5878=CARTESIAN_POINT('Ctrl Pts',(48.9260984343432,-85.6810922032286,14.8525007054559));
#5879=CARTESIAN_POINT('Ctrl Pts',(47.5089198226511,-83.8467349798444,14.8524862330282));
#5880=CARTESIAN_POINT('Ctrl Pts',(48.1203722304458,-84.4581873876391,14.8524910571708));
#5881=CARTESIAN_POINT('Ctrl Pts',(48.7318246382406,-85.0696397954338,14.8524958813133));
#5882=CARTESIAN_POINT('Ctrl Pts',(49.3432770460353,-85.6810922032286,14.8525007054559));
#5883=CARTESIAN_POINT('Ctrl Pts',(47.5089198226511,-83.4295563681522,14.8524862330282));
#5884=CARTESIAN_POINT('Ctrl Pts',(48.2594317676766,-84.1800683131777,14.8524910571708));
#5885=CARTESIAN_POINT('Ctrl Pts',(49.009943712702,-84.9305802582031,14.8524958813133));
#5886=CARTESIAN_POINT('Ctrl Pts',(49.7604556577274,-85.6810922032286,14.8525007054559));
#5887=CARTESIAN_POINT('',(47.5089198226511,-84.6810922032286,14.8524862330282));
#5888=CARTESIAN_POINT('',(47.5089198226511,-84.6810922032286,14.8524862330282));
#5889=CARTESIAN_POINT('Ctrl Pts',(48.5089198226511,-85.6810922032285,14.8525007054559));
#5890=CARTESIAN_POINT('Ctrl Pts',(48.5089198226511,-85.5777051311169,14.852499209194));
#5891=CARTESIAN_POINT('Ctrl Pts',(48.4928864926311,-85.4749406108247,14.8524981452637));
#5892=CARTESIAN_POINT('Ctrl Pts',(48.4313205962858,-85.2824421911651,14.8524962943833));
#5893=CARTESIAN_POINT('Ctrl Pts',(48.3874912524628,-85.1933860806105,14.8524955258621));
#5894=CARTESIAN_POINT('Ctrl Pts',(48.3009114417533,-85.0682229878563,14.852494388015));
#5895=CARTESIAN_POINT('Ctrl Pts',(48.2670124134319,-85.0267566442969,14.8524940004021));
#5896=CARTESIAN_POINT('Ctrl Pts',(48.1955391048011,-84.9523796780751,14.8524932536752));
#5897=CARTESIAN_POINT('Ctrl Pts',(48.1584955865451,-84.9191740252742,14.8524928956452));
#5898=CARTESIAN_POINT('Ctrl Pts',(48.0501063264453,-84.8356870570082,14.8524918889481));
#5899=CARTESIAN_POINT('Ctrl Pts',(47.9744195946154,-84.7917651231023,14.8524912310507));
#5900=CARTESIAN_POINT('Ctrl Pts',(47.7720042955261,-84.7073049078844,14.8524893756135));
#5901=CARTESIAN_POINT('Ctrl Pts',(47.6411133793658,-84.6810922032286,14.8524881461899));
#5902=CARTESIAN_POINT('Ctrl Pts',(47.5089198226511,-84.6810922032286,14.8524862330282));
#5903=CARTESIAN_POINT('Ctrl Pts',(47.5089198226511,-83.4295564104444,10.9795653658303));
#5904=CARTESIAN_POINT('Ctrl Pts',(48.2594317535792,-84.1800683413725,10.9863769651911));
#5905=CARTESIAN_POINT('Ctrl Pts',(49.0099436845072,-84.9305802723006,10.9931885645519));
#5906=CARTESIAN_POINT('Ctrl Pts',(49.7604556154353,-85.6810922032286,11.0000001639128));
#5907=CARTESIAN_POINT('Ctrl Pts',(47.5089198226511,-83.8467350080391,10.9795653658303));
#5908=CARTESIAN_POINT('Ctrl Pts',(48.1203722210476,-84.4581874064356,10.9863769651911));
#5909=CARTESIAN_POINT('Ctrl Pts',(48.7318246194441,-85.0696398048321,10.9931885645519));
#5910=CARTESIAN_POINT('Ctrl Pts',(49.3432770178406,-85.6810922032286,11.0000001639128));
#5911=CARTESIAN_POINT('Ctrl Pts',(47.5089198226511,-84.2639136056339,10.9795653658303));
#5912=CARTESIAN_POINT('Ctrl Pts',(47.981312688516,-84.7363064714988,10.9863769651911));
#5913=CARTESIAN_POINT('Ctrl Pts',(48.4537055543809,-85.2086993373637,10.9931885645519));
#5914=CARTESIAN_POINT('Ctrl Pts',(48.9260984202458,-85.6810922032286,11.0000001639128));
#5915=CARTESIAN_POINT('Ctrl Pts',(47.5089198226511,-84.6810922032286,10.9795653658303));
#5916=CARTESIAN_POINT('Ctrl Pts',(47.8422531559844,-85.0144255365619,10.9863769651911));
#5917=CARTESIAN_POINT('Ctrl Pts',(48.1755864893178,-85.3477588698952,10.9931885645519));
#5918=CARTESIAN_POINT('Ctrl Pts',(48.5089198226511,-85.6810922032286,11.0000001639128));
#5919=CARTESIAN_POINT('',(47.5089198226511,-84.6810922032286,10.9795653658303));
#5920=CARTESIAN_POINT('Ctrl Pts',(47.5089198226511,-84.6810922032286,10.9795653658303));
#5921=CARTESIAN_POINT('Ctrl Pts',(47.6122952792185,-84.6810922032286,10.9816778224119));
#5922=CARTESIAN_POINT('Ctrl Pts',(47.7150621961199,-84.6971225847984,10.983180184303));
#5923=CARTESIAN_POINT('Ctrl Pts',(47.9075682535974,-84.7586909239123,10.9857936966554));
#5924=CARTESIAN_POINT('Ctrl Pts',(47.9966247054588,-84.8025199074428,10.9868788397036));
#5925=CARTESIAN_POINT('Ctrl Pts',(48.1217890085145,-84.8891005682384,10.9884854741595));
#5926=CARTESIAN_POINT('Ctrl Pts',(48.1632553553385,-84.9229995835141,10.9890327763964));
#5927=CARTESIAN_POINT('Ctrl Pts',(48.2376324162863,-84.9944729903372,10.9900871422403));
#5928=CARTESIAN_POINT('Ctrl Pts',(48.2708380643521,-85.0315165172369,10.9905926738984));
#5929=CARTESIAN_POINT('Ctrl Pts',(48.3543255253019,-85.1399064303575,10.9920141200337));
#5930=CARTESIAN_POINT('Ctrl Pts',(48.3982473023886,-85.2155933491841,10.9929430610977));
#5931=CARTESIAN_POINT('Ctrl Pts',(48.4827132736738,-85.4180225432593,10.9955630839298));
#5932=CARTESIAN_POINT('Ctrl Pts',(48.5089198226511,-85.5489172719718,10.997299195881));
#5933=CARTESIAN_POINT('Ctrl Pts',(48.5089198226511,-85.6810922032286,11.0000001639128));
#5934=CARTESIAN_POINT('',(47.5089198226511,-84.6810922032286,10.9795653658303));
#5935=CARTESIAN_POINT('Origin',(47.5089198226511,-85.6810922032285,3.));
#5936=CARTESIAN_POINT('',(48.5089198226511,-85.6810922032285,4.));
#5937=CARTESIAN_POINT('',(48.5089198226511,-85.6810922032285,3.));
#5938=CARTESIAN_POINT('',(47.5089198226511,-84.6810922032286,4.));
#5939=CARTESIAN_POINT('Origin',(47.5089198226511,-85.6810922032285,4.));
#5940=CARTESIAN_POINT('',(47.5089198226511,-84.6810922032286,3.));
#5941=CARTESIAN_POINT('Origin',(47.5089198226511,-85.6810922032285,3.));
#5942=CARTESIAN_POINT('',(47.5089198226511,-84.6810922032286,22.));
#5943=CARTESIAN_POINT('',(47.5089198226511,-84.6810922032286,3.));
#5944=CARTESIAN_POINT('',(48.5089198226511,-85.6810922032285,22.));
#5945=CARTESIAN_POINT('Origin',(47.5089198226511,-85.6810922032285,22.));
#5946=CARTESIAN_POINT('',(48.5089198226511,-85.6810922032285,3.));
#5947=CARTESIAN_POINT('Origin',(46.5089198226511,-172.858916324464,3.));
#5948=CARTESIAN_POINT('Ctrl Pts',(49.3373469473973,-173.858916324464,14.8525007054559));
#5949=CARTESIAN_POINT('Ctrl Pts',(49.3160238985933,-173.919227014083,14.8525002280827));
#5950=CARTESIAN_POINT('Ctrl Pts',(49.2927651858581,-173.978874523693,14.8524997861713));
#5951=CARTESIAN_POINT('Ctrl Pts',(49.1527547272518,-174.306519696657,14.8524974681891));
#5952=CARTESIAN_POINT('Ctrl Pts',(48.9992497411668,-174.557055135904,14.8524960656145));
#5953=CARTESIAN_POINT('Ctrl Pts',(48.5913415377439,-175.045703024731,14.8524931056287));
#5954=CARTESIAN_POINT('Ctrl Pts',(48.3268725238206,-175.270049719418,14.8524916439318));
#5955=CARTESIAN_POINT('Ctrl Pts',(47.8642981768681,-175.542193901816,14.8524887901303));
#5956=CARTESIAN_POINT('Ctrl Pts',(47.6897260534206,-175.623418793281,14.8524876641517));
#5957=CARTESIAN_POINT('Ctrl Pts',(47.5089198226511,-175.68734344921,14.8524862330282));
#5958=CARTESIAN_POINT('Ctrl Pts',(47.5089198198209,-176.128124742654,14.8524862330282));
#5959=CARTESIAN_POINT('Ctrl Pts',(48.2653226258896,-175.371721936585,14.8524910571707));
#5960=CARTESIAN_POINT('Ctrl Pts',(49.0217254319582,-174.615319130517,14.8524958813133));
#5961=CARTESIAN_POINT('Ctrl Pts',(49.7781282380268,-173.858916324448,14.8525007054559));
#5962=CARTESIAN_POINT('Ctrl Pts',(47.5089198203486,-175.70505527034,14.8524862330282));
#5963=CARTESIAN_POINT('Ctrl Pts',(48.1242994689781,-175.08967562171,14.8524910571707));
#5964=CARTESIAN_POINT('Ctrl Pts',(48.7396791176077,-174.47429597308,14.8524958813133));
#5965=CARTESIAN_POINT('Ctrl Pts',(49.3550587662372,-173.858916324451,14.8525007054559));
#5966=CARTESIAN_POINT('Ctrl Pts',(47.5089198208762,-175.281985798025,14.8524862330282));
#5967=CARTESIAN_POINT('Ctrl Pts',(47.9832763120667,-174.807629306835,14.8524910571707));
#5968=CARTESIAN_POINT('Ctrl Pts',(48.4576328032572,-174.333272815644,14.8524958813133));
#5969=CARTESIAN_POINT('Ctrl Pts',(48.9319892944477,-173.858916324454,14.8525007054559));
#5970=CARTESIAN_POINT('Ctrl Pts',(47.5089198214039,-174.858916325711,14.8524862330282));
#5971=CARTESIAN_POINT('Ctrl Pts',(47.8422531551553,-174.52558299196,14.8524910571707));
#5972=CARTESIAN_POINT('Ctrl Pts',(48.1755864889067,-174.192249658208,14.8524958813133));
#5973=CARTESIAN_POINT('Ctrl Pts',(48.5089198226581,-173.858916324457,14.8525007054559));
#5974=CARTESIAN_POINT('Ctrl Pts',(47.5089198226511,-174.858916324464,14.8524862330282));
#5975=CARTESIAN_POINT('Ctrl Pts',(47.6123068947629,-174.858916324464,14.8524877292901));
#5976=CARTESIAN_POINT('Ctrl Pts',(47.7150714150552,-174.842882994444,14.8524887932204));
#5977=CARTESIAN_POINT('Ctrl Pts',(47.9075698347146,-174.781317098098,14.8524906441008));
#5978=CARTESIAN_POINT('Ctrl Pts',(47.9966259452692,-174.737487754276,14.852491412622));
#5979=CARTESIAN_POINT('Ctrl Pts',(48.1217890380234,-174.650907943566,14.852492550469));
#5980=CARTESIAN_POINT('Ctrl Pts',(48.1632553815828,-174.617008915245,14.852492938082));
#5981=CARTESIAN_POINT('Ctrl Pts',(48.2376323478045,-174.545535606614,14.8524936848089));
#5982=CARTESIAN_POINT('Ctrl Pts',(48.2708380006054,-174.508492088358,14.8524940428388));
#5983=CARTESIAN_POINT('Ctrl Pts',(48.3543249688714,-174.400102828258,14.852495049536));
#5984=CARTESIAN_POINT('Ctrl Pts',(48.3982469027774,-174.324416096428,14.8524957074334));
#5985=CARTESIAN_POINT('Ctrl Pts',(48.4827071179952,-174.122000797339,14.8524975628706));
#5986=CARTESIAN_POINT('Ctrl Pts',(48.5089198226511,-173.991109881178,14.8524987922942));
#5987=CARTESIAN_POINT('Ctrl Pts',(48.5089198226511,-173.858916324464,14.8525007054559));
#5988=CARTESIAN_POINT('Origin',(47.5089198226511,-173.858916324464,3.));
#5989=CARTESIAN_POINT('',(48.5089198226511,-173.858916324464,4.));
#5990=CARTESIAN_POINT('Origin',(47.5089198226511,-173.858916324464,4.));
#5991=CARTESIAN_POINT('',(48.5089198226511,-173.858916324464,3.));
#5992=CARTESIAN_POINT('Origin',(-57.028905028145,-84.6810922032286,3.));
#5993=CARTESIAN_POINT('',(-57.028905028145,-85.6810922032286,22.));
#5994=CARTESIAN_POINT('',(-57.028905028145,-107.225548233537,22.));
#5995=CARTESIAN_POINT('',(-57.028905028145,-85.6810922032286,3.));
#5996=CARTESIAN_POINT('Origin',(-57.028905028145,-84.6810922032286,3.));
#5997=CARTESIAN_POINT('',(-57.028905028145,-107.225548233537,4.));
#5998=CARTESIAN_POINT('Origin',(48.5089198226511,-174.858916324464,3.));
#5999=CARTESIAN_POINT('',(48.5089198226511,-173.858916324464,22.));
#6000=CARTESIAN_POINT('',(48.5089198226511,-152.314460294155,22.));
#6001=CARTESIAN_POINT('',(48.5089198226511,-173.858916324464,3.));
#6002=CARTESIAN_POINT('Origin',(47.5089198226511,-84.6810922032286,10.9795653658303));
#6003=CARTESIAN_POINT('',(48.0089198226511,-83.6810922032286,10.9795653658303));
#6004=CARTESIAN_POINT('',(48.0089198226511,-84.6810922032286,10.9795653658303));
#6005=CARTESIAN_POINT('Origin',(48.5089198226511,-84.6810922032286,3.));
#6006=CARTESIAN_POINT('',(22.1244636099521,-84.6810922032286,4.));
#6007=CARTESIAN_POINT('Origin',(48.5089198226511,-84.6810922032286,3.));
#6008=CARTESIAN_POINT('',(-3.75999260274695,-84.6810922032286,14.8524862330282));
#6009=CARTESIAN_POINT('',(-56.028905028145,-84.6810922032286,22.));
#6010=CARTESIAN_POINT('',(-56.028905028145,-84.6810922032286,3.));
#6011=CARTESIAN_POINT('',(22.1244636099521,-84.6810922032286,22.));
#6012=CARTESIAN_POINT('Origin',(47.5089198226511,-85.6810922032285,22.));
#6013=CARTESIAN_POINT('',(47.5089198226511,-85.6810922032285,23.));
#6014=CARTESIAN_POINT('Origin',(47.5089198226511,-85.6810922032285,22.));
#6015=CARTESIAN_POINT('Origin',(47.5089198226511,-85.6810922032285,22.));
#6016=CARTESIAN_POINT('Origin',(-56.028905028145,-85.6810922032286,22.));
#6017=CARTESIAN_POINT('',(-56.028905028145,-85.6810922032285,23.));
#6018=CARTESIAN_POINT('Origin',(-56.028905028145,-85.6810922032285,22.));
#6019=CARTESIAN_POINT('Origin',(-56.028905028145,-85.6810922032286,22.));
#6020=CARTESIAN_POINT('Origin',(-56.028905028145,-85.6810922032285,22.));
#6021=CARTESIAN_POINT('Origin',(47.5089198226511,-85.6810922032285,4.));
#6022=CARTESIAN_POINT('',(47.5089198226511,-85.6810922032285,3.));
#6023=CARTESIAN_POINT('Origin',(47.5089198226511,-85.6810922032285,4.));
#6024=CARTESIAN_POINT('Origin',(47.5089198226511,-85.6810922032285,4.));
#6025=CARTESIAN_POINT('Origin',(47.5089198226511,-173.858916324464,22.));
#6026=CARTESIAN_POINT('',(47.5089198226511,-173.858916324464,23.));
#6027=CARTESIAN_POINT('Origin',(47.5089198226511,-173.858916324464,22.));
#6028=CARTESIAN_POINT('Origin',(47.5089198226511,-173.858916324464,22.));
#6029=CARTESIAN_POINT('Origin',(47.5089198226511,-173.858916324464,22.));
#6030=CARTESIAN_POINT('Origin',(-56.028905028145,-85.6810922032285,4.));
#6031=CARTESIAN_POINT('',(-56.028905028145,-85.6810922032285,3.));
#6032=CARTESIAN_POINT('Origin',(-56.028905028145,-85.6810922032285,4.));
#6033=CARTESIAN_POINT('Origin',(-56.028905028145,-85.6810922032286,4.));
#6034=CARTESIAN_POINT('Origin',(22.1244636099521,-85.6810922032285,4.));
#6035=CARTESIAN_POINT('',(22.1244636099521,-85.6810922032285,3.));
#6036=CARTESIAN_POINT('Origin',(-56.028905028145,-173.858916324464,22.));
#6037=CARTESIAN_POINT('',(-56.028905028145,-173.858916324464,23.));
#6038=CARTESIAN_POINT('Origin',(-56.028905028145,-173.858916324464,22.));
#6039=CARTESIAN_POINT('Origin',(-56.028905028145,-173.858916324464,22.));
#6040=CARTESIAN_POINT('Origin',(47.5089198226511,-173.858916324464,4.));
#6041=CARTESIAN_POINT('',(47.5089198226511,-173.858916324464,3.));
#6042=CARTESIAN_POINT('Origin',(47.5089198226511,-173.858916324464,4.));
#6043=CARTESIAN_POINT('Origin',(47.5089198226511,-173.858916324464,4.));
#6044=CARTESIAN_POINT('Origin',(-56.028905028145,-173.858916324464,4.));
#6045=CARTESIAN_POINT('',(-56.028905028145,-173.858916324464,3.));
#6046=CARTESIAN_POINT('Origin',(-56.028905028145,-173.858916324464,4.));
#6047=CARTESIAN_POINT('Origin',(-56.028905028145,-173.858916324464,4.));
#6048=CARTESIAN_POINT('Origin',(-30.644448815446,-173.858916324464,4.));
#6049=CARTESIAN_POINT('',(-30.644448815446,-173.858916324464,3.));
#6050=CARTESIAN_POINT('Origin',(-56.028905028145,-107.225548233537,4.));
#6051=CARTESIAN_POINT('',(-56.028905028145,-107.225548233537,3.));
#6052=CARTESIAN_POINT('Origin',(47.5089198226511,-152.314460294155,4.));
#6053=CARTESIAN_POINT('',(48.5089198226511,-152.314460294155,4.));
#6054=CARTESIAN_POINT('',(47.5089198226511,-152.314460294155,3.));
#6055=CARTESIAN_POINT('Origin',(-30.644448815446,-173.858916324464,22.));
#6056=CARTESIAN_POINT('',(-30.644448815446,-173.858916324464,23.));
#6057=CARTESIAN_POINT('Origin',(-56.028905028145,-107.225548233537,22.));
#6058=CARTESIAN_POINT('',(-56.028905028145,-107.225548233537,23.));
#6059=CARTESIAN_POINT('Origin',(-56.028905028145,-85.6810922032286,3.));
#6060=CARTESIAN_POINT('Origin',(47.5089198226511,-152.314460294155,22.));
#6061=CARTESIAN_POINT('',(47.5089198226511,-152.314460294155,23.));
#6062=CARTESIAN_POINT('Origin',(22.1244636099521,-85.6810922032285,22.));
#6063=CARTESIAN_POINT('',(22.1244636099521,-85.6810922032285,23.));
#6064=CARTESIAN_POINT('Origin',(-4.25999260274695,-129.770004263846,3.));
#6065=CARTESIAN_POINT('',(-54.0113577795344,-88.1185545551776,3.));
#6066=CARTESIAN_POINT('Origin',(-54.7469077795344,-88.1185545551776,3.));
#6067=CARTESIAN_POINT('',(45.4468322644754,-170.81107309181,3.));
#6068=CARTESIAN_POINT('Origin',(44.7112822644754,-170.81107309181,3.));
#6069=CARTESIAN_POINT('',(45.3399407567786,-88.1185545551776,3.));
#6070=CARTESIAN_POINT('Origin',(44.6043907567786,-88.1185545551776,3.));
#6071=CARTESIAN_POINT('',(-54.0113577795344,-170.81107309181,3.));
#6072=CARTESIAN_POINT('Origin',(-54.7469077795344,-170.81107309181,3.));
#6073=CARTESIAN_POINT('Origin',(-4.25999260274695,-129.770004263846,23.));
#6074=CARTESIAN_POINT('',(-54.0113577795344,-88.1185545551776,23.));
#6075=CARTESIAN_POINT('Origin',(-54.7469077795344,-88.1185545551776,23.));
#6076=CARTESIAN_POINT('',(45.4468322644754,-170.81107309181,23.));
#6077=CARTESIAN_POINT('Origin',(44.7112822644754,-170.81107309181,23.));
#6078=CARTESIAN_POINT('',(45.3399407567786,-88.1185545551776,23.));
#6079=CARTESIAN_POINT('Origin',(44.6043907567786,-88.1185545551776,23.));
#6080=CARTESIAN_POINT('',(-54.0113577795344,-170.81107309181,23.));
#6081=CARTESIAN_POINT('Origin',(-54.7469077795344,-170.81107309181,23.));
#6082=CARTESIAN_POINT('',(47.0089198226511,-171.625470378925,23.));
#6083=CARTESIAN_POINT('',(47.0089198226511,-173.358916324464,23.));
#6084=CARTESIAN_POINT('',(47.0089198226511,-152.314460294155,23.));
#6085=CARTESIAN_POINT('',(-55.528905028145,-173.358916324464,23.));
#6086=CARTESIAN_POINT('',(-30.644448815446,-173.358916324464,23.));
#6087=CARTESIAN_POINT('',(-55.528905028145,-173.119938959106,23.));
#6088=CARTESIAN_POINT('',(-55.528905028145,-107.225548233537,23.));
#6089=CARTESIAN_POINT('',(-55.528905028145,-168.502207224514,23.));
#6090=CARTESIAN_POINT('Origin',(-54.7469077795344,-170.81107309181,23.));
#6091=CARTESIAN_POINT('',(-55.528905028145,-90.4274204224738,23.));
#6092=CARTESIAN_POINT('',(-55.528905028145,-107.225548233537,23.));
#6093=CARTESIAN_POINT('',(-53.2675089405529,-86.1810922032286,23.));
#6094=CARTESIAN_POINT('Origin',(-54.7469077795344,-88.1185545551776,23.));
#6095=CARTESIAN_POINT('',(22.1244636099521,-86.1810922032286,23.));
#6096=CARTESIAN_POINT('',(47.0089198226511,-169.996675804695,23.));
#6097=CARTESIAN_POINT('',(47.0089198226511,-152.314460294155,23.));
#6098=CARTESIAN_POINT('Origin',(44.7112822644754,-170.81107309181,23.));
#6099=CARTESIAN_POINT('',(47.0089198226511,-86.1810922032285,23.));
#6100=CARTESIAN_POINT('',(47.0089198226511,-87.7177787308391,23.));
#6101=CARTESIAN_POINT('',(47.0089198226511,-152.314460294155,23.));
#6102=CARTESIAN_POINT('',(46.0837895957602,-86.1810922032286,23.));
#6103=CARTESIAN_POINT('Origin',(44.6043907567786,-88.1185545551776,23.));
#6104=CARTESIAN_POINT('',(22.1244636099521,-86.1810922032286,23.));
#6105=CARTESIAN_POINT('Origin',(-4.25999260274695,-129.770004263846,4.5));
#6106=CARTESIAN_POINT('',(47.0089198226511,-87.7177787308391,4.5));
#6107=CARTESIAN_POINT('',(47.0089198226511,-86.1810922032285,4.5));
#6108=CARTESIAN_POINT('',(47.0089198226511,-152.314460294155,4.5));
#6109=CARTESIAN_POINT('',(46.0837895957602,-86.1810922032286,4.5));
#6110=CARTESIAN_POINT('',(22.1244636099521,-86.1810922032286,4.5));
#6111=CARTESIAN_POINT('Origin',(44.6043907567786,-88.1185545551776,4.5));
#6112=CARTESIAN_POINT('Origin',(-4.25999260274695,-129.770004263846,4.5));
#6113=CARTESIAN_POINT('',(-53.2675089405529,-86.1810922032286,4.5));
#6114=CARTESIAN_POINT('',(-55.528905028145,-90.4274204224738,4.5));
#6115=CARTESIAN_POINT('Origin',(-54.7469077795344,-88.1185545551776,4.5));
#6116=CARTESIAN_POINT('',(-55.528905028145,-168.502207224514,4.5));
#6117=CARTESIAN_POINT('',(-55.528905028145,-107.225548233537,4.5));
#6118=CARTESIAN_POINT('',(-55.528905028145,-173.119938959106,4.5));
#6119=CARTESIAN_POINT('Origin',(-54.7469077795344,-170.81107309181,4.5));
#6120=CARTESIAN_POINT('',(-55.528905028145,-173.358916324464,4.5));
#6121=CARTESIAN_POINT('',(-55.528905028145,-107.225548233537,4.5));
#6122=CARTESIAN_POINT('',(47.0089198226511,-173.358916324464,4.5));
#6123=CARTESIAN_POINT('',(-30.644448815446,-173.358916324464,4.5));
#6124=CARTESIAN_POINT('',(47.0089198226511,-171.625470378925,4.5));
#6125=CARTESIAN_POINT('',(47.0089198226511,-152.314460294155,4.5));
#6126=CARTESIAN_POINT('',(47.0089198226511,-169.996675804695,4.5));
#6127=CARTESIAN_POINT('Origin',(44.7112822644754,-170.81107309181,4.5));
#6128=CARTESIAN_POINT('',(47.0089198226511,-152.314460294155,4.5));
#6129=CARTESIAN_POINT('',(22.1244636099521,-86.1810922032286,4.5));
#6130=CARTESIAN_POINT('Origin',(-56.028905028145,-84.6810922032286,14.8524862330282));
#6131=CARTESIAN_POINT('',(-3.75999260274695,-83.6810922032286,14.8524862330282));
#6132=CARTESIAN_POINT('Origin',(48.5089198226511,-83.6810922032286,3.));
#6133=CARTESIAN_POINT('Origin',(48.5089198226511,-86.1810922032286,3.));
#6134=CARTESIAN_POINT('',(47.0089198226511,-86.1810922032285,3.));
#6135=CARTESIAN_POINT('',(46.0837895957601,-86.1810922032286,3.));
#6136=CARTESIAN_POINT('Origin',(47.0089198226511,-174.858916324464,3.));
#6137=CARTESIAN_POINT('',(47.0089198226511,-169.996675804695,3.));
#6138=CARTESIAN_POINT('Origin',(-55.528905028145,-84.6810922032286,3.));
#6139=CARTESIAN_POINT('',(-55.528905028145,-90.4274204224738,3.));
#6140=CARTESIAN_POINT('',(-55.528905028145,-168.502207224514,3.));
#6141=CARTESIAN_POINT('Origin',(-54.7469077795344,-88.1185545551776,3.));
#6142=CARTESIAN_POINT('',(-53.2675089405529,-86.1810922032286,3.));
#6143=CARTESIAN_POINT('Origin',(48.5089198226511,-86.1810922032286,3.));
#6144=CARTESIAN_POINT('Origin',(47.5089198226511,-173.858916324464,3.));
#6145=CARTESIAN_POINT('Origin',(-54.7469077795344,-88.1185545551776,3.));
#6146=CARTESIAN_POINT('',(-54.0113577795344,-88.1185545551776,3.));
#6147=CARTESIAN_POINT('Origin',(44.7112822644754,-170.81107309181,3.));
#6148=CARTESIAN_POINT('',(45.4468322644754,-170.81107309181,3.));
#6149=CARTESIAN_POINT('Origin',(44.6043907567786,-88.1185545551776,3.));
#6150=CARTESIAN_POINT('',(45.3399407567786,-88.1185545551776,3.));
#6151=CARTESIAN_POINT('Origin',(-54.7469077795344,-170.81107309181,3.));
#6152=CARTESIAN_POINT('',(-54.0113577795344,-170.81107309181,3.));
#6153=CARTESIAN_POINT('Origin',(-54.7469077795344,-170.81107309181,3.));
#6154=CARTESIAN_POINT('',(-55.528905028145,-173.119938959106,3.));
#6155=CARTESIAN_POINT('Origin',(-55.528905028145,-84.6810922032286,3.));
#6156=CARTESIAN_POINT('',(-55.528905028145,-173.358916324464,3.));
#6157=CARTESIAN_POINT('Origin',(-57.028905028145,-173.358916324464,3.));
#6158=CARTESIAN_POINT('',(47.0089198226511,-173.358916324464,3.));
#6159=CARTESIAN_POINT('Origin',(47.0089198226511,-174.858916324464,3.));
#6160=CARTESIAN_POINT('',(47.0089198226511,-171.625470378925,3.));
#6161=CARTESIAN_POINT('Origin',(44.7112822644754,-170.81107309181,3.));
#6162=CARTESIAN_POINT('Origin',(44.6043907567786,-88.1185545551776,3.));
#6163=CARTESIAN_POINT('',(47.0089198226511,-87.7177787308391,3.));
#6164=CARTESIAN_POINT('Origin',(47.0089198226511,-174.858916324464,3.));
#6165=CARTESIAN_POINT('Origin',(48.5089198226511,-174.858916324464,3.));
#6166=CARTESIAN_POINT('Origin',(-141.020850440487,-170.329146061326,23.));
#6167=CARTESIAN_POINT('',(-141.020850440487,-170.22518659058,20.));
#6168=CARTESIAN_POINT('',(-141.020850440487,-89.2108624663667,20.));
#6169=CARTESIAN_POINT('',(-141.020850440487,-150.049575162586,20.));
#6170=CARTESIAN_POINT('',(-141.020850440487,-170.22518659058,23.));
#6171=CARTESIAN_POINT('',(-141.020850440487,-170.22518659058,20.));
#6172=CARTESIAN_POINT('',(-141.020850440487,-89.2108624663667,23.));
#6173=CARTESIAN_POINT('',(-141.020850440487,-150.049575162586,23.));
#6174=CARTESIAN_POINT('',(-141.020850440487,-89.2108624663667,23.));
#6175=CARTESIAN_POINT('Origin',(-237.499134765007,-89.2108624663667,23.));
#6176=CARTESIAN_POINT('',(-237.499134765007,-89.2108624663667,20.));
#6177=CARTESIAN_POINT('',(-237.499134765007,-170.329146061326,20.));
#6178=CARTESIAN_POINT('',(-237.499134765007,-109.490433365106,20.));
#6179=CARTESIAN_POINT('',(-237.499134765007,-89.2108624663667,23.));
#6180=CARTESIAN_POINT('',(-237.499134765007,-89.2108624663667,23.));
#6181=CARTESIAN_POINT('',(-237.499134765007,-170.329146061326,23.));
#6182=CARTESIAN_POINT('',(-237.499134765007,-109.490433365106,23.));
#6183=CARTESIAN_POINT('',(-237.499134765007,-170.329146061326,23.));
#6184=CARTESIAN_POINT('Origin',(-237.499134765007,-170.329146061326,23.));
#6185=CARTESIAN_POINT('',(-141.093098010823,-170.329146061326,20.));
#6186=CARTESIAN_POINT('',(-213.379563683877,-170.329146061326,20.));
#6187=CARTESIAN_POINT('',(-141.093098010823,-170.329146061326,23.));
#6188=CARTESIAN_POINT('',(-213.379563683877,-170.329146061326,23.));
#6189=CARTESIAN_POINT('',(-141.093098010823,-170.329146061326,20.));
#6190=CARTESIAN_POINT('Origin',(-141.020850440487,-89.2108624663667,23.));
#6191=CARTESIAN_POINT('',(-165.140421521617,-89.2108624663668,20.));
#6192=CARTESIAN_POINT('',(-165.140421521617,-89.2108624663668,23.));
#6193=CARTESIAN_POINT('Origin',(-189.259992602747,-129.770004263846,20.));
#6194=CARTESIAN_POINT('',(-240.828905028145,-85.8810922032285,20.));
#6195=CARTESIAN_POINT('',(-240.828905028145,-173.658916324464,20.));
#6196=CARTESIAN_POINT('',(-240.828905028145,-107.225548233537,20.));
#6197=CARTESIAN_POINT('',(-137.691080177349,-85.8810922032285,20.));
#6198=CARTESIAN_POINT('',(-162.875536390048,-85.8810922032285,20.));
#6199=CARTESIAN_POINT('',(-137.691080177349,-173.658916324464,20.));
#6200=CARTESIAN_POINT('',(-137.691080177349,-152.314460294155,20.));
#6201=CARTESIAN_POINT('',(-215.644448815446,-173.658916324464,20.));
#6202=CARTESIAN_POINT('',(-240.684607779534,-170.81107309181,20.));
#6203=CARTESIAN_POINT('Origin',(-239.746907779534,-170.81107309181,20.));
#6204=CARTESIAN_POINT('Origin',(-140.288717735525,-170.81107309181,20.));
#6205=CARTESIAN_POINT('',(-141.333309243221,-88.1185545551776,20.));
#6206=CARTESIAN_POINT('Origin',(-140.395609243221,-88.1185545551776,20.));
#6207=CARTESIAN_POINT('',(-240.684607779534,-88.1185545551776,20.));
#6208=CARTESIAN_POINT('Origin',(-239.746907779534,-88.1185545551776,20.));
#6209=CARTESIAN_POINT('Origin',(-240.828905028145,-107.225548233537,21.2));
#6210=CARTESIAN_POINT('',(-242.028905028145,-173.658916324464,21.2));
#6211=CARTESIAN_POINT('Origin',(-240.828905028145,-173.658916324464,21.2));
#6212=CARTESIAN_POINT('',(-242.028905028145,-85.8810922032285,21.2));
#6213=CARTESIAN_POINT('',(-242.028905028145,-107.225548233537,21.2));
#6214=CARTESIAN_POINT('Origin',(-240.828905028145,-85.8810922032285,21.2));
#6215=CARTESIAN_POINT('Origin',(-215.644448815446,-173.658916324464,21.2));
#6216=CARTESIAN_POINT('',(-137.691080177349,-174.858916324464,21.2));
#6217=CARTESIAN_POINT('Origin',(-137.691080177349,-173.658916324464,21.2));
#6218=CARTESIAN_POINT('',(-240.828905028145,-174.858916324464,21.2));
#6219=CARTESIAN_POINT('',(-215.644448815446,-174.858916324464,21.2));
#6220=CARTESIAN_POINT('Origin',(-240.828905028145,-173.658916324464,21.2));
#6221=CARTESIAN_POINT('Origin',(-240.828905028145,-173.658916324464,21.2));
#6222=CARTESIAN_POINT('Origin',(-240.828905028145,-173.658916324464,21.2));
#6223=CARTESIAN_POINT('Origin',(-137.691080177349,-152.314460294155,21.2));
#6224=CARTESIAN_POINT('',(-136.491080177349,-85.8810922032285,21.2));
#6225=CARTESIAN_POINT('Origin',(-137.691080177349,-85.8810922032285,21.2));
#6226=CARTESIAN_POINT('',(-136.491080177349,-173.658916324464,21.2));
#6227=CARTESIAN_POINT('',(-136.491080177349,-152.314460294155,21.2));
#6228=CARTESIAN_POINT('Origin',(-137.691080177349,-173.658916324464,21.2));
#6229=CARTESIAN_POINT('Origin',(-137.691080177349,-173.658916324464,21.2));
#6230=CARTESIAN_POINT('Origin',(-137.691080177349,-173.658916324464,21.2));
#6231=CARTESIAN_POINT('Origin',(-162.875536390048,-85.8810922032285,21.2));
#6232=CARTESIAN_POINT('',(-240.828905028145,-84.6810922032286,21.2));
#6233=CARTESIAN_POINT('Origin',(-240.828905028145,-85.8810922032285,21.2));
#6234=CARTESIAN_POINT('',(-137.691080177349,-84.6810922032286,21.2));
#6235=CARTESIAN_POINT('',(-162.875536390048,-84.6810922032286,21.2));
#6236=CARTESIAN_POINT('Origin',(-137.691080177349,-85.8810922032285,21.2));
#6237=CARTESIAN_POINT('Origin',(-137.691080177349,-85.8810922032285,21.2));
#6238=CARTESIAN_POINT('Origin',(-137.691080177349,-85.8810922032285,21.2));
#6239=CARTESIAN_POINT('Origin',(-240.828905028145,-85.8810922032285,21.2));
#6240=CARTESIAN_POINT('Origin',(-240.828905028145,-85.8810922032285,21.2));
#6241=CARTESIAN_POINT('Origin',(-137.691080177349,-173.658916324464,20.));
#6242=CARTESIAN_POINT('',(-136.491080177349,-173.658916324464,21.8));
#6243=CARTESIAN_POINT('',(-136.491080177349,-173.658916324464,20.));
#6244=CARTESIAN_POINT('',(-137.691080177349,-174.858916324464,21.8));
#6245=CARTESIAN_POINT('Origin',(-137.691080177349,-173.658916324464,21.8));
#6246=CARTESIAN_POINT('',(-137.691080177349,-174.858916324464,20.));
#6247=CARTESIAN_POINT('Origin',(-136.491080177349,-174.858916324464,20.));
#6248=CARTESIAN_POINT('',(-136.491080177349,-85.8810922032285,21.8));
#6249=CARTESIAN_POINT('',(-136.491080177349,-85.8810922032285,20.));
#6250=CARTESIAN_POINT('',(-136.491080177349,-152.314460294155,21.8));
#6251=CARTESIAN_POINT('Origin',(-137.691080177349,-85.8810922032285,20.));
#6252=CARTESIAN_POINT('',(-137.691080177349,-84.6810922032286,21.8));
#6253=CARTESIAN_POINT('',(-137.691080177349,-84.6810922032286,20.));
#6254=CARTESIAN_POINT('Origin',(-137.691080177349,-85.8810922032285,21.8));
#6255=CARTESIAN_POINT('Origin',(-136.491080177349,-84.6810922032286,20.));
#6256=CARTESIAN_POINT('',(-240.828905028145,-84.6810922032286,21.8));
#6257=CARTESIAN_POINT('',(-240.828905028145,-84.6810922032286,20.));
#6258=CARTESIAN_POINT('',(-162.875536390048,-84.6810922032286,21.8));
#6259=CARTESIAN_POINT('Origin',(-137.691080177349,-152.314460294155,21.8));
#6260=CARTESIAN_POINT('',(-137.691080177349,-173.658916324464,23.));
#6261=CARTESIAN_POINT('Origin',(-137.691080177349,-173.658916324464,21.8));
#6262=CARTESIAN_POINT('',(-137.691080177349,-85.8810922032285,23.));
#6263=CARTESIAN_POINT('Origin',(-137.691080177349,-85.8810922032285,21.8));
#6264=CARTESIAN_POINT('',(-137.691080177349,-152.314460294155,23.));
#6265=CARTESIAN_POINT('Origin',(-137.691080177349,-173.658916324464,21.8));
#6266=CARTESIAN_POINT('Origin',(-137.691080177349,-173.658916324464,21.8));
#6267=CARTESIAN_POINT('Origin',(-137.691080177349,-85.8810922032285,21.8));
#6268=CARTESIAN_POINT('Origin',(-137.691080177349,-85.8810922032285,21.8));
#6269=CARTESIAN_POINT('Origin',(-215.644448815446,-173.658916324464,21.8));
#6270=CARTESIAN_POINT('',(-240.828905028145,-173.658916324464,23.));
#6271=CARTESIAN_POINT('',(-215.644448815446,-173.658916324464,23.));
#6272=CARTESIAN_POINT('',(-240.828905028145,-174.858916324464,21.8));
#6273=CARTESIAN_POINT('Origin',(-240.828905028145,-173.658916324464,21.8));
#6274=CARTESIAN_POINT('',(-215.644448815446,-174.858916324464,21.8));
#6275=CARTESIAN_POINT('Origin',(-189.259992602747,-129.770004263846,23.));
#6276=CARTESIAN_POINT('',(-240.828905028145,-85.8810922032285,23.));
#6277=CARTESIAN_POINT('',(-162.875536390048,-85.8810922032285,23.));
#6278=CARTESIAN_POINT('',(-240.828905028145,-107.225548233537,23.));
#6279=CARTESIAN_POINT('Origin',(-140.288717735525,-170.81107309181,23.));
#6280=CARTESIAN_POINT('',(-240.684607779534,-88.1185545551776,23.));
#6281=CARTESIAN_POINT('Origin',(-239.746907779534,-88.1185545551776,23.));
#6282=CARTESIAN_POINT('',(-141.333309243221,-88.1185545551776,23.));
#6283=CARTESIAN_POINT('Origin',(-140.395609243221,-88.1185545551776,23.));
#6284=CARTESIAN_POINT('',(-240.684607779534,-170.81107309181,23.));
#6285=CARTESIAN_POINT('Origin',(-239.746907779534,-170.81107309181,23.));
#6286=CARTESIAN_POINT('Origin',(-162.875536390048,-85.8810922032285,21.8));
#6287=CARTESIAN_POINT('Origin',(-240.828905028145,-85.8810922032285,21.8));
#6288=CARTESIAN_POINT('Origin',(-240.828905028145,-173.658916324464,20.));
#6289=CARTESIAN_POINT('',(-240.828905028145,-174.858916324464,20.));
#6290=CARTESIAN_POINT('',(-242.028905028145,-173.658916324464,21.8));
#6291=CARTESIAN_POINT('Origin',(-240.828905028145,-173.658916324464,21.8));
#6292=CARTESIAN_POINT('',(-242.028905028145,-173.658916324464,20.));
#6293=CARTESIAN_POINT('Origin',(-240.828905028145,-173.658916324464,21.8));
#6294=CARTESIAN_POINT('Origin',(-240.828905028145,-173.658916324464,21.8));
#6295=CARTESIAN_POINT('Origin',(-242.028905028145,-84.6810922032286,20.));
#6296=CARTESIAN_POINT('',(-242.028905028145,-85.8810922032285,21.8));
#6297=CARTESIAN_POINT('',(-242.028905028145,-107.225548233537,21.8));
#6298=CARTESIAN_POINT('',(-242.028905028145,-85.8810922032285,20.));
#6299=CARTESIAN_POINT('Origin',(-240.828905028145,-107.225548233537,21.8));
#6300=CARTESIAN_POINT('Origin',(-240.828905028145,-85.8810922032285,21.8));
#6301=CARTESIAN_POINT('Origin',(-240.828905028145,-85.8810922032285,20.));
#6302=CARTESIAN_POINT('Origin',(-240.828905028145,-85.8810922032285,21.8));
#6303=CARTESIAN_POINT('Origin',(-240.828905028145,-85.8810922032285,21.8));
#6304=CARTESIAN_POINT('Origin',(-239.746907779534,-170.81107309181,20.));
#6305=CARTESIAN_POINT('',(-240.684607779534,-170.81107309181,20.));
#6306=CARTESIAN_POINT('Origin',(-140.288717735525,-170.81107309181,20.));
#6307=CARTESIAN_POINT('Origin',(-140.395609243221,-88.1185545551776,20.));
#6308=CARTESIAN_POINT('',(-141.333309243221,-88.1185545551776,20.));
#6309=CARTESIAN_POINT('Origin',(-239.746907779534,-88.1185545551776,20.));
#6310=CARTESIAN_POINT('',(-240.684607779534,-88.1185545551776,20.));
#6311=CARTESIAN_POINT('Origin',(-242.028905028145,-174.858916324464,20.));
#6312=CARTESIAN_POINT('Origin',(175.,-170.,4.5));
#6313=CARTESIAN_POINT('',(175.,-100.,4.5));
#6314=CARTESIAN_POINT('',(175.,-170.,4.5));
#6315=CARTESIAN_POINT('',(175.,-100.,4.5));
#6316=CARTESIAN_POINT('',(175.,-100.,7.5));
#6317=CARTESIAN_POINT('',(175.,-100.,4.5));
#6318=CARTESIAN_POINT('',(175.,-170.,7.5));
#6319=CARTESIAN_POINT('',(175.,-100.,7.5));
#6320=CARTESIAN_POINT('',(175.,-170.,4.5));
#6321=CARTESIAN_POINT('Origin',(90.,-170.,4.5));
#6322=CARTESIAN_POINT('',(90.,-170.,4.5));
#6323=CARTESIAN_POINT('',(175.,-170.,4.5));
#6324=CARTESIAN_POINT('',(90.,-170.,7.5));
#6325=CARTESIAN_POINT('',(175.,-170.,7.5));
#6326=CARTESIAN_POINT('',(90.,-170.,4.5));
#6327=CARTESIAN_POINT('Origin',(90.,-100.,4.5));
#6328=CARTESIAN_POINT('',(90.,-100.,4.5));
#6329=CARTESIAN_POINT('',(90.,-170.,4.5));
#6330=CARTESIAN_POINT('',(90.,-100.,7.5));
#6331=CARTESIAN_POINT('',(90.,-170.,7.5));
#6332=CARTESIAN_POINT('',(90.,-100.,4.5));
#6333=CARTESIAN_POINT('Origin',(175.,-100.,4.5));
#6334=CARTESIAN_POINT('',(90.,-100.,4.5));
#6335=CARTESIAN_POINT('',(90.,-100.,7.5));
#6336=CARTESIAN_POINT('Origin',(132.5,-135.,7.5));
#6337=CARTESIAN_POINT('Origin',(132.5,-135.,4.5));
#6338=CARTESIAN_POINT('',(187.475,-107.365,1.595));
#6339=CARTESIAN_POINT('',(178.055,-94.795,1.595));
#6340=CARTESIAN_POINT('',(179.435,-122.035,1.595));
#6341=CARTESIAN_POINT('',(0.,0.,0.));
#6342=CARTESIAN_POINT('',(0.,0.,0.));
#6343=CARTESIAN_POINT('',(-140.395609243221,-88.1185545551776,23.));
#6344=CARTESIAN_POINT('',(-239.746907779534,-88.1185545551776,23.));
#6345=CARTESIAN_POINT('',(-239.746907779534,-170.81107309181,23.));
#6346=CARTESIAN_POINT('',(-140.288717735525,-170.81107309181,23.));
#6347=UNCERTAINTY_MEASURE_WITH_UNIT(LENGTH_MEASURE(0.01),#6361,
'DISTANCE_ACCURACY_VALUE',
'Maximum model space distance between geometric entities at asserted c
onnectivities');
#6348=UNCERTAINTY_MEASURE_WITH_UNIT(LENGTH_MEASURE(0.01),#6361,
'DISTANCE_ACCURACY_VALUE',
'Maximum model space distance between geometric entities at asserted c
onnectivities');
#6349=UNCERTAINTY_MEASURE_WITH_UNIT(LENGTH_MEASURE(0.01),#6361,
'DISTANCE_ACCURACY_VALUE',
'Maximum model space distance between geometric entities at asserted c
onnectivities');
#6350=UNCERTAINTY_MEASURE_WITH_UNIT(LENGTH_MEASURE(0.01),#6361,
'DISTANCE_ACCURACY_VALUE',
'Maximum model space distance between geometric entities at asserted c
onnectivities');
#6351=UNCERTAINTY_MEASURE_WITH_UNIT(LENGTH_MEASURE(0.01),#6361,
'DISTANCE_ACCURACY_VALUE',
'Maximum model space distance between geometric entities at asserted c
onnectivities');
#6352=UNCERTAINTY_MEASURE_WITH_UNIT(LENGTH_MEASURE(0.01),#6361,
'DISTANCE_ACCURACY_VALUE',
'Maximum model space distance between geometric entities at asserted c
onnectivities');
#6353=UNCERTAINTY_MEASURE_WITH_UNIT(LENGTH_MEASURE(0.01),#6361,
'DISTANCE_ACCURACY_VALUE',
'Maximum model space distance between geometric entities at asserted c
onnectivities');
#6354=(
GEOMETRIC_REPRESENTATION_CONTEXT(3)
GLOBAL_UNCERTAINTY_ASSIGNED_CONTEXT((#6347))
GLOBAL_UNIT_ASSIGNED_CONTEXT((#6361,#6363,#6364))
REPRESENTATION_CONTEXT('','3D')
);
#6355=(
GEOMETRIC_REPRESENTATION_CONTEXT(3)
GLOBAL_UNCERTAINTY_ASSIGNED_CONTEXT((#6348))
GLOBAL_UNIT_ASSIGNED_CONTEXT((#6361,#6363,#6364))
REPRESENTATION_CONTEXT('','3D')
);
#6356=(
GEOMETRIC_REPRESENTATION_CONTEXT(3)
GLOBAL_UNCERTAINTY_ASSIGNED_CONTEXT((#6349))
GLOBAL_UNIT_ASSIGNED_CONTEXT((#6361,#6363,#6364))
REPRESENTATION_CONTEXT('','3D')
);
#6357=(
GEOMETRIC_REPRESENTATION_CONTEXT(3)
GLOBAL_UNCERTAINTY_ASSIGNED_CONTEXT((#6350))
GLOBAL_UNIT_ASSIGNED_CONTEXT((#6361,#6363,#6364))
REPRESENTATION_CONTEXT('','3D')
);
#6358=(
GEOMETRIC_REPRESENTATION_CONTEXT(3)
GLOBAL_UNCERTAINTY_ASSIGNED_CONTEXT((#6351))
GLOBAL_UNIT_ASSIGNED_CONTEXT((#6361,#6363,#6364))
REPRESENTATION_CONTEXT('','3D')
);
#6359=(
GEOMETRIC_REPRESENTATION_CONTEXT(3)
GLOBAL_UNCERTAINTY_ASSIGNED_CONTEXT((#6352))
GLOBAL_UNIT_ASSIGNED_CONTEXT((#6361,#6363,#6364))
REPRESENTATION_CONTEXT('','3D')
);
#6360=(
GEOMETRIC_REPRESENTATION_CONTEXT(3)
GLOBAL_UNCERTAINTY_ASSIGNED_CONTEXT((#6353))
GLOBAL_UNIT_ASSIGNED_CONTEXT((#6361,#6363,#6364))
REPRESENTATION_CONTEXT('','3D')
);
#6361=(
LENGTH_UNIT()
NAMED_UNIT(*)
SI_UNIT(.MILLI.,.METRE.)
);
#6362=(
LENGTH_UNIT()
NAMED_UNIT(*)
SI_UNIT($,.METRE.)
);
#6363=(
NAMED_UNIT(*)
PLANE_ANGLE_UNIT()
SI_UNIT($,.RADIAN.)
);
#6364=(
NAMED_UNIT(*)
SI_UNIT($,.STERADIAN.)
SOLID_ANGLE_UNIT()
);
#6365=SHAPE_DEFINITION_REPRESENTATION(#6371,#6386);
#6366=SHAPE_DEFINITION_REPRESENTATION(#6372,#6387);
#6367=SHAPE_DEFINITION_REPRESENTATION(#6373,#6388);
#6368=SHAPE_DEFINITION_REPRESENTATION(#6374,#6389);
#6369=SHAPE_DEFINITION_REPRESENTATION(#6375,#6390);
#6370=SHAPE_DEFINITION_REPRESENTATION(#6376,#6391);
#6371=PRODUCT_DEFINITION_SHAPE('',$,#6393);
#6372=PRODUCT_DEFINITION_SHAPE('',$,#6394);
#6373=PRODUCT_DEFINITION_SHAPE('',$,#6395);
#6374=PRODUCT_DEFINITION_SHAPE('',$,#6396);
#6375=PRODUCT_DEFINITION_SHAPE('',$,#6397);
#6376=PRODUCT_DEFINITION_SHAPE('',$,#6398);
#6377=PRODUCT_DEFINITION_SHAPE($,$,#38);
#6378=PRODUCT_DEFINITION_SHAPE($,$,#39);
#6379=PRODUCT_DEFINITION_SHAPE($,$,#40);
#6380=PRODUCT_DEFINITION_SHAPE($,$,#41);
#6381=PRODUCT_DEFINITION_SHAPE($,$,#42);
#6382=PRODUCT_DEFINITION_SHAPE($,$,#43);
#6383=PRODUCT_DEFINITION_SHAPE($,$,#44);
#6384=PRODUCT_DEFINITION_SHAPE($,$,#45);
#6385=PRODUCT_DEFINITION_SHAPE($,$,#46);
#6386=SHAPE_REPRESENTATION('',(#3656,#4005,#4006,#4007,#4008,#4009,#4010,
#4011,#4012,#4013),#6354);
#6387=SHAPE_REPRESENTATION('',(#3657),#6355);
#6388=SHAPE_REPRESENTATION('',(#3658),#6356);
#6389=SHAPE_REPRESENTATION('',(#3659),#6357);
#6390=SHAPE_REPRESENTATION('',(#3660),#6358);
#6391=SHAPE_REPRESENTATION('',(#3740),#6359);
#6392=PRODUCT_DEFINITION_CONTEXT('part definition',#6412,'design');
#6393=PRODUCT_DEFINITION('HackPad 1','HackPad v10',#6399,#6392);
#6394=PRODUCT_DEFINITION('PinHeader_1x06_P2.54mm_Vertical',
'PinHeader_1x06_P2.54mm_Vertical',#6400,#6392);
#6395=PRODUCT_DEFINITION('FanPinHeader_1x03_P2.54mm_Vertical',
'FanPinHeader_1x03_P2.54mm_Vertical',#6401,#6392);
#6396=PRODUCT_DEFINITION('HackPad pt2_PCB','HackPad pt2_PCB',#6402,#6392);
#6397=PRODUCT_DEFINITION('Component4','Component4',#6403,#6392);
#6398=PRODUCT_DEFINITION('PN-EN ISO 7380-2 - M3 x 20 Steel 4.6 Plain',
'Hexagon Socket Button Head Screw With Collar PN-EN ISO 7380-2 - M3 x 
20 Steel 4.6 Plain v1',#6404,#6392);
#6399=PRODUCT_DEFINITION_FORMATION('',$,#6414);
#6400=PRODUCT_DEFINITION_FORMATION('',$,#6415);
#6401=PRODUCT_DEFINITION_FORMATION('',$,#6416);
#6402=PRODUCT_DEFINITION_FORMATION('',$,#6417);
#6403=PRODUCT_DEFINITION_FORMATION('',$,#6418);
#6404=PRODUCT_DEFINITION_FORMATION('',$,#6419);
#6405=PRODUCT_RELATED_PRODUCT_CATEGORY('HackPad v10','HackPad v10',(#6414));
#6406=PRODUCT_RELATED_PRODUCT_CATEGORY(
'PinHeader_1x06_P2.54mm_Vertical','PinHeader_1x06_P2.54mm_Vertical',(#6415));
#6407=PRODUCT_RELATED_PRODUCT_CATEGORY(
'FanPinHeader_1x03_P2.54mm_Vertical',
'FanPinHeader_1x03_P2.54mm_Vertical',(#6416));
#6408=PRODUCT_RELATED_PRODUCT_CATEGORY('HackPad pt2_PCB',
'HackPad pt2_PCB',(#6417));
#6409=PRODUCT_RELATED_PRODUCT_CATEGORY('Component4','Component4',(#6418));
#6410=PRODUCT_RELATED_PRODUCT_CATEGORY(
'Hexagon Socket Button Head Screw With Collar PN-EN ISO 7380-2 - M3 x 
20 Steel 4.6 Plain v1',
'Hexagon Socket Button Head Screw With Collar PN-EN ISO 7380-2 - M3 x 
20 Steel 4.6 Plain v1',(#6419));
#6411=APPLICATION_PROTOCOL_DEFINITION('international standard',
'automotive_design',2009,#6412);
#6412=APPLICATION_CONTEXT(
'Core Data for Automotive Mechanical Design Process');
#6413=PRODUCT_CONTEXT('part definition',#6412,'mechanical');
#6414=PRODUCT('HackPad 1','HackPad v10','KiCad electronic assembly',(#6413));
#6415=PRODUCT('PinHeader_1x06_P2.54mm_Vertical',
'PinHeader_1x06_P2.54mm_Vertical',$,(#6413));
#6416=PRODUCT('FanPinHeader_1x03_P2.54mm_Vertical',
'FanPinHeader_1x03_P2.54mm_Vertical',$,(#6413));
#6417=PRODUCT('HackPad pt2_PCB','HackPad pt2_PCB',$,(#6413));
#6418=PRODUCT('Component4','Component4',$,(#6413));
#6419=PRODUCT('PN-EN ISO 7380-2 - M3 x 20 Steel 4.6 Plain',
'Hexagon Socket Button Head Screw With Collar PN-EN ISO 7380-2 - M3 x 
20 Steel 4.6 Plain v1',
'Hexagon Socket Button Head Screw With Collar PN-EN ISO 7380-2 - M3 x 
20',(#6413));
#6420=PRESENTATION_STYLE_ASSIGNMENT((#6422));
#6421=PRESENTATION_STYLE_ASSIGNMENT((#6423));
#6422=SURFACE_STYLE_USAGE(.BOTH.,#6424);
#6423=SURFACE_STYLE_USAGE(.BOTH.,#6425);
#6424=SURFACE_SIDE_STYLE('',(#6426));
#6425=SURFACE_SIDE_STYLE('',(#6427));
#6426=SURFACE_STYLE_FILL_AREA(#6428);
#6427=SURFACE_STYLE_FILL_AREA(#6429);
#6428=FILL_AREA_STYLE(
'PA 12 - PA 2200 - 120\X\B5m - Balance (with EOS 3D printers)',(#6430));
#6429=FILL_AREA_STYLE('Paek (Beige)',(#6431));
#6430=FILL_AREA_STYLE_COLOUR(
'PA 12 - PA 2200 - 120\X\B5m - Balance (with EOS 3D printers)',#6432);
#6431=FILL_AREA_STYLE_COLOUR('Paek (Beige)',#6433);
#6432=COLOUR_RGB(
'PA 12 - PA 2200 - 120\X\B5m - Balance (with EOS 3D printers)',0.964705882352941,
0.964705882352941,0.952941176470588);
#6433=COLOUR_RGB('Paek (Beige)',0.898039215686275,0.792156862745098,0.619607843137255);
ENDSEC;
END-ISO-10303-21;
